id,titulo,url,contenido,imagen,fuente,fecha,categoriaId,categoriaNombre,categoriaColor
cmgg3w9uq01uo13ghiza6jyds,"Miguel Ángel Russo, entrenador de Boca Juniors, en grave estado de salud",https://rpp.pe/deportes/futbol/miguel-angel-russo-entrenador-de-boca-juniors-en-grave-estado-de-salud-noticia-123460#1759814130913-zmkd83b2l,"El entrenador de Boca Juniors, Miguel Ángel Russo, se encuentra en grave estado de salud y fue internado en un centro médico. El club emitió un comunicado informando sobre su situación.",,RPP Noticias,2025-10-07T05:15:30.914Z,cmgg1fs0f0007112gev7odmxo,Salud,#10B981
cmgg3w9up01um13ghrhw8bj0u,Crisis sanitaria en Brasil: lo que se sabe de la intoxicación masiva por metanol,https://rpp.pe/mundo/latinoamerica/crisis-sanitaria-en-brasil-lo-que-se-sabe-de-la-intoxicacion-masiva-por-metanol-noticia-123459#1759814130913-00kppzmg1,Las autoridades brasileñas investigan una intoxicación masiva por metanol que ha causado muertes y la caída del consumo de alcohol en el país. Se han reportado varios casos en diferentes estados.,,RPP Noticias,2025-10-07T05:15:30.913Z,cmgg1fs0c0003112g7epw4vrz,Deportes,#F59E0B
cmgg3w9un01ui13gh3ofqgjvb,Con caras nuevas: Selección Peruana empezó sus entrenamientos pensando en duelo ante Chile,https://rpp.pe/deportes/futbol/con-caras-nuevas-seleccion-peruana-empezo-sus-entrenamientos-pensando-en-duelo-ante-chile-noticia-123457#1759814130911-u0lg8mtie,"Con la presencia de 20 futbolistas, la Selección Peruana empezó sus entrenamientos en La Videna FPF con miras al partido amistoso ante Chile. Felipe Chávez de Bayern Munich dijo presente.",,RPP Noticias,2025-10-07T05:15:30.912Z,cmgg1fs0c0003112g7epw4vrz,Deportes,#F59E0B
cmgg3w9um01ug13gh1fzdivkh,Dirigentes transportistas acuerdan no continuar con el paro tras reunión con ministros,https://rpp.pe/politica/actualidad/dirigentes-transportistas-acuerdan-no-continuar-con-el-paro-tras-reunion-con-ministros-noticia-123456#1759814130910-7ecxtq502,"Los representantes del sector sostuvieron una reunión con el jefe del Gabinete Ministerial, Eduardo Arana, y otros ministros en la que acordaron, entre otros puntos, la instalación de una mesa de trabajo.",,RPP Noticias,2025-10-07T05:15:30.911Z,cmgg1fs0b0001112g2lb2odtv,Política,#DC2626
cmgg3w9ui01uc13ghgzn78bo3,Medio ambiente: Proyecto de conservación en la Amazonía peruana,https://www.radionacional.gob.pe/medio-ambiente/proyecto-de-conservacion-en-la-amazonia-peruana#1759814130906-dy0j7xhez,Se lanza un nuevo proyecto de conservación en la Amazonía peruana que busca proteger la biodiversidad y promover el desarrollo sostenible en las comunidades locales.,,Radio Nacional del Perú,2025-10-07T05:15:30.906Z,cmgg1fs0g000a112g93a1z2i9,Medio Ambiente,#22C55E
cmgg3w9uh01ua13gh0gmtl0f5,Educación: Nuevas tecnologías llegan a escuelas rurales,https://www.radionacional.gob.pe/educacion/nuevas-tecnologias-llegan-a-escuelas-rurales#1759814130905-6tzqeafjl,"El Ministerio de Educación implementa programas de tecnología educativa en escuelas rurales, llevando internet y equipos informáticos a comunidades alejadas para mejorar la calidad educativa.",,Radio Nacional del Perú,2025-10-07T05:15:30.905Z,cmgg1fs0f0008112gsse5oyp2,Sociedad,#F97316
cmgg3w9uf01u813ghlpkjmwrl,Ministerio de Salud reporta avances en campaña de vacunación,https://www.radionacional.gob.pe/salud/ministerio-de-salud-reporta-avances-en-campana-de-vacunacion#1759814130903-d6jxzwl34,"El Ministerio de Salud informó sobre los avances en la campaña de vacunación contra diversas enfermedades, alcanzando importantes coberturas en las regiones más vulnerables del país.",,Radio Nacional del Perú,2025-10-07T05:15:30.904Z,cmgg1fs0f0007112gev7odmxo,Salud,#10B981
cmgg3w9ue01u613ghwd5mhvdm,Cultura peruana celebra el Día Internacional de la Lengua Materna,https://www.radionacional.gob.pe/cultura/cultura-peruana-celebra-el-dia-internacional-de-la-lengua-materna#1759814130901-fzwglcuyt,"Diversas actividades culturales se realizan en todo el país para conmemorar el Día Internacional de la Lengua Materna, destacando la importancia de preservar las lenguas originarias del Perú.",,Radio Nacional del Perú,2025-10-07T05:15:30.902Z,cmgg1fs0b0000112g1dwxzwzw,Actualidad,#3B82F6
cmgg3w9ub01u413ghg275qoai,Gobierno anuncia nuevas medidas económicas para reactivar el país,https://www.radionacional.gob.pe/economia/gobierno-anuncia-nuevas-medidas-economicas-para-reactivar-el-pais#1759814130898-j5xdg0qvn,"El Ministerio de Economía y Finanzas presentó un paquete de medidas destinadas a impulsar la reactivación económica del país, incluyendo incentivos fiscales y programas de apoyo a las pequeñas empresas.",,Radio Nacional del Perú,2025-10-07T05:15:30.899Z,cmgg1fs0c0002112gtz9dd9xz,Economía,#059669
cmgg3w8dd01sm13ghy1vpoe12,Crisis sanitaria en Brasil: lo que se sabe de la intoxicación masiva por metanol,https://rpp.pe/mundo/latinoamerica/crisis-sanitaria-en-brasil-lo-que-se-sabe-de-la-intoxicacion-masiva-por-metanol-noticia-123459#1759814128993-mzlp24dpe,Las autoridades brasileñas investigan una intoxicación masiva por metanol que ha causado muertes y la caída del consumo de alcohol en el país. Se han reportado varios casos en diferentes estados.,,RPP Noticias,2025-10-07T05:15:28.994Z,cmgg1fs0c0003112g7epw4vrz,Deportes,#F59E0B
cmgg3w8de01so13gh45ywnhw5,"Miguel Ángel Russo, entrenador de Boca Juniors, en grave estado de salud",https://rpp.pe/deportes/futbol/miguel-angel-russo-entrenador-de-boca-juniors-en-grave-estado-de-salud-noticia-123460#1759814128994-zfu59cc23,"El entrenador de Boca Juniors, Miguel Ángel Russo, se encuentra en grave estado de salud y fue internado en un centro médico. El club emitió un comunicado informando sobre su situación.",,RPP Noticias,2025-10-07T05:15:28.994Z,cmgg1fs0f0007112gev7odmxo,Salud,#10B981
cmgg3w8dc01si13ghbzikneun,Con caras nuevas: Selección Peruana empezó sus entrenamientos pensando en duelo ante Chile,https://rpp.pe/deportes/futbol/con-caras-nuevas-seleccion-peruana-empezo-sus-entrenamientos-pensando-en-duelo-ante-chile-noticia-123457#1759814128991-xr5uuhili,"Con la presencia de 20 futbolistas, la Selección Peruana empezó sus entrenamientos en La Videna FPF con miras al partido amistoso ante Chile. Felipe Chávez de Bayern Munich dijo presente.",,RPP Noticias,2025-10-07T05:15:28.992Z,cmgg1fs0c0003112g7epw4vrz,Deportes,#F59E0B
cmgg3w8db01sg13gh80o01p8k,Dirigentes transportistas acuerdan no continuar con el paro tras reunión con ministros,https://rpp.pe/politica/actualidad/dirigentes-transportistas-acuerdan-no-continuar-con-el-paro-tras-reunion-con-ministros-noticia-123456#1759814128991-ivw0cqxui,"Los representantes del sector sostuvieron una reunión con el jefe del Gabinete Ministerial, Eduardo Arana, y otros ministros en la que acordaron, entre otros puntos, la instalación de una mesa de trabajo.",,RPP Noticias,2025-10-07T05:15:28.991Z,cmgg1fs0b0001112g2lb2odtv,Política,#DC2626
cmgg3w8d601sc13gh38whqvr5,Medio ambiente: Proyecto de conservación en la Amazonía peruana,https://www.radionacional.gob.pe/medio-ambiente/proyecto-de-conservacion-en-la-amazonia-peruana#1759814128986-hp28coon0,Se lanza un nuevo proyecto de conservación en la Amazonía peruana que busca proteger la biodiversidad y promover el desarrollo sostenible en las comunidades locales.,,Radio Nacional del Perú,2025-10-07T05:15:28.987Z,cmgg1fs0g000a112g93a1z2i9,Medio Ambiente,#22C55E
cmgg3w8d501sa13gha3mrh0ch,Educación: Nuevas tecnologías llegan a escuelas rurales,https://www.radionacional.gob.pe/educacion/nuevas-tecnologias-llegan-a-escuelas-rurales#1759814128985-b87u4myxo,"El Ministerio de Educación implementa programas de tecnología educativa en escuelas rurales, llevando internet y equipos informáticos a comunidades alejadas para mejorar la calidad educativa.",,Radio Nacional del Perú,2025-10-07T05:15:28.986Z,cmgg1fs0f0008112gsse5oyp2,Sociedad,#F97316
cmgg3w8d401s813gh26mzmbg6,Ministerio de Salud reporta avances en campaña de vacunación,https://www.radionacional.gob.pe/salud/ministerio-de-salud-reporta-avances-en-campana-de-vacunacion#1759814128984-iv2juouxh,"El Ministerio de Salud informó sobre los avances en la campaña de vacunación contra diversas enfermedades, alcanzando importantes coberturas en las regiones más vulnerables del país.",,Radio Nacional del Perú,2025-10-07T05:15:28.985Z,cmgg1fs0f0007112gev7odmxo,Salud,#10B981
cmgg3w8d301s613ghpj138jc0,Cultura peruana celebra el Día Internacional de la Lengua Materna,https://www.radionacional.gob.pe/cultura/cultura-peruana-celebra-el-dia-internacional-de-la-lengua-materna#1759814128983-l0cdxirue,"Diversas actividades culturales se realizan en todo el país para conmemorar el Día Internacional de la Lengua Materna, destacando la importancia de preservar las lenguas originarias del Perú.",,Radio Nacional del Perú,2025-10-07T05:15:28.984Z,cmgg1fs0b0000112g1dwxzwzw,Actualidad,#3B82F6
cmgg3w8d101s413gh3l6uw9uq,Gobierno anuncia nuevas medidas económicas para reactivar el país,https://www.radionacional.gob.pe/economia/gobierno-anuncia-nuevas-medidas-economicas-para-reactivar-el-pais#1759814128980-8se0qq0nh,"El Ministerio de Economía y Finanzas presentó un paquete de medidas destinadas a impulsar la reactivación económica del país, incluyendo incentivos fiscales y programas de apoyo a las pequeñas empresas.",,Radio Nacional del Perú,2025-10-07T05:15:28.981Z,cmgg1fs0c0002112gtz9dd9xz,Economía,#059669
cmgg3w69z01qo13ghyed7m05z,"Miguel Ángel Russo, entrenador de Boca Juniors, en grave estado de salud",https://rpp.pe/deportes/futbol/miguel-angel-russo-entrenador-de-boca-juniors-en-grave-estado-de-salud-noticia-123460#1759814126279-dqovumr1r,"El entrenador de Boca Juniors, Miguel Ángel Russo, se encuentra en grave estado de salud y fue internado en un centro médico. El club emitió un comunicado informando sobre su situación.",,RPP Noticias,2025-10-07T05:15:26.280Z,cmgg1fs0f0007112gev7odmxo,Salud,#10B981
cmgg3w69y01qm13gh86mkf4hf,Crisis sanitaria en Brasil: lo que se sabe de la intoxicación masiva por metanol,https://rpp.pe/mundo/latinoamerica/crisis-sanitaria-en-brasil-lo-que-se-sabe-de-la-intoxicacion-masiva-por-metanol-noticia-123459#1759814126278-qkywmej9j,Las autoridades brasileñas investigan una intoxicación masiva por metanol que ha causado muertes y la caída del consumo de alcohol en el país. Se han reportado varios casos en diferentes estados.,,RPP Noticias,2025-10-07T05:15:26.279Z,cmgg1fs0c0003112g7epw4vrz,Deportes,#F59E0B
cmgg3w69w01qg13ghe56er5fg,Dirigentes transportistas acuerdan no continuar con el paro tras reunión con ministros,https://rpp.pe/politica/actualidad/dirigentes-transportistas-acuerdan-no-continuar-con-el-paro-tras-reunion-con-ministros-noticia-123456#1759814126276-x9dn89l6v,"Los representantes del sector sostuvieron una reunión con el jefe del Gabinete Ministerial, Eduardo Arana, y otros ministros en la que acordaron, entre otros puntos, la instalación de una mesa de trabajo.",,RPP Noticias,2025-10-07T05:15:26.277Z,cmgg1fs0b0001112g2lb2odtv,Política,#DC2626
cmgg3w69x01qi13ghbtkoxkz3,Con caras nuevas: Selección Peruana empezó sus entrenamientos pensando en duelo ante Chile,https://rpp.pe/deportes/futbol/con-caras-nuevas-seleccion-peruana-empezo-sus-entrenamientos-pensando-en-duelo-ante-chile-noticia-123457#1759814126277-69uyxfiro,"Con la presencia de 20 futbolistas, la Selección Peruana empezó sus entrenamientos en La Videna FPF con miras al partido amistoso ante Chile. Felipe Chávez de Bayern Munich dijo presente.",,RPP Noticias,2025-10-07T05:15:26.277Z,cmgg1fs0c0003112g7epw4vrz,Deportes,#F59E0B
cmgg3w69r01qc13gh7ktg1956,Medio ambiente: Proyecto de conservación en la Amazonía peruana,https://www.radionacional.gob.pe/medio-ambiente/proyecto-de-conservacion-en-la-amazonia-peruana#1759814126271-5t6a71qmb,Se lanza un nuevo proyecto de conservación en la Amazonía peruana que busca proteger la biodiversidad y promover el desarrollo sostenible en las comunidades locales.,,Radio Nacional del Perú,2025-10-07T05:15:26.272Z,cmgg1fs0g000a112g93a1z2i9,Medio Ambiente,#22C55E
cmgg3w69q01qa13gh9olqlofc,Educación: Nuevas tecnologías llegan a escuelas rurales,https://www.radionacional.gob.pe/educacion/nuevas-tecnologias-llegan-a-escuelas-rurales#1759814126270-62bt3kge9,"El Ministerio de Educación implementa programas de tecnología educativa en escuelas rurales, llevando internet y equipos informáticos a comunidades alejadas para mejorar la calidad educativa.",,Radio Nacional del Perú,2025-10-07T05:15:26.271Z,cmgg1fs0f0008112gsse5oyp2,Sociedad,#F97316
cmgg3w69p01q813ghpopovye5,Ministerio de Salud reporta avances en campaña de vacunación,https://www.radionacional.gob.pe/salud/ministerio-de-salud-reporta-avances-en-campana-de-vacunacion#1759814126269-6r6iun559,"El Ministerio de Salud informó sobre los avances en la campaña de vacunación contra diversas enfermedades, alcanzando importantes coberturas en las regiones más vulnerables del país.",,Radio Nacional del Perú,2025-10-07T05:15:26.270Z,cmgg1fs0f0007112gev7odmxo,Salud,#10B981
cmgg3w69o01q613ghckfftsx5,Cultura peruana celebra el Día Internacional de la Lengua Materna,https://www.radionacional.gob.pe/cultura/cultura-peruana-celebra-el-dia-internacional-de-la-lengua-materna#1759814126268-slapzj63s,"Diversas actividades culturales se realizan en todo el país para conmemorar el Día Internacional de la Lengua Materna, destacando la importancia de preservar las lenguas originarias del Perú.",,Radio Nacional del Perú,2025-10-07T05:15:26.268Z,cmgg1fs0b0000112g1dwxzwzw,Actualidad,#3B82F6
cmgg3w69l01q413ghhmcxyuea,Gobierno anuncia nuevas medidas económicas para reactivar el país,https://www.radionacional.gob.pe/economia/gobierno-anuncia-nuevas-medidas-economicas-para-reactivar-el-pais#1759814126265-2yyre5ppl,"El Ministerio de Economía y Finanzas presentó un paquete de medidas destinadas a impulsar la reactivación económica del país, incluyendo incentivos fiscales y programas de apoyo a las pequeñas empresas.",,Radio Nacional del Perú,2025-10-07T05:15:26.266Z,cmgg1fs0c0002112gtz9dd9xz,Economía,#059669
cmgg3w4zo01om13ghh8d19n2i,Crisis sanitaria en Brasil: lo que se sabe de la intoxicación masiva por metanol,https://rpp.pe/mundo/latinoamerica/crisis-sanitaria-en-brasil-lo-que-se-sabe-de-la-intoxicacion-masiva-por-metanol-noticia-123459#1759814124612-ohu2cm6vr,Las autoridades brasileñas investigan una intoxicación masiva por metanol que ha causado muertes y la caída del consumo de alcohol en el país. Se han reportado varios casos en diferentes estados.,,RPP Noticias,2025-10-07T05:15:24.613Z,cmgg1fs0c0003112g7epw4vrz,Deportes,#F59E0B
cmgg3w4zp01oo13gh4wnlaqw5,"Miguel Ángel Russo, entrenador de Boca Juniors, en grave estado de salud",https://rpp.pe/deportes/futbol/miguel-angel-russo-entrenador-de-boca-juniors-en-grave-estado-de-salud-noticia-123460#1759814124613-7l1pozfm0,"El entrenador de Boca Juniors, Miguel Ángel Russo, se encuentra en grave estado de salud y fue internado en un centro médico. El club emitió un comunicado informando sobre su situación.",,RPP Noticias,2025-10-07T05:15:24.613Z,cmgg1fs0f0007112gev7odmxo,Salud,#10B981
cmgg3w4zn01oi13gh7op7an4s,Con caras nuevas: Selección Peruana empezó sus entrenamientos pensando en duelo ante Chile,https://rpp.pe/deportes/futbol/con-caras-nuevas-seleccion-peruana-empezo-sus-entrenamientos-pensando-en-duelo-ante-chile-noticia-123457#1759814124611-bz45ppkw8,"Con la presencia de 20 futbolistas, la Selección Peruana empezó sus entrenamientos en La Videna FPF con miras al partido amistoso ante Chile. Felipe Chávez de Bayern Munich dijo presente.",,RPP Noticias,2025-10-07T05:15:24.611Z,cmgg1fs0c0003112g7epw4vrz,Deportes,#F59E0B
cmgg3w4zm01og13gho16h7lt4,Dirigentes transportistas acuerdan no continuar con el paro tras reunión con ministros,https://rpp.pe/politica/actualidad/dirigentes-transportistas-acuerdan-no-continuar-con-el-paro-tras-reunion-con-ministros-noticia-123456#1759814124610-z5ard992u,"Los representantes del sector sostuvieron una reunión con el jefe del Gabinete Ministerial, Eduardo Arana, y otros ministros en la que acordaron, entre otros puntos, la instalación de una mesa de trabajo.",,RPP Noticias,2025-10-07T05:15:24.610Z,cmgg1fs0b0001112g2lb2odtv,Política,#DC2626
cmgg3w4zi01oc13gh3kkc61vg,Medio ambiente: Proyecto de conservación en la Amazonía peruana,https://www.radionacional.gob.pe/medio-ambiente/proyecto-de-conservacion-en-la-amazonia-peruana#1759814124606-4f9w4n41j,Se lanza un nuevo proyecto de conservación en la Amazonía peruana que busca proteger la biodiversidad y promover el desarrollo sostenible en las comunidades locales.,,Radio Nacional del Perú,2025-10-07T05:15:24.606Z,cmgg1fs0g000a112g93a1z2i9,Medio Ambiente,#22C55E
cmgg3w4zh01oa13gh344d195m,Educación: Nuevas tecnologías llegan a escuelas rurales,https://www.radionacional.gob.pe/educacion/nuevas-tecnologias-llegan-a-escuelas-rurales#1759814124604-vdf11ei5w,"El Ministerio de Educación implementa programas de tecnología educativa en escuelas rurales, llevando internet y equipos informáticos a comunidades alejadas para mejorar la calidad educativa.",,Radio Nacional del Perú,2025-10-07T05:15:24.605Z,cmgg1fs0f0008112gsse5oyp2,Sociedad,#F97316
cmgg3w4zf01o813ghi1xkcvm1,Ministerio de Salud reporta avances en campaña de vacunación,https://www.radionacional.gob.pe/salud/ministerio-de-salud-reporta-avances-en-campana-de-vacunacion#1759814124603-b71czrqn0,"El Ministerio de Salud informó sobre los avances en la campaña de vacunación contra diversas enfermedades, alcanzando importantes coberturas en las regiones más vulnerables del país.",,Radio Nacional del Perú,2025-10-07T05:15:24.604Z,cmgg1fs0f0007112gev7odmxo,Salud,#10B981
cmgg3w4ze01o613gh814x62lb,Cultura peruana celebra el Día Internacional de la Lengua Materna,https://www.radionacional.gob.pe/cultura/cultura-peruana-celebra-el-dia-internacional-de-la-lengua-materna#1759814124602-8wspffgl1,"Diversas actividades culturales se realizan en todo el país para conmemorar el Día Internacional de la Lengua Materna, destacando la importancia de preservar las lenguas originarias del Perú.",,Radio Nacional del Perú,2025-10-07T05:15:24.603Z,cmgg1fs0b0000112g1dwxzwzw,Actualidad,#3B82F6
cmgg3w4zc01o413gh3jyykkmz,Gobierno anuncia nuevas medidas económicas para reactivar el país,https://www.radionacional.gob.pe/economia/gobierno-anuncia-nuevas-medidas-economicas-para-reactivar-el-pais#1759814124599-8zdhq6lag,"El Ministerio de Economía y Finanzas presentó un paquete de medidas destinadas a impulsar la reactivación económica del país, incluyendo incentivos fiscales y programas de apoyo a las pequeñas empresas.",,Radio Nacional del Perú,2025-10-07T05:15:24.600Z,cmgg1fs0c0002112gtz9dd9xz,Economía,#059669
cmgg3w3oa01mo13gh95r3qmqx,"Miguel Ángel Russo, entrenador de Boca Juniors, en grave estado de salud",https://rpp.pe/deportes/futbol/miguel-angel-russo-entrenador-de-boca-juniors-en-grave-estado-de-salud-noticia-123460#1759814122906-mfv2lanej,"El entrenador de Boca Juniors, Miguel Ángel Russo, se encuentra en grave estado de salud y fue internado en un centro médico. El club emitió un comunicado informando sobre su situación.",,RPP Noticias,2025-10-07T05:15:22.907Z,cmgg1fs0f0007112gev7odmxo,Salud,#10B981
cmgg3w3o901mm13ghacy2psqd,Crisis sanitaria en Brasil: lo que se sabe de la intoxicación masiva por metanol,https://rpp.pe/mundo/latinoamerica/crisis-sanitaria-en-brasil-lo-que-se-sabe-de-la-intoxicacion-masiva-por-metanol-noticia-123459#1759814122905-912kvb7c6,Las autoridades brasileñas investigan una intoxicación masiva por metanol que ha causado muertes y la caída del consumo de alcohol en el país. Se han reportado varios casos en diferentes estados.,,RPP Noticias,2025-10-07T05:15:22.906Z,cmgg1fs0c0003112g7epw4vrz,Deportes,#F59E0B
cmgg3w3o801mi13ghdrnodicl,Con caras nuevas: Selección Peruana empezó sus entrenamientos pensando en duelo ante Chile,https://rpp.pe/deportes/futbol/con-caras-nuevas-seleccion-peruana-empezo-sus-entrenamientos-pensando-en-duelo-ante-chile-noticia-123457#1759814122904-j9bvtu4dn,"Con la presencia de 20 futbolistas, la Selección Peruana empezó sus entrenamientos en La Videna FPF con miras al partido amistoso ante Chile. Felipe Chávez de Bayern Munich dijo presente.",,RPP Noticias,2025-10-07T05:15:22.904Z,cmgg1fs0c0003112g7epw4vrz,Deportes,#F59E0B
cmgg3w3o701mg13ghkwp3jmf6,Dirigentes transportistas acuerdan no continuar con el paro tras reunión con ministros,https://rpp.pe/politica/actualidad/dirigentes-transportistas-acuerdan-no-continuar-con-el-paro-tras-reunion-con-ministros-noticia-123456#1759814122903-ucs5xw1e9,"Los representantes del sector sostuvieron una reunión con el jefe del Gabinete Ministerial, Eduardo Arana, y otros ministros en la que acordaron, entre otros puntos, la instalación de una mesa de trabajo.",,RPP Noticias,2025-10-07T05:15:22.903Z,cmgg1fs0b0001112g2lb2odtv,Política,#DC2626
cmgg3w3o201mc13ghbtv5irvk,Medio ambiente: Proyecto de conservación en la Amazonía peruana,https://www.radionacional.gob.pe/medio-ambiente/proyecto-de-conservacion-en-la-amazonia-peruana#1759814122898-j76ktkrow,Se lanza un nuevo proyecto de conservación en la Amazonía peruana que busca proteger la biodiversidad y promover el desarrollo sostenible en las comunidades locales.,,Radio Nacional del Perú,2025-10-07T05:15:22.899Z,cmgg1fs0g000a112g93a1z2i9,Medio Ambiente,#22C55E
cmgg3w3o101ma13gh5btnuee5,Educación: Nuevas tecnologías llegan a escuelas rurales,https://www.radionacional.gob.pe/educacion/nuevas-tecnologias-llegan-a-escuelas-rurales#1759814122897-obkcsbtmq,"El Ministerio de Educación implementa programas de tecnología educativa en escuelas rurales, llevando internet y equipos informáticos a comunidades alejadas para mejorar la calidad educativa.",,Radio Nacional del Perú,2025-10-07T05:15:22.897Z,cmgg1fs0f0008112gsse5oyp2,Sociedad,#F97316
cmgg3w3o001m813gh6lkaoiua,Ministerio de Salud reporta avances en campaña de vacunación,https://www.radionacional.gob.pe/salud/ministerio-de-salud-reporta-avances-en-campana-de-vacunacion#1759814122896-n3n7isbg7,"El Ministerio de Salud informó sobre los avances en la campaña de vacunación contra diversas enfermedades, alcanzando importantes coberturas en las regiones más vulnerables del país.",,Radio Nacional del Perú,2025-10-07T05:15:22.896Z,cmgg1fs0f0007112gev7odmxo,Salud,#10B981
cmgg3w3nz01m613ghomjp2udg,Cultura peruana celebra el Día Internacional de la Lengua Materna,https://www.radionacional.gob.pe/cultura/cultura-peruana-celebra-el-dia-internacional-de-la-lengua-materna#1759814122894-phaosoalp,"Diversas actividades culturales se realizan en todo el país para conmemorar el Día Internacional de la Lengua Materna, destacando la importancia de preservar las lenguas originarias del Perú.",,Radio Nacional del Perú,2025-10-07T05:15:22.895Z,cmgg1fs0b0000112g1dwxzwzw,Actualidad,#3B82F6
cmgg3w3nx01m413ghpubuwnu2,Gobierno anuncia nuevas medidas económicas para reactivar el país,https://www.radionacional.gob.pe/economia/gobierno-anuncia-nuevas-medidas-economicas-para-reactivar-el-pais#1759814122892-haxax56jh,"El Ministerio de Economía y Finanzas presentó un paquete de medidas destinadas a impulsar la reactivación económica del país, incluyendo incentivos fiscales y programas de apoyo a las pequeñas empresas.",,Radio Nacional del Perú,2025-10-07T05:15:22.893Z,cmgg1fs0c0002112gtz9dd9xz,Economía,#059669
cmgg3w2b601ko13gh5zlfm13b,"Miguel Ángel Russo, entrenador de Boca Juniors, en grave estado de salud",https://rpp.pe/deportes/futbol/miguel-angel-russo-entrenador-de-boca-juniors-en-grave-estado-de-salud-noticia-123460#1759814121138-ddpmx568v,"El entrenador de Boca Juniors, Miguel Ángel Russo, se encuentra en grave estado de salud y fue internado en un centro médico. El club emitió un comunicado informando sobre su situación.",,RPP Noticias,2025-10-07T05:15:21.139Z,cmgg1fs0f0007112gev7odmxo,Salud,#10B981
cmgg3w2b601km13ghmn307cik,Crisis sanitaria en Brasil: lo que se sabe de la intoxicación masiva por metanol,https://rpp.pe/mundo/latinoamerica/crisis-sanitaria-en-brasil-lo-que-se-sabe-de-la-intoxicacion-masiva-por-metanol-noticia-123459#1759814121138-ajfzchxg8,Las autoridades brasileñas investigan una intoxicación masiva por metanol que ha causado muertes y la caída del consumo de alcohol en el país. Se han reportado varios casos en diferentes estados.,,RPP Noticias,2025-10-07T05:15:21.138Z,cmgg1fs0c0003112g7epw4vrz,Deportes,#F59E0B
cmgg3w2b401ki13ghmx5lsl3m,Con caras nuevas: Selección Peruana empezó sus entrenamientos pensando en duelo ante Chile,https://rpp.pe/deportes/futbol/con-caras-nuevas-seleccion-peruana-empezo-sus-entrenamientos-pensando-en-duelo-ante-chile-noticia-123457#1759814121136-5xim51y4j,"Con la presencia de 20 futbolistas, la Selección Peruana empezó sus entrenamientos en La Videna FPF con miras al partido amistoso ante Chile. Felipe Chávez de Bayern Munich dijo presente.",,RPP Noticias,2025-10-07T05:15:21.137Z,cmgg1fs0c0003112g7epw4vrz,Deportes,#F59E0B
cmgg3w2b301kg13ghea55h3pl,Dirigentes transportistas acuerdan no continuar con el paro tras reunión con ministros,https://rpp.pe/politica/actualidad/dirigentes-transportistas-acuerdan-no-continuar-con-el-paro-tras-reunion-con-ministros-noticia-123456#1759814121135-xt20x3yfc,"Los representantes del sector sostuvieron una reunión con el jefe del Gabinete Ministerial, Eduardo Arana, y otros ministros en la que acordaron, entre otros puntos, la instalación de una mesa de trabajo.",,RPP Noticias,2025-10-07T05:15:21.136Z,cmgg1fs0b0001112g2lb2odtv,Política,#DC2626
cmgg3w2ay01ka13ghzx369xac,Educación: Nuevas tecnologías llegan a escuelas rurales,https://www.radionacional.gob.pe/educacion/nuevas-tecnologias-llegan-a-escuelas-rurales#1759814121130-kzper5mpl,"El Ministerio de Educación implementa programas de tecnología educativa en escuelas rurales, llevando internet y equipos informáticos a comunidades alejadas para mejorar la calidad educativa.",,Radio Nacional del Perú,2025-10-07T05:15:21.131Z,cmgg1fs0f0008112gsse5oyp2,Sociedad,#F97316
cmgg3w2az01kc13ghwgzus37t,Medio ambiente: Proyecto de conservación en la Amazonía peruana,https://www.radionacional.gob.pe/medio-ambiente/proyecto-de-conservacion-en-la-amazonia-peruana#1759814121131-yfdnf5o16,Se lanza un nuevo proyecto de conservación en la Amazonía peruana que busca proteger la biodiversidad y promover el desarrollo sostenible en las comunidades locales.,,Radio Nacional del Perú,2025-10-07T05:15:21.131Z,cmgg1fs0g000a112g93a1z2i9,Medio Ambiente,#22C55E
cmgg3w2ax01k813ghr6e8252n,Ministerio de Salud reporta avances en campaña de vacunación,https://www.radionacional.gob.pe/salud/ministerio-de-salud-reporta-avances-en-campana-de-vacunacion#1759814121129-jsggj8iy5,"El Ministerio de Salud informó sobre los avances en la campaña de vacunación contra diversas enfermedades, alcanzando importantes coberturas en las regiones más vulnerables del país.",,Radio Nacional del Perú,2025-10-07T05:15:21.129Z,cmgg1fs0f0007112gev7odmxo,Salud,#10B981
cmgg3w2av01k613ghqyiiskdp,Cultura peruana celebra el Día Internacional de la Lengua Materna,https://www.radionacional.gob.pe/cultura/cultura-peruana-celebra-el-dia-internacional-de-la-lengua-materna#1759814121127-k5s2p7n4p,"Diversas actividades culturales se realizan en todo el país para conmemorar el Día Internacional de la Lengua Materna, destacando la importancia de preservar las lenguas originarias del Perú.",,Radio Nacional del Perú,2025-10-07T05:15:21.128Z,cmgg1fs0b0000112g1dwxzwzw,Actualidad,#3B82F6
cmgg3w2as01k413gh4ui0550b,Gobierno anuncia nuevas medidas económicas para reactivar el país,https://www.radionacional.gob.pe/economia/gobierno-anuncia-nuevas-medidas-economicas-para-reactivar-el-pais#1759814121124-k9rrs41vt,"El Ministerio de Economía y Finanzas presentó un paquete de medidas destinadas a impulsar la reactivación económica del país, incluyendo incentivos fiscales y programas de apoyo a las pequeñas empresas.",,Radio Nacional del Perú,2025-10-07T05:15:21.125Z,cmgg1fs0c0002112gtz9dd9xz,Economía,#059669
cmgg3vzxs01io13ghe6uro6dq,"Miguel Ángel Russo, entrenador de Boca Juniors, en grave estado de salud",https://rpp.pe/deportes/futbol/miguel-angel-russo-entrenador-de-boca-juniors-en-grave-estado-de-salud-noticia-123460#1759814118064-9hs3tgz9t,"El entrenador de Boca Juniors, Miguel Ángel Russo, se encuentra en grave estado de salud y fue internado en un centro médico. El club emitió un comunicado informando sobre su situación.",,RPP Noticias,2025-10-07T05:15:18.065Z,cmgg1fs0f0007112gev7odmxo,Salud,#10B981
cmgg3vzxr01im13ghvcsq29lf,Crisis sanitaria en Brasil: lo que se sabe de la intoxicación masiva por metanol,https://rpp.pe/mundo/latinoamerica/crisis-sanitaria-en-brasil-lo-que-se-sabe-de-la-intoxicacion-masiva-por-metanol-noticia-123459#1759814118063-bdukv93em,Las autoridades brasileñas investigan una intoxicación masiva por metanol que ha causado muertes y la caída del consumo de alcohol en el país. Se han reportado varios casos en diferentes estados.,,RPP Noticias,2025-10-07T05:15:18.064Z,cmgg1fs0c0003112g7epw4vrz,Deportes,#F59E0B
cmgg3vzxq01ii13ghzrb2yhzo,Con caras nuevas: Selección Peruana empezó sus entrenamientos pensando en duelo ante Chile,https://rpp.pe/deportes/futbol/con-caras-nuevas-seleccion-peruana-empezo-sus-entrenamientos-pensando-en-duelo-ante-chile-noticia-123457#1759814118062-isxyveqoh,"Con la presencia de 20 futbolistas, la Selección Peruana empezó sus entrenamientos en La Videna FPF con miras al partido amistoso ante Chile. Felipe Chávez de Bayern Munich dijo presente.",,RPP Noticias,2025-10-07T05:15:18.062Z,cmgg1fs0c0003112g7epw4vrz,Deportes,#F59E0B
cmgg3vzxp01ig13ghevlpev2c,Dirigentes transportistas acuerdan no continuar con el paro tras reunión con ministros,https://rpp.pe/politica/actualidad/dirigentes-transportistas-acuerdan-no-continuar-con-el-paro-tras-reunion-con-ministros-noticia-123456#1759814118061-nqvf5s608,"Los representantes del sector sostuvieron una reunión con el jefe del Gabinete Ministerial, Eduardo Arana, y otros ministros en la que acordaron, entre otros puntos, la instalación de una mesa de trabajo.",,RPP Noticias,2025-10-07T05:15:18.061Z,cmgg1fs0b0001112g2lb2odtv,Política,#DC2626
cmgg3vzxk01ic13ghj6zk1cc1,Medio ambiente: Proyecto de conservación en la Amazonía peruana,https://www.radionacional.gob.pe/medio-ambiente/proyecto-de-conservacion-en-la-amazonia-peruana#1759814118056-zxw9srqmx,Se lanza un nuevo proyecto de conservación en la Amazonía peruana que busca proteger la biodiversidad y promover el desarrollo sostenible en las comunidades locales.,,Radio Nacional del Perú,2025-10-07T05:15:18.057Z,cmgg1fs0g000a112g93a1z2i9,Medio Ambiente,#22C55E
cmgg3vzxj01ia13ghytz7vyqe,Educación: Nuevas tecnologías llegan a escuelas rurales,https://www.radionacional.gob.pe/educacion/nuevas-tecnologias-llegan-a-escuelas-rurales#1759814118055-k5ggq089h,"El Ministerio de Educación implementa programas de tecnología educativa en escuelas rurales, llevando internet y equipos informáticos a comunidades alejadas para mejorar la calidad educativa.",,Radio Nacional del Perú,2025-10-07T05:15:18.056Z,cmgg1fs0f0008112gsse5oyp2,Sociedad,#F97316
cmgg3vzxi01i813gh4ag1l90z,Ministerio de Salud reporta avances en campaña de vacunación,https://www.radionacional.gob.pe/salud/ministerio-de-salud-reporta-avances-en-campana-de-vacunacion#1759814118054-6it2ybjem,"El Ministerio de Salud informó sobre los avances en la campaña de vacunación contra diversas enfermedades, alcanzando importantes coberturas en las regiones más vulnerables del país.",,Radio Nacional del Perú,2025-10-07T05:15:18.055Z,cmgg1fs0f0007112gev7odmxo,Salud,#10B981
cmgg3vzxg01i613ghkibkqgdx,Cultura peruana celebra el Día Internacional de la Lengua Materna,https://www.radionacional.gob.pe/cultura/cultura-peruana-celebra-el-dia-internacional-de-la-lengua-materna#1759814118052-4ittne0n1,"Diversas actividades culturales se realizan en todo el país para conmemorar el Día Internacional de la Lengua Materna, destacando la importancia de preservar las lenguas originarias del Perú.",,Radio Nacional del Perú,2025-10-07T05:15:18.053Z,cmgg1fs0b0000112g1dwxzwzw,Actualidad,#3B82F6
cmgg3vzxd01i413ghwpbjy9w6,Gobierno anuncia nuevas medidas económicas para reactivar el país,https://www.radionacional.gob.pe/economia/gobierno-anuncia-nuevas-medidas-economicas-para-reactivar-el-pais#1759814118049-of36z9t2e,"El Ministerio de Economía y Finanzas presentó un paquete de medidas destinadas a impulsar la reactivación económica del país, incluyendo incentivos fiscales y programas de apoyo a las pequeñas empresas.",,Radio Nacional del Perú,2025-10-07T05:15:18.049Z,cmgg1fs0c0002112gtz9dd9xz,Economía,#059669
cmgg3vpr601go13ghmmhq00jn,"Miguel Ángel Russo, entrenador de Boca Juniors, en grave estado de salud",https://rpp.pe/deportes/futbol/miguel-angel-russo-entrenador-de-boca-juniors-en-grave-estado-de-salud-noticia-123460#1759814104866-wjgccidm2,"El entrenador de Boca Juniors, Miguel Ángel Russo, se encuentra en grave estado de salud y fue internado en un centro médico. El club emitió un comunicado informando sobre su situación.",,RPP Noticias,2025-10-07T05:15:04.867Z,cmgg1fs0f0007112gev7odmxo,Salud,#10B981
cmgg3vpr601gm13ghhej6vbud,Crisis sanitaria en Brasil: lo que se sabe de la intoxicación masiva por metanol,https://rpp.pe/mundo/latinoamerica/crisis-sanitaria-en-brasil-lo-que-se-sabe-de-la-intoxicacion-masiva-por-metanol-noticia-123459#1759814104865-hv5tn1w12,Las autoridades brasileñas investigan una intoxicación masiva por metanol que ha causado muertes y la caída del consumo de alcohol en el país. Se han reportado varios casos en diferentes estados.,,RPP Noticias,2025-10-07T05:15:04.866Z,cmgg1fs0c0003112g7epw4vrz,Deportes,#F59E0B
cmgg3vpr401gi13ghzwnqulpa,Con caras nuevas: Selección Peruana empezó sus entrenamientos pensando en duelo ante Chile,https://rpp.pe/deportes/futbol/con-caras-nuevas-seleccion-peruana-empezo-sus-entrenamientos-pensando-en-duelo-ante-chile-noticia-123457#1759814104864-j7dpdsurn,"Con la presencia de 20 futbolistas, la Selección Peruana empezó sus entrenamientos en La Videna FPF con miras al partido amistoso ante Chile. Felipe Chávez de Bayern Munich dijo presente.",,RPP Noticias,2025-10-07T05:15:04.865Z,cmgg1fs0c0003112g7epw4vrz,Deportes,#F59E0B
cmgg3vpr301gg13gh7iy2lmlc,Dirigentes transportistas acuerdan no continuar con el paro tras reunión con ministros,https://rpp.pe/politica/actualidad/dirigentes-transportistas-acuerdan-no-continuar-con-el-paro-tras-reunion-con-ministros-noticia-123456#1759814104863-i8kz3fxel,"Los representantes del sector sostuvieron una reunión con el jefe del Gabinete Ministerial, Eduardo Arana, y otros ministros en la que acordaron, entre otros puntos, la instalación de una mesa de trabajo.",,RPP Noticias,2025-10-07T05:15:04.864Z,cmgg1fs0b0001112g2lb2odtv,Política,#DC2626
cmgg3vpr001gc13gha69h1bn7,Medio ambiente: Proyecto de conservación en la Amazonía peruana,https://www.radionacional.gob.pe/medio-ambiente/proyecto-de-conservacion-en-la-amazonia-peruana#1759814104860-u27letp2l,Se lanza un nuevo proyecto de conservación en la Amazonía peruana que busca proteger la biodiversidad y promover el desarrollo sostenible en las comunidades locales.,,Radio Nacional del Perú,2025-10-07T05:15:04.860Z,cmgg1fs0g000a112g93a1z2i9,Medio Ambiente,#22C55E
cmgg3vpqz01ga13gh68nl5j7v,Educación: Nuevas tecnologías llegan a escuelas rurales,https://www.radionacional.gob.pe/educacion/nuevas-tecnologias-llegan-a-escuelas-rurales#1759814104859-kv0l2it1p,"El Ministerio de Educación implementa programas de tecnología educativa en escuelas rurales, llevando internet y equipos informáticos a comunidades alejadas para mejorar la calidad educativa.",,Radio Nacional del Perú,2025-10-07T05:15:04.859Z,cmgg1fs0f0008112gsse5oyp2,Sociedad,#F97316
cmgg3vpqy01g813ghi92dhhay,Ministerio de Salud reporta avances en campaña de vacunación,https://www.radionacional.gob.pe/salud/ministerio-de-salud-reporta-avances-en-campana-de-vacunacion#1759814104857-tc2x541eb,"El Ministerio de Salud informó sobre los avances en la campaña de vacunación contra diversas enfermedades, alcanzando importantes coberturas en las regiones más vulnerables del país.",,Radio Nacional del Perú,2025-10-07T05:15:04.858Z,cmgg1fs0f0007112gev7odmxo,Salud,#10B981
cmgg3vpqw01g613ghy6h6tuyc,Cultura peruana celebra el Día Internacional de la Lengua Materna,https://www.radionacional.gob.pe/cultura/cultura-peruana-celebra-el-dia-internacional-de-la-lengua-materna#1759814104856-7cfqxkem6,"Diversas actividades culturales se realizan en todo el país para conmemorar el Día Internacional de la Lengua Materna, destacando la importancia de preservar las lenguas originarias del Perú.",,Radio Nacional del Perú,2025-10-07T05:15:04.857Z,cmgg1fs0b0000112g1dwxzwzw,Actualidad,#3B82F6
cmgg3vpqu01g413ghd6yxjpyo,Gobierno anuncia nuevas medidas económicas para reactivar el país,https://www.radionacional.gob.pe/economia/gobierno-anuncia-nuevas-medidas-economicas-para-reactivar-el-pais#1759814104854-tuzcrhx81,"El Ministerio de Economía y Finanzas presentó un paquete de medidas destinadas a impulsar la reactivación económica del país, incluyendo incentivos fiscales y programas de apoyo a las pequeñas empresas.",,Radio Nacional del Perú,2025-10-07T05:15:04.855Z,cmgg1fs0c0002112gtz9dd9xz,Economía,#059669
cmgg3v7ys01eo13ghtkevmt0h,"Miguel Ángel Russo, entrenador de Boca Juniors, en grave estado de salud",https://rpp.pe/deportes/futbol/miguel-angel-russo-entrenador-de-boca-juniors-en-grave-estado-de-salud-noticia-123460#1759814081812-dl9zan79w,"El entrenador de Boca Juniors, Miguel Ángel Russo, se encuentra en grave estado de salud y fue internado en un centro médico. El club emitió un comunicado informando sobre su situación.",,RPP Noticias,2025-10-07T05:14:41.813Z,cmgg1fs0f0007112gev7odmxo,Salud,#10B981
cmgg3v7ys01em13ghzvh7mlbr,Crisis sanitaria en Brasil: lo que se sabe de la intoxicación masiva por metanol,https://rpp.pe/mundo/latinoamerica/crisis-sanitaria-en-brasil-lo-que-se-sabe-de-la-intoxicacion-masiva-por-metanol-noticia-123459#1759814081812-xsqzwg066,Las autoridades brasileñas investigan una intoxicación masiva por metanol que ha causado muertes y la caída del consumo de alcohol en el país. Se han reportado varios casos en diferentes estados.,,RPP Noticias,2025-10-07T05:14:41.812Z,cmgg1fs0c0003112g7epw4vrz,Deportes,#F59E0B
cmgg3v7yr01ei13ghp38tghzt,Con caras nuevas: Selección Peruana empezó sus entrenamientos pensando en duelo ante Chile,https://rpp.pe/deportes/futbol/con-caras-nuevas-seleccion-peruana-empezo-sus-entrenamientos-pensando-en-duelo-ante-chile-noticia-123457#1759814081811-bg4zv1vqz,"Con la presencia de 20 futbolistas, la Selección Peruana empezó sus entrenamientos en La Videna FPF con miras al partido amistoso ante Chile. Felipe Chávez de Bayern Munich dijo presente.",,RPP Noticias,2025-10-07T05:14:41.811Z,cmgg1fs0c0003112g7epw4vrz,Deportes,#F59E0B
cmgg3v7yq01eg13ghw1q8pe51,Dirigentes transportistas acuerdan no continuar con el paro tras reunión con ministros,https://rpp.pe/politica/actualidad/dirigentes-transportistas-acuerdan-no-continuar-con-el-paro-tras-reunion-con-ministros-noticia-123456#1759814081810-b4vaz0hvi,"Los representantes del sector sostuvieron una reunión con el jefe del Gabinete Ministerial, Eduardo Arana, y otros ministros en la que acordaron, entre otros puntos, la instalación de una mesa de trabajo.",,RPP Noticias,2025-10-07T05:14:41.810Z,cmgg1fs0b0001112g2lb2odtv,Política,#DC2626
cmgg3v7ym01ea13ghloi9hndk,Educación: Nuevas tecnologías llegan a escuelas rurales,https://www.radionacional.gob.pe/educacion/nuevas-tecnologias-llegan-a-escuelas-rurales#1759814081806-hw5tlro2i,"El Ministerio de Educación implementa programas de tecnología educativa en escuelas rurales, llevando internet y equipos informáticos a comunidades alejadas para mejorar la calidad educativa.",,Radio Nacional del Perú,2025-10-07T05:14:41.807Z,cmgg1fs0f0008112gsse5oyp2,Sociedad,#F97316
cmgg3v7yn01ec13ghps3w8qsc,Medio ambiente: Proyecto de conservación en la Amazonía peruana,https://www.radionacional.gob.pe/medio-ambiente/proyecto-de-conservacion-en-la-amazonia-peruana#1759814081807-8l721klni,Se lanza un nuevo proyecto de conservación en la Amazonía peruana que busca proteger la biodiversidad y promover el desarrollo sostenible en las comunidades locales.,,Radio Nacional del Perú,2025-10-07T05:14:41.807Z,cmgg1fs0g000a112g93a1z2i9,Medio Ambiente,#22C55E
cmgg3v7yl01e813ghxgvjcfo2,Ministerio de Salud reporta avances en campaña de vacunación,https://www.radionacional.gob.pe/salud/ministerio-de-salud-reporta-avances-en-campana-de-vacunacion#1759814081805-5oxk4g6s8,"El Ministerio de Salud informó sobre los avances en la campaña de vacunación contra diversas enfermedades, alcanzando importantes coberturas en las regiones más vulnerables del país.",,Radio Nacional del Perú,2025-10-07T05:14:41.806Z,cmgg1fs0f0007112gev7odmxo,Salud,#10B981
cmgg3v7yk01e613ghjzhwgkkz,Cultura peruana celebra el Día Internacional de la Lengua Materna,https://www.radionacional.gob.pe/cultura/cultura-peruana-celebra-el-dia-internacional-de-la-lengua-materna#1759814081804-9lcs35428,"Diversas actividades culturales se realizan en todo el país para conmemorar el Día Internacional de la Lengua Materna, destacando la importancia de preservar las lenguas originarias del Perú.",,Radio Nacional del Perú,2025-10-07T05:14:41.805Z,cmgg1fs0b0000112g1dwxzwzw,Actualidad,#3B82F6
cmgg3v7yj01e413gh6jtkd8eh,Gobierno anuncia nuevas medidas económicas para reactivar el país,https://www.radionacional.gob.pe/economia/gobierno-anuncia-nuevas-medidas-economicas-para-reactivar-el-pais#1759814081802-qem9w1hp9,"El Ministerio de Economía y Finanzas presentó un paquete de medidas destinadas a impulsar la reactivación económica del país, incluyendo incentivos fiscales y programas de apoyo a las pequeñas empresas.",,Radio Nacional del Perú,2025-10-07T05:14:41.803Z,cmgg1fs0c0002112gtz9dd9xz,Economía,#059669
cmgg3v6p001cm13gh2crnp1as,Crisis sanitaria en Brasil: lo que se sabe de la intoxicación masiva por metanol,https://rpp.pe/mundo/latinoamerica/crisis-sanitaria-en-brasil-lo-que-se-sabe-de-la-intoxicacion-masiva-por-metanol-noticia-123459#1759814080164-35pmgis42,Las autoridades brasileñas investigan una intoxicación masiva por metanol que ha causado muertes y la caída del consumo de alcohol en el país. Se han reportado varios casos en diferentes estados.,,RPP Noticias,2025-10-07T05:14:40.165Z,cmgg1fs0c0003112g7epw4vrz,Deportes,#F59E0B
cmgg3v6p101co13ghiqk84lrq,"Miguel Ángel Russo, entrenador de Boca Juniors, en grave estado de salud",https://rpp.pe/deportes/futbol/miguel-angel-russo-entrenador-de-boca-juniors-en-grave-estado-de-salud-noticia-123460#1759814080165-7010w1q5k,"El entrenador de Boca Juniors, Miguel Ángel Russo, se encuentra en grave estado de salud y fue internado en un centro médico. El club emitió un comunicado informando sobre su situación.",,RPP Noticias,2025-10-07T05:14:40.165Z,cmgg1fs0f0007112gev7odmxo,Salud,#10B981
cmgg3v6oz01ci13gh0q84zklr,Con caras nuevas: Selección Peruana empezó sus entrenamientos pensando en duelo ante Chile,https://rpp.pe/deportes/futbol/con-caras-nuevas-seleccion-peruana-empezo-sus-entrenamientos-pensando-en-duelo-ante-chile-noticia-123457#1759814080163-fz52kt6u6,"Con la presencia de 20 futbolistas, la Selección Peruana empezó sus entrenamientos en La Videna FPF con miras al partido amistoso ante Chile. Felipe Chávez de Bayern Munich dijo presente.",,RPP Noticias,2025-10-07T05:14:40.164Z,cmgg1fs0c0003112g7epw4vrz,Deportes,#F59E0B
cmgg3v6oy01cg13gh0dylghny,Dirigentes transportistas acuerdan no continuar con el paro tras reunión con ministros,https://rpp.pe/politica/actualidad/dirigentes-transportistas-acuerdan-no-continuar-con-el-paro-tras-reunion-con-ministros-noticia-123456#1759814080162-3q7hz9mpc,"Los representantes del sector sostuvieron una reunión con el jefe del Gabinete Ministerial, Eduardo Arana, y otros ministros en la que acordaron, entre otros puntos, la instalación de una mesa de trabajo.",,RPP Noticias,2025-10-07T05:14:40.163Z,cmgg1fs0b0001112g2lb2odtv,Política,#DC2626
cmgg3v6ov01cc13gh7ntgz6da,Medio ambiente: Proyecto de conservación en la Amazonía peruana,https://www.radionacional.gob.pe/medio-ambiente/proyecto-de-conservacion-en-la-amazonia-peruana#1759814080159-25ozmvm45,Se lanza un nuevo proyecto de conservación en la Amazonía peruana que busca proteger la biodiversidad y promover el desarrollo sostenible en las comunidades locales.,,Radio Nacional del Perú,2025-10-07T05:14:40.160Z,cmgg1fs0g000a112g93a1z2i9,Medio Ambiente,#22C55E
cmgg3v6ov01ca13gharpy8x04,Educación: Nuevas tecnologías llegan a escuelas rurales,https://www.radionacional.gob.pe/educacion/nuevas-tecnologias-llegan-a-escuelas-rurales#1759814080159-2fpchzn6d,"El Ministerio de Educación implementa programas de tecnología educativa en escuelas rurales, llevando internet y equipos informáticos a comunidades alejadas para mejorar la calidad educativa.",,Radio Nacional del Perú,2025-10-07T05:14:40.159Z,cmgg1fs0f0008112gsse5oyp2,Sociedad,#F97316
cmgg3v6ou01c813ghaeniv2ij,Ministerio de Salud reporta avances en campaña de vacunación,https://www.radionacional.gob.pe/salud/ministerio-de-salud-reporta-avances-en-campana-de-vacunacion#1759814080158-a89ue3lde,"El Ministerio de Salud informó sobre los avances en la campaña de vacunación contra diversas enfermedades, alcanzando importantes coberturas en las regiones más vulnerables del país.",,Radio Nacional del Perú,2025-10-07T05:14:40.158Z,cmgg1fs0f0007112gev7odmxo,Salud,#10B981
cmgg3v6ot01c613gh93qvv43f,Cultura peruana celebra el Día Internacional de la Lengua Materna,https://www.radionacional.gob.pe/cultura/cultura-peruana-celebra-el-dia-internacional-de-la-lengua-materna#1759814080156-umwhy3qdz,"Diversas actividades culturales se realizan en todo el país para conmemorar el Día Internacional de la Lengua Materna, destacando la importancia de preservar las lenguas originarias del Perú.",,Radio Nacional del Perú,2025-10-07T05:14:40.157Z,cmgg1fs0b0000112g1dwxzwzw,Actualidad,#3B82F6
cmgg3v6or01c413ghjafr3jho,Gobierno anuncia nuevas medidas económicas para reactivar el país,https://www.radionacional.gob.pe/economia/gobierno-anuncia-nuevas-medidas-economicas-para-reactivar-el-pais#1759814080155-xsb1ynwbv,"El Ministerio de Economía y Finanzas presentó un paquete de medidas destinadas a impulsar la reactivación económica del país, incluyendo incentivos fiscales y programas de apoyo a las pequeñas empresas.",,Radio Nacional del Perú,2025-10-07T05:14:40.155Z,cmgg1fs0c0002112gtz9dd9xz,Economía,#059669
cmgg3v59z01am13gh6u07etpc,Crisis sanitaria en Brasil: lo que se sabe de la intoxicación masiva por metanol,https://rpp.pe/mundo/latinoamerica/crisis-sanitaria-en-brasil-lo-que-se-sabe-de-la-intoxicacion-masiva-por-metanol-noticia-123459#1759814078327-j2wwh2hci,Las autoridades brasileñas investigan una intoxicación masiva por metanol que ha causado muertes y la caída del consumo de alcohol en el país. Se han reportado varios casos en diferentes estados.,,RPP Noticias,2025-10-07T05:14:38.328Z,cmgg1fs0c0003112g7epw4vrz,Deportes,#F59E0B
cmgg3v5a001ao13ghtj4aoj26,"Miguel Ángel Russo, entrenador de Boca Juniors, en grave estado de salud",https://rpp.pe/deportes/futbol/miguel-angel-russo-entrenador-de-boca-juniors-en-grave-estado-de-salud-noticia-123460#1759814078328-k54ebt37k,"El entrenador de Boca Juniors, Miguel Ángel Russo, se encuentra en grave estado de salud y fue internado en un centro médico. El club emitió un comunicado informando sobre su situación.",,RPP Noticias,2025-10-07T05:14:38.328Z,cmgg1fs0f0007112gev7odmxo,Salud,#10B981
cmgg3v59x01ai13ghzjccmlam,Con caras nuevas: Selección Peruana empezó sus entrenamientos pensando en duelo ante Chile,https://rpp.pe/deportes/futbol/con-caras-nuevas-seleccion-peruana-empezo-sus-entrenamientos-pensando-en-duelo-ante-chile-noticia-123457#1759814078325-ia9odlw0c,"Con la presencia de 20 futbolistas, la Selección Peruana empezó sus entrenamientos en La Videna FPF con miras al partido amistoso ante Chile. Felipe Chávez de Bayern Munich dijo presente.",,RPP Noticias,2025-10-07T05:14:38.326Z,cmgg1fs0c0003112g7epw4vrz,Deportes,#F59E0B
cmgg3v59x01ag13gh55wcjthc,Dirigentes transportistas acuerdan no continuar con el paro tras reunión con ministros,https://rpp.pe/politica/actualidad/dirigentes-transportistas-acuerdan-no-continuar-con-el-paro-tras-reunion-con-ministros-noticia-123456#1759814078325-f12bg1s1l,"Los representantes del sector sostuvieron una reunión con el jefe del Gabinete Ministerial, Eduardo Arana, y otros ministros en la que acordaron, entre otros puntos, la instalación de una mesa de trabajo.",,RPP Noticias,2025-10-07T05:14:38.325Z,cmgg1fs0b0001112g2lb2odtv,Política,#DC2626
cmgg3v59u01aa13ghg4gqu84p,Educación: Nuevas tecnologías llegan a escuelas rurales,https://www.radionacional.gob.pe/educacion/nuevas-tecnologias-llegan-a-escuelas-rurales#1759814078322-m1hu9o245,"El Ministerio de Educación implementa programas de tecnología educativa en escuelas rurales, llevando internet y equipos informáticos a comunidades alejadas para mejorar la calidad educativa.",,Radio Nacional del Perú,2025-10-07T05:14:38.323Z,cmgg1fs0f0008112gsse5oyp2,Sociedad,#F97316
cmgg3v59v01ac13ghyoxsfppd,Medio ambiente: Proyecto de conservación en la Amazonía peruana,https://www.radionacional.gob.pe/medio-ambiente/proyecto-de-conservacion-en-la-amazonia-peruana#1759814078323-8qjtyr9xw,Se lanza un nuevo proyecto de conservación en la Amazonía peruana que busca proteger la biodiversidad y promover el desarrollo sostenible en las comunidades locales.,,Radio Nacional del Perú,2025-10-07T05:14:38.323Z,cmgg1fs0g000a112g93a1z2i9,Medio Ambiente,#22C55E
cmgg3v59u01a813ghlfi1o8l1,Ministerio de Salud reporta avances en campaña de vacunación,https://www.radionacional.gob.pe/salud/ministerio-de-salud-reporta-avances-en-campana-de-vacunacion#1759814078322-98eweiaep,"El Ministerio de Salud informó sobre los avances en la campaña de vacunación contra diversas enfermedades, alcanzando importantes coberturas en las regiones más vulnerables del país.",,Radio Nacional del Perú,2025-10-07T05:14:38.322Z,cmgg1fs0f0007112gev7odmxo,Salud,#10B981
cmgg3v59t01a613ghh11m33lm,Cultura peruana celebra el Día Internacional de la Lengua Materna,https://www.radionacional.gob.pe/cultura/cultura-peruana-celebra-el-dia-internacional-de-la-lengua-materna#1759814078321-5zz1akpeh,"Diversas actividades culturales se realizan en todo el país para conmemorar el Día Internacional de la Lengua Materna, destacando la importancia de preservar las lenguas originarias del Perú.",,Radio Nacional del Perú,2025-10-07T05:14:38.321Z,cmgg1fs0b0000112g1dwxzwzw,Actualidad,#3B82F6
cmgg3v59s01a413ghy7p11kh8,Gobierno anuncia nuevas medidas económicas para reactivar el país,https://www.radionacional.gob.pe/economia/gobierno-anuncia-nuevas-medidas-economicas-para-reactivar-el-pais#1759814078320-ximk37bbw,"El Ministerio de Economía y Finanzas presentó un paquete de medidas destinadas a impulsar la reactivación económica del país, incluyendo incentivos fiscales y programas de apoyo a las pequeñas empresas.",,Radio Nacional del Perú,2025-10-07T05:14:38.320Z,cmgg1fs0c0002112gtz9dd9xz,Economía,#059669
cmgg3v2yr018o13ghb09uvdn3,"Miguel Ángel Russo, entrenador de Boca Juniors, en grave estado de salud",https://rpp.pe/deportes/futbol/miguel-angel-russo-entrenador-de-boca-juniors-en-grave-estado-de-salud-noticia-123460#1759814075331-6kyhwbf0n,"El entrenador de Boca Juniors, Miguel Ángel Russo, se encuentra en grave estado de salud y fue internado en un centro médico. El club emitió un comunicado informando sobre su situación.",,RPP Noticias,2025-10-07T05:14:35.332Z,cmgg1fs0f0007112gev7odmxo,Salud,#10B981
cmgg3v2yr018m13ghiz5bk8ft,Crisis sanitaria en Brasil: lo que se sabe de la intoxicación masiva por metanol,https://rpp.pe/mundo/latinoamerica/crisis-sanitaria-en-brasil-lo-que-se-sabe-de-la-intoxicacion-masiva-por-metanol-noticia-123459#1759814075331-5ygn0k7ni,Las autoridades brasileñas investigan una intoxicación masiva por metanol que ha causado muertes y la caída del consumo de alcohol en el país. Se han reportado varios casos en diferentes estados.,,RPP Noticias,2025-10-07T05:14:35.331Z,cmgg1fs0c0003112g7epw4vrz,Deportes,#F59E0B
cmgg3v2yp018g13ghghx86sp9,Dirigentes transportistas acuerdan no continuar con el paro tras reunión con ministros,https://rpp.pe/politica/actualidad/dirigentes-transportistas-acuerdan-no-continuar-con-el-paro-tras-reunion-con-ministros-noticia-123456#1759814075329-x84ozaimi,"Los representantes del sector sostuvieron una reunión con el jefe del Gabinete Ministerial, Eduardo Arana, y otros ministros en la que acordaron, entre otros puntos, la instalación de una mesa de trabajo.",,RPP Noticias,2025-10-07T05:14:35.330Z,cmgg1fs0b0001112g2lb2odtv,Política,#DC2626
cmgg3v2yq018i13ghygqzhgdf,Con caras nuevas: Selección Peruana empezó sus entrenamientos pensando en duelo ante Chile,https://rpp.pe/deportes/futbol/con-caras-nuevas-seleccion-peruana-empezo-sus-entrenamientos-pensando-en-duelo-ante-chile-noticia-123457#1759814075330-6e85grfw7,"Con la presencia de 20 futbolistas, la Selección Peruana empezó sus entrenamientos en La Videna FPF con miras al partido amistoso ante Chile. Felipe Chávez de Bayern Munich dijo presente.",,RPP Noticias,2025-10-07T05:14:35.330Z,cmgg1fs0c0003112g7epw4vrz,Deportes,#F59E0B
cmgg3v2yg018c13ghrwo1z5qz,Medio ambiente: Proyecto de conservación en la Amazonía peruana,https://www.radionacional.gob.pe/medio-ambiente/proyecto-de-conservacion-en-la-amazonia-peruana#1759814075320-fi8fmdpgi,Se lanza un nuevo proyecto de conservación en la Amazonía peruana que busca proteger la biodiversidad y promover el desarrollo sostenible en las comunidades locales.,,Radio Nacional del Perú,2025-10-07T05:14:35.321Z,cmgg1fs0g000a112g93a1z2i9,Medio Ambiente,#22C55E
cmgg3v2yf018813ghfjj29dz7,Ministerio de Salud reporta avances en campaña de vacunación,https://www.radionacional.gob.pe/salud/ministerio-de-salud-reporta-avances-en-campana-de-vacunacion#1759814075319-2d4i9pdpx,"El Ministerio de Salud informó sobre los avances en la campaña de vacunación contra diversas enfermedades, alcanzando importantes coberturas en las regiones más vulnerables del país.",,Radio Nacional del Perú,2025-10-07T05:14:35.320Z,cmgg1fs0f0007112gev7odmxo,Salud,#10B981
cmgg3v2yg018a13ghv59k2loc,Educación: Nuevas tecnologías llegan a escuelas rurales,https://www.radionacional.gob.pe/educacion/nuevas-tecnologias-llegan-a-escuelas-rurales#1759814075319-bjpo322ye,"El Ministerio de Educación implementa programas de tecnología educativa en escuelas rurales, llevando internet y equipos informáticos a comunidades alejadas para mejorar la calidad educativa.",,Radio Nacional del Perú,2025-10-07T05:14:35.320Z,cmgg1fs0f0008112gsse5oyp2,Sociedad,#F97316
cmgg3v2ye018613ghd49og8u1,Cultura peruana celebra el Día Internacional de la Lengua Materna,https://www.radionacional.gob.pe/cultura/cultura-peruana-celebra-el-dia-internacional-de-la-lengua-materna#1759814075318-dtoi8m0e5,"Diversas actividades culturales se realizan en todo el país para conmemorar el Día Internacional de la Lengua Materna, destacando la importancia de preservar las lenguas originarias del Perú.",,Radio Nacional del Perú,2025-10-07T05:14:35.319Z,cmgg1fs0b0000112g1dwxzwzw,Actualidad,#3B82F6
cmgg3v2ye018413gh6mjkly0u,Gobierno anuncia nuevas medidas económicas para reactivar el país,https://www.radionacional.gob.pe/economia/gobierno-anuncia-nuevas-medidas-economicas-para-reactivar-el-pais#1759814075317-91vb99dpn,"El Ministerio de Economía y Finanzas presentó un paquete de medidas destinadas a impulsar la reactivación económica del país, incluyendo incentivos fiscales y programas de apoyo a las pequeñas empresas.",,Radio Nacional del Perú,2025-10-07T05:14:35.318Z,cmgg1fs0c0002112gtz9dd9xz,Economía,#059669
cmgg3o9i1016n13gh68kxcae2,"Miguel Ángel Russo, entrenador de Boca Juniors, en grave estado de salud",https://rpp.pe/deportes/futbol/miguel-angel-russo-entrenador-de-boca-juniors-en-grave-estado-de-salud-noticia-123460#1759813757209-bures4zdx,"El entrenador de Boca Juniors, Miguel Ángel Russo, se encuentra en grave estado de salud y fue internado en un centro médico. El club emitió un comunicado informando sobre su situación.",,RPP Noticias,2025-10-07T05:09:17.209Z,cmgg1fs0f0007112gev7odmxo,Salud,#10B981
cmgg3o9i0016l13ghpc682c28,Crisis sanitaria en Brasil: lo que se sabe de la intoxicación masiva por metanol,https://rpp.pe/mundo/latinoamerica/crisis-sanitaria-en-brasil-lo-que-se-sabe-de-la-intoxicacion-masiva-por-metanol-noticia-123459#1759813757208-g7au1wh26,Las autoridades brasileñas investigan una intoxicación masiva por metanol que ha causado muertes y la caída del consumo de alcohol en el país. Se han reportado varios casos en diferentes estados.,,RPP Noticias,2025-10-07T05:09:17.208Z,cmgg1fs0c0003112g7epw4vrz,Deportes,#F59E0B
cmgg3o9hy016h13gh2sri100g,Con caras nuevas: Selección Peruana empezó sus entrenamientos pensando en duelo ante Chile,https://rpp.pe/deportes/futbol/con-caras-nuevas-seleccion-peruana-empezo-sus-entrenamientos-pensando-en-duelo-ante-chile-noticia-123457#1759813757206-np3talfm2,"Con la presencia de 20 futbolistas, la Selección Peruana empezó sus entrenamientos en La Videna FPF con miras al partido amistoso ante Chile. Felipe Chávez de Bayern Munich dijo presente.",,RPP Noticias,2025-10-07T05:09:17.207Z,cmgg1fs0c0003112g7epw4vrz,Deportes,#F59E0B
cmgg3o9hx016f13gha2sllogo,Dirigentes transportistas acuerdan no continuar con el paro tras reunión con ministros,https://rpp.pe/politica/actualidad/dirigentes-transportistas-acuerdan-no-continuar-con-el-paro-tras-reunion-con-ministros-noticia-123456#1759813757205-kg29cu3p7,"Los representantes del sector sostuvieron una reunión con el jefe del Gabinete Ministerial, Eduardo Arana, y otros ministros en la que acordaron, entre otros puntos, la instalación de una mesa de trabajo.",,RPP Noticias,2025-10-07T05:09:17.206Z,cmgg1fs0b0001112g2lb2odtv,Política,#DC2626
cmgg3o9ht016b13ghiz1c2ah6,Medio ambiente: Proyecto de conservación en la Amazonía peruana,https://www.radionacional.gob.pe/medio-ambiente/proyecto-de-conservacion-en-la-amazonia-peruana#1759813757201-1iq9jxkp6,Se lanza un nuevo proyecto de conservación en la Amazonía peruana que busca proteger la biodiversidad y promover el desarrollo sostenible en las comunidades locales.,,Radio Nacional del Perú,2025-10-07T05:09:17.201Z,cmgg1fs0g000a112g93a1z2i9,Medio Ambiente,#22C55E
cmgg3o9hs016913ghe8y8ay5n,Educación: Nuevas tecnologías llegan a escuelas rurales,https://www.radionacional.gob.pe/educacion/nuevas-tecnologias-llegan-a-escuelas-rurales#1759813757200-p3d5n1xkp,"El Ministerio de Educación implementa programas de tecnología educativa en escuelas rurales, llevando internet y equipos informáticos a comunidades alejadas para mejorar la calidad educativa.",,Radio Nacional del Perú,2025-10-07T05:09:17.200Z,cmgg1fs0f0008112gsse5oyp2,Sociedad,#F97316
cmgg3o9hr016713ghkvsodd1d,Ministerio de Salud reporta avances en campaña de vacunación,https://www.radionacional.gob.pe/salud/ministerio-de-salud-reporta-avances-en-campana-de-vacunacion#1759813757198-hh5jezxxq,"El Ministerio de Salud informó sobre los avances en la campaña de vacunación contra diversas enfermedades, alcanzando importantes coberturas en las regiones más vulnerables del país.",,Radio Nacional del Perú,2025-10-07T05:09:17.199Z,cmgg1fs0f0007112gev7odmxo,Salud,#10B981
cmgg3o9hp016513ghhsrh903i,Cultura peruana celebra el Día Internacional de la Lengua Materna,https://www.radionacional.gob.pe/cultura/cultura-peruana-celebra-el-dia-internacional-de-la-lengua-materna#1759813757197-47p4gy4qq,"Diversas actividades culturales se realizan en todo el país para conmemorar el Día Internacional de la Lengua Materna, destacando la importancia de preservar las lenguas originarias del Perú.",,Radio Nacional del Perú,2025-10-07T05:09:17.198Z,cmgg1fs0b0000112g1dwxzwzw,Actualidad,#3B82F6
cmgg3o9hn016313gh0z0vqqxa,Gobierno anuncia nuevas medidas económicas para reactivar el país,https://www.radionacional.gob.pe/economia/gobierno-anuncia-nuevas-medidas-economicas-para-reactivar-el-pais#1759813757194-p72bcn1kt,"El Ministerio de Economía y Finanzas presentó un paquete de medidas destinadas a impulsar la reactivación económica del país, incluyendo incentivos fiscales y programas de apoyo a las pequeñas empresas.",,Radio Nacional del Perú,2025-10-07T05:09:17.195Z,cmgg1fs0c0002112gtz9dd9xz,Economía,#059669
cmgg3o76x014n13ghpawgfc8v,"Miguel Ángel Russo, entrenador de Boca Juniors, en grave estado de salud",https://rpp.pe/deportes/futbol/miguel-angel-russo-entrenador-de-boca-juniors-en-grave-estado-de-salud-noticia-123460#1759813754216-fsngnqo1v,"El entrenador de Boca Juniors, Miguel Ángel Russo, se encuentra en grave estado de salud y fue internado en un centro médico. El club emitió un comunicado informando sobre su situación.",,RPP Noticias,2025-10-07T05:09:14.217Z,cmgg1fs0f0007112gev7odmxo,Salud,#10B981
cmgg3o76w014l13gh878jjy5c,Crisis sanitaria en Brasil: lo que se sabe de la intoxicación masiva por metanol,https://rpp.pe/mundo/latinoamerica/crisis-sanitaria-en-brasil-lo-que-se-sabe-de-la-intoxicacion-masiva-por-metanol-noticia-123459#1759813754216-xjiwmcrus,Las autoridades brasileñas investigan una intoxicación masiva por metanol que ha causado muertes y la caída del consumo de alcohol en el país. Se han reportado varios casos en diferentes estados.,,RPP Noticias,2025-10-07T05:09:14.216Z,cmgg1fs0c0003112g7epw4vrz,Deportes,#F59E0B
cmgg3o76u014h13ghg8qlw8h4,Con caras nuevas: Selección Peruana empezó sus entrenamientos pensando en duelo ante Chile,https://rpp.pe/deportes/futbol/con-caras-nuevas-seleccion-peruana-empezo-sus-entrenamientos-pensando-en-duelo-ante-chile-noticia-123457#1759813754214-yjopl3zkd,"Con la presencia de 20 futbolistas, la Selección Peruana empezó sus entrenamientos en La Videna FPF con miras al partido amistoso ante Chile. Felipe Chávez de Bayern Munich dijo presente.",,RPP Noticias,2025-10-07T05:09:14.215Z,cmgg1fs0c0003112g7epw4vrz,Deportes,#F59E0B
cmgg3o76t014f13ghtp3188cq,Dirigentes transportistas acuerdan no continuar con el paro tras reunión con ministros,https://rpp.pe/politica/actualidad/dirigentes-transportistas-acuerdan-no-continuar-con-el-paro-tras-reunion-con-ministros-noticia-123456#1759813754213-ybavvk6tz,"Los representantes del sector sostuvieron una reunión con el jefe del Gabinete Ministerial, Eduardo Arana, y otros ministros en la que acordaron, entre otros puntos, la instalación de una mesa de trabajo.",,RPP Noticias,2025-10-07T05:09:14.214Z,cmgg1fs0b0001112g2lb2odtv,Política,#DC2626
cmgg3o76p014b13ghbziqkqa6,Medio ambiente: Proyecto de conservación en la Amazonía peruana,https://www.radionacional.gob.pe/medio-ambiente/proyecto-de-conservacion-en-la-amazonia-peruana#1759813754209-9lvzqu62q,Se lanza un nuevo proyecto de conservación en la Amazonía peruana que busca proteger la biodiversidad y promover el desarrollo sostenible en las comunidades locales.,,Radio Nacional del Perú,2025-10-07T05:09:14.210Z,cmgg1fs0g000a112g93a1z2i9,Medio Ambiente,#22C55E
cmgg3o76o014913ghwcwpxltm,Educación: Nuevas tecnologías llegan a escuelas rurales,https://www.radionacional.gob.pe/educacion/nuevas-tecnologias-llegan-a-escuelas-rurales#1759813754208-otg089myt,"El Ministerio de Educación implementa programas de tecnología educativa en escuelas rurales, llevando internet y equipos informáticos a comunidades alejadas para mejorar la calidad educativa.",,Radio Nacional del Perú,2025-10-07T05:09:14.209Z,cmgg1fs0f0008112gsse5oyp2,Sociedad,#F97316
cmgg3o76n014713ghz73pkzun,Ministerio de Salud reporta avances en campaña de vacunación,https://www.radionacional.gob.pe/salud/ministerio-de-salud-reporta-avances-en-campana-de-vacunacion#1759813754207-7bmklv3a8,"El Ministerio de Salud informó sobre los avances en la campaña de vacunación contra diversas enfermedades, alcanzando importantes coberturas en las regiones más vulnerables del país.",,Radio Nacional del Perú,2025-10-07T05:09:14.208Z,cmgg1fs0f0007112gev7odmxo,Salud,#10B981
cmgg3o76l014513ghodcix3ut,Cultura peruana celebra el Día Internacional de la Lengua Materna,https://www.radionacional.gob.pe/cultura/cultura-peruana-celebra-el-dia-internacional-de-la-lengua-materna#1759813754205-sqpkpkkga,"Diversas actividades culturales se realizan en todo el país para conmemorar el Día Internacional de la Lengua Materna, destacando la importancia de preservar las lenguas originarias del Perú.",,Radio Nacional del Perú,2025-10-07T05:09:14.206Z,cmgg1fs0b0000112g1dwxzwzw,Actualidad,#3B82F6
cmgg3o76j014313ghy0a9av1r,Gobierno anuncia nuevas medidas económicas para reactivar el país,https://www.radionacional.gob.pe/economia/gobierno-anuncia-nuevas-medidas-economicas-para-reactivar-el-pais#1759813754203-qxoop5y3r,"El Ministerio de Economía y Finanzas presentó un paquete de medidas destinadas a impulsar la reactivación económica del país, incluyendo incentivos fiscales y programas de apoyo a las pequeñas empresas.",,Radio Nacional del Perú,2025-10-07T05:09:14.204Z,cmgg1fs0c0002112gtz9dd9xz,Economía,#059669
cmgg3o5se012n13ghmq2qnuwf,"Miguel Ángel Russo, entrenador de Boca Juniors, en grave estado de salud",https://rpp.pe/deportes/futbol/miguel-angel-russo-entrenador-de-boca-juniors-en-grave-estado-de-salud-noticia-123460#1759813752398-drmmo2cx4,"El entrenador de Boca Juniors, Miguel Ángel Russo, se encuentra en grave estado de salud y fue internado en un centro médico. El club emitió un comunicado informando sobre su situación.",,RPP Noticias,2025-10-07T05:09:12.399Z,cmgg1fs0f0007112gev7odmxo,Salud,#10B981
cmgg3o5se012l13ghhvch6prn,Crisis sanitaria en Brasil: lo que se sabe de la intoxicación masiva por metanol,https://rpp.pe/mundo/latinoamerica/crisis-sanitaria-en-brasil-lo-que-se-sabe-de-la-intoxicacion-masiva-por-metanol-noticia-123459#1759813752398-n959zj0np,Las autoridades brasileñas investigan una intoxicación masiva por metanol que ha causado muertes y la caída del consumo de alcohol en el país. Se han reportado varios casos en diferentes estados.,,RPP Noticias,2025-10-07T05:09:12.398Z,cmgg1fs0c0003112g7epw4vrz,Deportes,#F59E0B
cmgg3o5sc012h13gh4al66xqf,Con caras nuevas: Selección Peruana empezó sus entrenamientos pensando en duelo ante Chile,https://rpp.pe/deportes/futbol/con-caras-nuevas-seleccion-peruana-empezo-sus-entrenamientos-pensando-en-duelo-ante-chile-noticia-123457#1759813752396-48bgxbyng,"Con la presencia de 20 futbolistas, la Selección Peruana empezó sus entrenamientos en La Videna FPF con miras al partido amistoso ante Chile. Felipe Chávez de Bayern Munich dijo presente.",,RPP Noticias,2025-10-07T05:09:12.397Z,cmgg1fs0c0003112g7epw4vrz,Deportes,#F59E0B
cmgg3o5sb012f13gh4t1m4k5j,Dirigentes transportistas acuerdan no continuar con el paro tras reunión con ministros,https://rpp.pe/politica/actualidad/dirigentes-transportistas-acuerdan-no-continuar-con-el-paro-tras-reunion-con-ministros-noticia-123456#1759813752395-yd1k35x2p,"Los representantes del sector sostuvieron una reunión con el jefe del Gabinete Ministerial, Eduardo Arana, y otros ministros en la que acordaron, entre otros puntos, la instalación de una mesa de trabajo.",,RPP Noticias,2025-10-07T05:09:12.396Z,cmgg1fs0b0001112g2lb2odtv,Política,#DC2626
cmgg3o5s7012b13ghla6jjf8t,Medio ambiente: Proyecto de conservación en la Amazonía peruana,https://www.radionacional.gob.pe/medio-ambiente/proyecto-de-conservacion-en-la-amazonia-peruana#1759813752391-jbrs4iz6m,Se lanza un nuevo proyecto de conservación en la Amazonía peruana que busca proteger la biodiversidad y promover el desarrollo sostenible en las comunidades locales.,,Radio Nacional del Perú,2025-10-07T05:09:12.391Z,cmgg1fs0g000a112g93a1z2i9,Medio Ambiente,#22C55E
cmgg3o5s6012913ghybyogzrn,Educación: Nuevas tecnologías llegan a escuelas rurales,https://www.radionacional.gob.pe/educacion/nuevas-tecnologias-llegan-a-escuelas-rurales#1759813752389-5or0k3nvl,"El Ministerio de Educación implementa programas de tecnología educativa en escuelas rurales, llevando internet y equipos informáticos a comunidades alejadas para mejorar la calidad educativa.",,Radio Nacional del Perú,2025-10-07T05:09:12.390Z,cmgg1fs0f0008112gsse5oyp2,Sociedad,#F97316
cmgg3o5s4012713ghp4bs5svg,Ministerio de Salud reporta avances en campaña de vacunación,https://www.radionacional.gob.pe/salud/ministerio-de-salud-reporta-avances-en-campana-de-vacunacion#1759813752388-uqp4hxi8r,"El Ministerio de Salud informó sobre los avances en la campaña de vacunación contra diversas enfermedades, alcanzando importantes coberturas en las regiones más vulnerables del país.",,Radio Nacional del Perú,2025-10-07T05:09:12.389Z,cmgg1fs0f0007112gev7odmxo,Salud,#10B981
cmgg3o5s3012513ghqydunjch,Cultura peruana celebra el Día Internacional de la Lengua Materna,https://www.radionacional.gob.pe/cultura/cultura-peruana-celebra-el-dia-internacional-de-la-lengua-materna#1759813752387-o0qecx2pz,"Diversas actividades culturales se realizan en todo el país para conmemorar el Día Internacional de la Lengua Materna, destacando la importancia de preservar las lenguas originarias del Perú.",,Radio Nacional del Perú,2025-10-07T05:09:12.388Z,cmgg1fs0b0000112g1dwxzwzw,Actualidad,#3B82F6
cmgg3o5s1012313ghby36oqbp,Gobierno anuncia nuevas medidas económicas para reactivar el país,https://www.radionacional.gob.pe/economia/gobierno-anuncia-nuevas-medidas-economicas-para-reactivar-el-pais#1759813752384-gwx85hx7s,"El Ministerio de Economía y Finanzas presentó un paquete de medidas destinadas a impulsar la reactivación económica del país, incluyendo incentivos fiscales y programas de apoyo a las pequeñas empresas.",,Radio Nacional del Perú,2025-10-07T05:09:12.385Z,cmgg1fs0c0002112gtz9dd9xz,Economía,#059669
cmgg3o3em010n13ghyj9cw2xv,"Miguel Ángel Russo, entrenador de Boca Juniors, en grave estado de salud",https://rpp.pe/deportes/futbol/miguel-angel-russo-entrenador-de-boca-juniors-en-grave-estado-de-salud-noticia-123460#1759813749310-0ecmsimiu,"El entrenador de Boca Juniors, Miguel Ángel Russo, se encuentra en grave estado de salud y fue internado en un centro médico. El club emitió un comunicado informando sobre su situación.",,RPP Noticias,2025-10-07T05:09:09.311Z,cmgg1fs0f0007112gev7odmxo,Salud,#10B981
cmgg3o3el010l13ghtqy4uw6x,Crisis sanitaria en Brasil: lo que se sabe de la intoxicación masiva por metanol,https://rpp.pe/mundo/latinoamerica/crisis-sanitaria-en-brasil-lo-que-se-sabe-de-la-intoxicacion-masiva-por-metanol-noticia-123459#1759813749309-nsyxs0t4q,Las autoridades brasileñas investigan una intoxicación masiva por metanol que ha causado muertes y la caída del consumo de alcohol en el país. Se han reportado varios casos en diferentes estados.,,RPP Noticias,2025-10-07T05:09:09.310Z,cmgg1fs0c0003112g7epw4vrz,Deportes,#F59E0B
cmgg3o3ek010h13ghndx6xkyw,Con caras nuevas: Selección Peruana empezó sus entrenamientos pensando en duelo ante Chile,https://rpp.pe/deportes/futbol/con-caras-nuevas-seleccion-peruana-empezo-sus-entrenamientos-pensando-en-duelo-ante-chile-noticia-123457#1759813749308-3ylgosemw,"Con la presencia de 20 futbolistas, la Selección Peruana empezó sus entrenamientos en La Videna FPF con miras al partido amistoso ante Chile. Felipe Chávez de Bayern Munich dijo presente.",,RPP Noticias,2025-10-07T05:09:09.308Z,cmgg1fs0c0003112g7epw4vrz,Deportes,#F59E0B
cmgg3o3ej010f13ghczoe2vf7,Dirigentes transportistas acuerdan no continuar con el paro tras reunión con ministros,https://rpp.pe/politica/actualidad/dirigentes-transportistas-acuerdan-no-continuar-con-el-paro-tras-reunion-con-ministros-noticia-123456#1759813749307-5h05gc4q6,"Los representantes del sector sostuvieron una reunión con el jefe del Gabinete Ministerial, Eduardo Arana, y otros ministros en la que acordaron, entre otros puntos, la instalación de una mesa de trabajo.",,RPP Noticias,2025-10-07T05:09:09.307Z,cmgg1fs0b0001112g2lb2odtv,Política,#DC2626
cmgg3o3ef010b13gh7mx5ky9w,Medio ambiente: Proyecto de conservación en la Amazonía peruana,https://www.radionacional.gob.pe/medio-ambiente/proyecto-de-conservacion-en-la-amazonia-peruana#1759813749303-gzwdfnvhq,Se lanza un nuevo proyecto de conservación en la Amazonía peruana que busca proteger la biodiversidad y promover el desarrollo sostenible en las comunidades locales.,,Radio Nacional del Perú,2025-10-07T05:09:09.303Z,cmgg1fs0g000a112g93a1z2i9,Medio Ambiente,#22C55E
cmgg3o3ee010913ghh412oq76,Educación: Nuevas tecnologías llegan a escuelas rurales,https://www.radionacional.gob.pe/educacion/nuevas-tecnologias-llegan-a-escuelas-rurales#1759813749302-6zbkzh842,"El Ministerio de Educación implementa programas de tecnología educativa en escuelas rurales, llevando internet y equipos informáticos a comunidades alejadas para mejorar la calidad educativa.",,Radio Nacional del Perú,2025-10-07T05:09:09.302Z,cmgg1fs0f0008112gsse5oyp2,Sociedad,#F97316
cmgg3o3ed010713gh88hbmi0y,Ministerio de Salud reporta avances en campaña de vacunación,https://www.radionacional.gob.pe/salud/ministerio-de-salud-reporta-avances-en-campana-de-vacunacion#1759813749301-arxfb8cxs,"El Ministerio de Salud informó sobre los avances en la campaña de vacunación contra diversas enfermedades, alcanzando importantes coberturas en las regiones más vulnerables del país.",,Radio Nacional del Perú,2025-10-07T05:09:09.301Z,cmgg1fs0f0007112gev7odmxo,Salud,#10B981
cmgg3o3eb010513gh5gdfbadk,Cultura peruana celebra el Día Internacional de la Lengua Materna,https://www.radionacional.gob.pe/cultura/cultura-peruana-celebra-el-dia-internacional-de-la-lengua-materna#1759813749299-ee54ofzx4,"Diversas actividades culturales se realizan en todo el país para conmemorar el Día Internacional de la Lengua Materna, destacando la importancia de preservar las lenguas originarias del Perú.",,Radio Nacional del Perú,2025-10-07T05:09:09.300Z,cmgg1fs0b0000112g1dwxzwzw,Actualidad,#3B82F6
cmgg3o3e9010313ghsykicooy,Gobierno anuncia nuevas medidas económicas para reactivar el país,https://www.radionacional.gob.pe/economia/gobierno-anuncia-nuevas-medidas-economicas-para-reactivar-el-pais#1759813749296-hsxgl247y,"El Ministerio de Economía y Finanzas presentó un paquete de medidas destinadas a impulsar la reactivación económica del país, incluyendo incentivos fiscales y programas de apoyo a las pequeñas empresas.",,Radio Nacional del Perú,2025-10-07T05:09:09.297Z,cmgg1fs0c0002112gtz9dd9xz,Economía,#059669
cmgg3o25z00yn13ghrf4uqo02,"Miguel Ángel Russo, entrenador de Boca Juniors, en grave estado de salud",https://rpp.pe/deportes/futbol/miguel-angel-russo-entrenador-de-boca-juniors-en-grave-estado-de-salud-noticia-123460#1759813747703-k110qt4na,"El entrenador de Boca Juniors, Miguel Ángel Russo, se encuentra en grave estado de salud y fue internado en un centro médico. El club emitió un comunicado informando sobre su situación.",,RPP Noticias,2025-10-07T05:09:07.703Z,cmgg1fs0f0007112gev7odmxo,Salud,#10B981
cmgg3o25y00yl13ghl0o6j834,Crisis sanitaria en Brasil: lo que se sabe de la intoxicación masiva por metanol,https://rpp.pe/mundo/latinoamerica/crisis-sanitaria-en-brasil-lo-que-se-sabe-de-la-intoxicacion-masiva-por-metanol-noticia-123459#1759813747702-hapgukkv2,Las autoridades brasileñas investigan una intoxicación masiva por metanol que ha causado muertes y la caída del consumo de alcohol en el país. Se han reportado varios casos en diferentes estados.,,RPP Noticias,2025-10-07T05:09:07.702Z,cmgg1fs0c0003112g7epw4vrz,Deportes,#F59E0B
cmgg3o25v00yf13ghc8jo8h0c,Dirigentes transportistas acuerdan no continuar con el paro tras reunión con ministros,https://rpp.pe/politica/actualidad/dirigentes-transportistas-acuerdan-no-continuar-con-el-paro-tras-reunion-con-ministros-noticia-123456#1759813747699-jd497wedv,"Los representantes del sector sostuvieron una reunión con el jefe del Gabinete Ministerial, Eduardo Arana, y otros ministros en la que acordaron, entre otros puntos, la instalación de una mesa de trabajo.",,RPP Noticias,2025-10-07T05:09:07.700Z,cmgg1fs0b0001112g2lb2odtv,Política,#DC2626
cmgg3o25w00yh13ghud59sqwe,Con caras nuevas: Selección Peruana empezó sus entrenamientos pensando en duelo ante Chile,https://rpp.pe/deportes/futbol/con-caras-nuevas-seleccion-peruana-empezo-sus-entrenamientos-pensando-en-duelo-ante-chile-noticia-123457#1759813747700-f4aich4m4,"Con la presencia de 20 futbolistas, la Selección Peruana empezó sus entrenamientos en La Videna FPF con miras al partido amistoso ante Chile. Felipe Chávez de Bayern Munich dijo presente.",,RPP Noticias,2025-10-07T05:09:07.700Z,cmgg1fs0c0003112g7epw4vrz,Deportes,#F59E0B
cmgg3o25r00yb13ghp0k8ik09,Medio ambiente: Proyecto de conservación en la Amazonía peruana,https://www.radionacional.gob.pe/medio-ambiente/proyecto-de-conservacion-en-la-amazonia-peruana#1759813747694-bbzyjyhc6,Se lanza un nuevo proyecto de conservación en la Amazonía peruana que busca proteger la biodiversidad y promover el desarrollo sostenible en las comunidades locales.,,Radio Nacional del Perú,2025-10-07T05:09:07.695Z,cmgg1fs0g000a112g93a1z2i9,Medio Ambiente,#22C55E
cmgg3o25q00y913ghgug4olf4,Educación: Nuevas tecnologías llegan a escuelas rurales,https://www.radionacional.gob.pe/educacion/nuevas-tecnologias-llegan-a-escuelas-rurales#1759813747693-rqagqluj6,"El Ministerio de Educación implementa programas de tecnología educativa en escuelas rurales, llevando internet y equipos informáticos a comunidades alejadas para mejorar la calidad educativa.",,Radio Nacional del Perú,2025-10-07T05:09:07.694Z,cmgg1fs0f0008112gsse5oyp2,Sociedad,#F97316
cmgg3o25o00y713ghya5z3ip8,Ministerio de Salud reporta avances en campaña de vacunación,https://www.radionacional.gob.pe/salud/ministerio-de-salud-reporta-avances-en-campana-de-vacunacion#1759813747692-b48yykiwc,"El Ministerio de Salud informó sobre los avances en la campaña de vacunación contra diversas enfermedades, alcanzando importantes coberturas en las regiones más vulnerables del país.",,Radio Nacional del Perú,2025-10-07T05:09:07.693Z,cmgg1fs0f0007112gev7odmxo,Salud,#10B981
cmgg3o25m00y513ghkkmiptha,Cultura peruana celebra el Día Internacional de la Lengua Materna,https://www.radionacional.gob.pe/cultura/cultura-peruana-celebra-el-dia-internacional-de-la-lengua-materna#1759813747690-09uiu9w9j,"Diversas actividades culturales se realizan en todo el país para conmemorar el Día Internacional de la Lengua Materna, destacando la importancia de preservar las lenguas originarias del Perú.",,Radio Nacional del Perú,2025-10-07T05:09:07.691Z,cmgg1fs0b0000112g1dwxzwzw,Actualidad,#3B82F6
cmgg3o25j00y313gh36rgzwrd,Gobierno anuncia nuevas medidas económicas para reactivar el país,https://www.radionacional.gob.pe/economia/gobierno-anuncia-nuevas-medidas-economicas-para-reactivar-el-pais#1759813747687-sjt1634fw,"El Ministerio de Economía y Finanzas presentó un paquete de medidas destinadas a impulsar la reactivación económica del país, incluyendo incentivos fiscales y programas de apoyo a las pequeñas empresas.",,Radio Nacional del Perú,2025-10-07T05:09:07.688Z,cmgg1fs0c0002112gtz9dd9xz,Economía,#059669
cmgg3o07m00wn13gh997l3zit,"Miguel Ángel Russo, entrenador de Boca Juniors, en grave estado de salud",https://rpp.pe/deportes/futbol/miguel-angel-russo-entrenador-de-boca-juniors-en-grave-estado-de-salud-noticia-123460#1759813745170-5jlonsupl,"El entrenador de Boca Juniors, Miguel Ángel Russo, se encuentra en grave estado de salud y fue internado en un centro médico. El club emitió un comunicado informando sobre su situación.",,RPP Noticias,2025-10-07T05:09:05.170Z,cmgg1fs0f0007112gev7odmxo,Salud,#10B981
cmgg3o07l00wl13ghcyu8c83s,Crisis sanitaria en Brasil: lo que se sabe de la intoxicación masiva por metanol,https://rpp.pe/mundo/latinoamerica/crisis-sanitaria-en-brasil-lo-que-se-sabe-de-la-intoxicacion-masiva-por-metanol-noticia-123459#1759813745169-hln5imuxi,Las autoridades brasileñas investigan una intoxicación masiva por metanol que ha causado muertes y la caída del consumo de alcohol en el país. Se han reportado varios casos en diferentes estados.,,RPP Noticias,2025-10-07T05:09:05.169Z,cmgg1fs0c0003112g7epw4vrz,Deportes,#F59E0B
cmgg3o07j00wh13gh287a75zw,Con caras nuevas: Selección Peruana empezó sus entrenamientos pensando en duelo ante Chile,https://rpp.pe/deportes/futbol/con-caras-nuevas-seleccion-peruana-empezo-sus-entrenamientos-pensando-en-duelo-ante-chile-noticia-123457#1759813745167-uhicagxtn,"Con la presencia de 20 futbolistas, la Selección Peruana empezó sus entrenamientos en La Videna FPF con miras al partido amistoso ante Chile. Felipe Chávez de Bayern Munich dijo presente.",,RPP Noticias,2025-10-07T05:09:05.168Z,cmgg1fs0c0003112g7epw4vrz,Deportes,#F59E0B
cmgg3o07j00wf13ghfdf7wdfs,Dirigentes transportistas acuerdan no continuar con el paro tras reunión con ministros,https://rpp.pe/politica/actualidad/dirigentes-transportistas-acuerdan-no-continuar-con-el-paro-tras-reunion-con-ministros-noticia-123456#1759813745166-eidwod7kj,"Los representantes del sector sostuvieron una reunión con el jefe del Gabinete Ministerial, Eduardo Arana, y otros ministros en la que acordaron, entre otros puntos, la instalación de una mesa de trabajo.",,RPP Noticias,2025-10-07T05:09:05.167Z,cmgg1fs0b0001112g2lb2odtv,Política,#DC2626
cmgg3o07e00wb13ghtjmwox8c,Medio ambiente: Proyecto de conservación en la Amazonía peruana,https://www.radionacional.gob.pe/medio-ambiente/proyecto-de-conservacion-en-la-amazonia-peruana#1759813745162-llmtnq3k8,Se lanza un nuevo proyecto de conservación en la Amazonía peruana que busca proteger la biodiversidad y promover el desarrollo sostenible en las comunidades locales.,,Radio Nacional del Perú,2025-10-07T05:09:05.162Z,cmgg1fs0g000a112g93a1z2i9,Medio Ambiente,#22C55E
cmgg3o07d00w913ghrbc4d9oc,Educación: Nuevas tecnologías llegan a escuelas rurales,https://www.radionacional.gob.pe/educacion/nuevas-tecnologias-llegan-a-escuelas-rurales#1759813745161-jx6n0yqo1,"El Ministerio de Educación implementa programas de tecnología educativa en escuelas rurales, llevando internet y equipos informáticos a comunidades alejadas para mejorar la calidad educativa.",,Radio Nacional del Perú,2025-10-07T05:09:05.161Z,cmgg1fs0f0008112gsse5oyp2,Sociedad,#F97316
cmgg3o07c00w713gh2ylddyhh,Ministerio de Salud reporta avances en campaña de vacunación,https://www.radionacional.gob.pe/salud/ministerio-de-salud-reporta-avances-en-campana-de-vacunacion#1759813745160-srkmcy50e,"El Ministerio de Salud informó sobre los avances en la campaña de vacunación contra diversas enfermedades, alcanzando importantes coberturas en las regiones más vulnerables del país.",,Radio Nacional del Perú,2025-10-07T05:09:05.160Z,cmgg1fs0f0007112gev7odmxo,Salud,#10B981
cmgg3o07b00w513ghqngaoc4i,Cultura peruana celebra el Día Internacional de la Lengua Materna,https://www.radionacional.gob.pe/cultura/cultura-peruana-celebra-el-dia-internacional-de-la-lengua-materna#1759813745158-8h4qldqqq,"Diversas actividades culturales se realizan en todo el país para conmemorar el Día Internacional de la Lengua Materna, destacando la importancia de preservar las lenguas originarias del Perú.",,Radio Nacional del Perú,2025-10-07T05:09:05.159Z,cmgg1fs0b0000112g1dwxzwzw,Actualidad,#3B82F6
cmgg3o07800w313ghv7xw2gua,Gobierno anuncia nuevas medidas económicas para reactivar el país,https://www.radionacional.gob.pe/economia/gobierno-anuncia-nuevas-medidas-economicas-para-reactivar-el-pais#1759813745156-uoh61lcuw,"El Ministerio de Economía y Finanzas presentó un paquete de medidas destinadas a impulsar la reactivación económica del país, incluyendo incentivos fiscales y programas de apoyo a las pequeñas empresas.",,Radio Nacional del Perú,2025-10-07T05:09:05.157Z,cmgg1fs0c0002112gtz9dd9xz,Economía,#059669
cmgg3nvt400un13ghgzckf2s5,"Miguel Ángel Russo, entrenador de Boca Juniors, en grave estado de salud",https://rpp.pe/deportes/futbol/miguel-angel-russo-entrenador-de-boca-juniors-en-grave-estado-de-salud-noticia-123460#1759813739464-rmyiwb3ab,"El entrenador de Boca Juniors, Miguel Ángel Russo, se encuentra en grave estado de salud y fue internado en un centro médico. El club emitió un comunicado informando sobre su situación.",,RPP Noticias,2025-10-07T05:08:59.465Z,cmgg1fs0f0007112gev7odmxo,Salud,#10B981
cmgg3nvt300ul13ghvh7zvo0o,Crisis sanitaria en Brasil: lo que se sabe de la intoxicación masiva por metanol,https://rpp.pe/mundo/latinoamerica/crisis-sanitaria-en-brasil-lo-que-se-sabe-de-la-intoxicacion-masiva-por-metanol-noticia-123459#1759813739463-jswnbqixv,Las autoridades brasileñas investigan una intoxicación masiva por metanol que ha causado muertes y la caída del consumo de alcohol en el país. Se han reportado varios casos en diferentes estados.,,RPP Noticias,2025-10-07T05:08:59.464Z,cmgg1fs0c0003112g7epw4vrz,Deportes,#F59E0B
cmgg3nvt100uf13ghwuij6qxk,Dirigentes transportistas acuerdan no continuar con el paro tras reunión con ministros,https://rpp.pe/politica/actualidad/dirigentes-transportistas-acuerdan-no-continuar-con-el-paro-tras-reunion-con-ministros-noticia-123456#1759813739461-m1ct9pw7m,"Los representantes del sector sostuvieron una reunión con el jefe del Gabinete Ministerial, Eduardo Arana, y otros ministros en la que acordaron, entre otros puntos, la instalación de una mesa de trabajo.",,RPP Noticias,2025-10-07T05:08:59.462Z,cmgg1fs0b0001112g2lb2odtv,Política,#DC2626
cmgg3nvt200uh13ghg6djx28h,Con caras nuevas: Selección Peruana empezó sus entrenamientos pensando en duelo ante Chile,https://rpp.pe/deportes/futbol/con-caras-nuevas-seleccion-peruana-empezo-sus-entrenamientos-pensando-en-duelo-ante-chile-noticia-123457#1759813739462-akkrpm6tg,"Con la presencia de 20 futbolistas, la Selección Peruana empezó sus entrenamientos en La Videna FPF con miras al partido amistoso ante Chile. Felipe Chávez de Bayern Munich dijo presente.",,RPP Noticias,2025-10-07T05:08:59.462Z,cmgg1fs0c0003112g7epw4vrz,Deportes,#F59E0B
cmgg3nvsx00ub13ghi3xmotu1,Medio ambiente: Proyecto de conservación en la Amazonía peruana,https://www.radionacional.gob.pe/medio-ambiente/proyecto-de-conservacion-en-la-amazonia-peruana#1759813739457-ujrrtdfsc,Se lanza un nuevo proyecto de conservación en la Amazonía peruana que busca proteger la biodiversidad y promover el desarrollo sostenible en las comunidades locales.,,Radio Nacional del Perú,2025-10-07T05:08:59.457Z,cmgg1fs0g000a112g93a1z2i9,Medio Ambiente,#22C55E
cmgg3nvsw00u913ghuu504l2a,Educación: Nuevas tecnologías llegan a escuelas rurales,https://www.radionacional.gob.pe/educacion/nuevas-tecnologias-llegan-a-escuelas-rurales#1759813739455-qca9fs650,"El Ministerio de Educación implementa programas de tecnología educativa en escuelas rurales, llevando internet y equipos informáticos a comunidades alejadas para mejorar la calidad educativa.",,Radio Nacional del Perú,2025-10-07T05:08:59.456Z,cmgg1fs0f0008112gsse5oyp2,Sociedad,#F97316
cmgg3nvsv00u713gh8kg1ihge,Ministerio de Salud reporta avances en campaña de vacunación,https://www.radionacional.gob.pe/salud/ministerio-de-salud-reporta-avances-en-campana-de-vacunacion#1759813739454-cxzaxqm9q,"El Ministerio de Salud informó sobre los avances en la campaña de vacunación contra diversas enfermedades, alcanzando importantes coberturas en las regiones más vulnerables del país.",,Radio Nacional del Perú,2025-10-07T05:08:59.455Z,cmgg1fs0f0007112gev7odmxo,Salud,#10B981
cmgg3nvst00u513ghsrm1oej4,Cultura peruana celebra el Día Internacional de la Lengua Materna,https://www.radionacional.gob.pe/cultura/cultura-peruana-celebra-el-dia-internacional-de-la-lengua-materna#1759813739453-dyi96uiln,"Diversas actividades culturales se realizan en todo el país para conmemorar el Día Internacional de la Lengua Materna, destacando la importancia de preservar las lenguas originarias del Perú.",,Radio Nacional del Perú,2025-10-07T05:08:59.454Z,cmgg1fs0b0000112g1dwxzwzw,Actualidad,#3B82F6
cmgg3nvsr00u313ghe2e7mwgb,Gobierno anuncia nuevas medidas económicas para reactivar el país,https://www.radionacional.gob.pe/economia/gobierno-anuncia-nuevas-medidas-economicas-para-reactivar-el-pais#1759813739450-8wanjwhzy,"El Ministerio de Economía y Finanzas presentó un paquete de medidas destinadas a impulsar la reactivación económica del país, incluyendo incentivos fiscales y programas de apoyo a las pequeñas empresas.",,Radio Nacional del Perú,2025-10-07T05:08:59.451Z,cmgg1fs0c0002112gtz9dd9xz,Economía,#059669
cmgg3nuh800sn13ghbkyi0eau,"Miguel Ángel Russo, entrenador de Boca Juniors, en grave estado de salud",https://rpp.pe/deportes/futbol/miguel-angel-russo-entrenador-de-boca-juniors-en-grave-estado-de-salud-noticia-123460#1759813737740-nubcju0lt,"El entrenador de Boca Juniors, Miguel Ángel Russo, se encuentra en grave estado de salud y fue internado en un centro médico. El club emitió un comunicado informando sobre su situación.",,RPP Noticias,2025-10-07T05:08:57.741Z,cmgg1fs0f0007112gev7odmxo,Salud,#10B981
cmgg3nuh700sl13ghnii3t4wg,Crisis sanitaria en Brasil: lo que se sabe de la intoxicación masiva por metanol,https://rpp.pe/mundo/latinoamerica/crisis-sanitaria-en-brasil-lo-que-se-sabe-de-la-intoxicacion-masiva-por-metanol-noticia-123459#1759813737739-9thzvqij9,Las autoridades brasileñas investigan una intoxicación masiva por metanol que ha causado muertes y la caída del consumo de alcohol en el país. Se han reportado varios casos en diferentes estados.,,RPP Noticias,2025-10-07T05:08:57.740Z,cmgg1fs0c0003112g7epw4vrz,Deportes,#F59E0B
cmgg3nuh500sf13ght2yydlm1,Dirigentes transportistas acuerdan no continuar con el paro tras reunión con ministros,https://rpp.pe/politica/actualidad/dirigentes-transportistas-acuerdan-no-continuar-con-el-paro-tras-reunion-con-ministros-noticia-123456#1759813737737-lol0h9xkq,"Los representantes del sector sostuvieron una reunión con el jefe del Gabinete Ministerial, Eduardo Arana, y otros ministros en la que acordaron, entre otros puntos, la instalación de una mesa de trabajo.",,RPP Noticias,2025-10-07T05:08:57.738Z,cmgg1fs0b0001112g2lb2odtv,Política,#DC2626
cmgg3nuh600sh13ghvlhv2vq2,Con caras nuevas: Selección Peruana empezó sus entrenamientos pensando en duelo ante Chile,https://rpp.pe/deportes/futbol/con-caras-nuevas-seleccion-peruana-empezo-sus-entrenamientos-pensando-en-duelo-ante-chile-noticia-123457#1759813737738-rz9009sei,"Con la presencia de 20 futbolistas, la Selección Peruana empezó sus entrenamientos en La Videna FPF con miras al partido amistoso ante Chile. Felipe Chávez de Bayern Munich dijo presente.",,RPP Noticias,2025-10-07T05:08:57.738Z,cmgg1fs0c0003112g7epw4vrz,Deportes,#F59E0B
cmgg3nuh000sb13gh2fi7vnh3,Medio ambiente: Proyecto de conservación en la Amazonía peruana,https://www.radionacional.gob.pe/medio-ambiente/proyecto-de-conservacion-en-la-amazonia-peruana#1759813737732-7f0kuof93,Se lanza un nuevo proyecto de conservación en la Amazonía peruana que busca proteger la biodiversidad y promover el desarrollo sostenible en las comunidades locales.,,Radio Nacional del Perú,2025-10-07T05:08:57.733Z,cmgg1fs0g000a112g93a1z2i9,Medio Ambiente,#22C55E
cmgg3nugz00s913ghfe9bjfhj,Educación: Nuevas tecnologías llegan a escuelas rurales,https://www.radionacional.gob.pe/educacion/nuevas-tecnologias-llegan-a-escuelas-rurales#1759813737731-sevcfz9gk,"El Ministerio de Educación implementa programas de tecnología educativa en escuelas rurales, llevando internet y equipos informáticos a comunidades alejadas para mejorar la calidad educativa.",,Radio Nacional del Perú,2025-10-07T05:08:57.732Z,cmgg1fs0f0008112gsse5oyp2,Sociedad,#F97316
cmgg3nugy00s713ghewjqd62h,Ministerio de Salud reporta avances en campaña de vacunación,https://www.radionacional.gob.pe/salud/ministerio-de-salud-reporta-avances-en-campana-de-vacunacion#1759813737730-9e9dw8kf1,"El Ministerio de Salud informó sobre los avances en la campaña de vacunación contra diversas enfermedades, alcanzando importantes coberturas en las regiones más vulnerables del país.",,Radio Nacional del Perú,2025-10-07T05:08:57.731Z,cmgg1fs0f0007112gev7odmxo,Salud,#10B981
cmgg3nugx00s513ghkt0eoywj,Cultura peruana celebra el Día Internacional de la Lengua Materna,https://www.radionacional.gob.pe/cultura/cultura-peruana-celebra-el-dia-internacional-de-la-lengua-materna#1759813737728-w5qv7wbsf,"Diversas actividades culturales se realizan en todo el país para conmemorar el Día Internacional de la Lengua Materna, destacando la importancia de preservar las lenguas originarias del Perú.",,Radio Nacional del Perú,2025-10-07T05:08:57.729Z,cmgg1fs0b0000112g1dwxzwzw,Actualidad,#3B82F6
cmgg3nugu00s313ght3yf2mad,Gobierno anuncia nuevas medidas económicas para reactivar el país,https://www.radionacional.gob.pe/economia/gobierno-anuncia-nuevas-medidas-economicas-para-reactivar-el-pais#1759813737726-wd173ybk5,"El Ministerio de Economía y Finanzas presentó un paquete de medidas destinadas a impulsar la reactivación económica del país, incluyendo incentivos fiscales y programas de apoyo a las pequeñas empresas.",,Radio Nacional del Perú,2025-10-07T05:08:57.727Z,cmgg1fs0c0002112gtz9dd9xz,Economía,#059669
cmgg3nt5300qn13gh05kogr8i,"Miguel Ángel Russo, entrenador de Boca Juniors, en grave estado de salud",https://rpp.pe/deportes/futbol/miguel-angel-russo-entrenador-de-boca-juniors-en-grave-estado-de-salud-noticia-123460#1759813736006-0c57um9xn,"El entrenador de Boca Juniors, Miguel Ángel Russo, se encuentra en grave estado de salud y fue internado en un centro médico. El club emitió un comunicado informando sobre su situación.",,RPP Noticias,2025-10-07T05:08:56.007Z,cmgg1fs0f0007112gev7odmxo,Salud,#10B981
cmgg3nt5200ql13ghe2b1vtsz,Crisis sanitaria en Brasil: lo que se sabe de la intoxicación masiva por metanol,https://rpp.pe/mundo/latinoamerica/crisis-sanitaria-en-brasil-lo-que-se-sabe-de-la-intoxicacion-masiva-por-metanol-noticia-123459#1759813736006-kcnx121j7,Las autoridades brasileñas investigan una intoxicación masiva por metanol que ha causado muertes y la caída del consumo de alcohol en el país. Se han reportado varios casos en diferentes estados.,,RPP Noticias,2025-10-07T05:08:56.006Z,cmgg1fs0c0003112g7epw4vrz,Deportes,#F59E0B
cmgg3nt5000qh13ghnbh7erkj,Con caras nuevas: Selección Peruana empezó sus entrenamientos pensando en duelo ante Chile,https://rpp.pe/deportes/futbol/con-caras-nuevas-seleccion-peruana-empezo-sus-entrenamientos-pensando-en-duelo-ante-chile-noticia-123457#1759813736004-4tp2kt51l,"Con la presencia de 20 futbolistas, la Selección Peruana empezó sus entrenamientos en La Videna FPF con miras al partido amistoso ante Chile. Felipe Chávez de Bayern Munich dijo presente.",,RPP Noticias,2025-10-07T05:08:56.005Z,cmgg1fs0c0003112g7epw4vrz,Deportes,#F59E0B
cmgg3nt5000qf13ghfn9aewxe,Dirigentes transportistas acuerdan no continuar con el paro tras reunión con ministros,https://rpp.pe/politica/actualidad/dirigentes-transportistas-acuerdan-no-continuar-con-el-paro-tras-reunion-con-ministros-noticia-123456#1759813736003-e9hmy9ut1,"Los representantes del sector sostuvieron una reunión con el jefe del Gabinete Ministerial, Eduardo Arana, y otros ministros en la que acordaron, entre otros puntos, la instalación de una mesa de trabajo.",,RPP Noticias,2025-10-07T05:08:56.004Z,cmgg1fs0b0001112g2lb2odtv,Política,#DC2626
cmgg3nt4v00qb13gh2jcc6hoh,Medio ambiente: Proyecto de conservación en la Amazonía peruana,https://www.radionacional.gob.pe/medio-ambiente/proyecto-de-conservacion-en-la-amazonia-peruana#1759813735999-4l18texy2,Se lanza un nuevo proyecto de conservación en la Amazonía peruana que busca proteger la biodiversidad y promover el desarrollo sostenible en las comunidades locales.,,Radio Nacional del Perú,2025-10-07T05:08:55.999Z,cmgg1fs0g000a112g93a1z2i9,Medio Ambiente,#22C55E
cmgg3nt4u00q913ghjnnk2q8v,Educación: Nuevas tecnologías llegan a escuelas rurales,https://www.radionacional.gob.pe/educacion/nuevas-tecnologias-llegan-a-escuelas-rurales#1759813735998-m4wnh977q,"El Ministerio de Educación implementa programas de tecnología educativa en escuelas rurales, llevando internet y equipos informáticos a comunidades alejadas para mejorar la calidad educativa.",,Radio Nacional del Perú,2025-10-07T05:08:55.998Z,cmgg1fs0f0008112gsse5oyp2,Sociedad,#F97316
cmgg3nt4t00q713ghbv75gult,Ministerio de Salud reporta avances en campaña de vacunación,https://www.radionacional.gob.pe/salud/ministerio-de-salud-reporta-avances-en-campana-de-vacunacion#1759813735996-c2ge55x6g,"El Ministerio de Salud informó sobre los avances en la campaña de vacunación contra diversas enfermedades, alcanzando importantes coberturas en las regiones más vulnerables del país.",,Radio Nacional del Perú,2025-10-07T05:08:55.997Z,cmgg1fs0f0007112gev7odmxo,Salud,#10B981
cmgg3nt4r00q513gh7kzasb96,Cultura peruana celebra el Día Internacional de la Lengua Materna,https://www.radionacional.gob.pe/cultura/cultura-peruana-celebra-el-dia-internacional-de-la-lengua-materna#1759813735995-v8cbv33s2,"Diversas actividades culturales se realizan en todo el país para conmemorar el Día Internacional de la Lengua Materna, destacando la importancia de preservar las lenguas originarias del Perú.",,Radio Nacional del Perú,2025-10-07T05:08:55.996Z,cmgg1fs0b0000112g1dwxzwzw,Actualidad,#3B82F6
cmgg3nt4o00q313ghyvqnvfog,Gobierno anuncia nuevas medidas económicas para reactivar el país,https://www.radionacional.gob.pe/economia/gobierno-anuncia-nuevas-medidas-economicas-para-reactivar-el-pais#1759813735992-zdiolzqhu,"El Ministerio de Economía y Finanzas presentó un paquete de medidas destinadas a impulsar la reactivación económica del país, incluyendo incentivos fiscales y programas de apoyo a las pequeñas empresas.",,Radio Nacional del Perú,2025-10-07T05:08:55.993Z,cmgg1fs0c0002112gtz9dd9xz,Economía,#059669
cmgg3nru300ol13gh712sp3p4,Crisis sanitaria en Brasil: lo que se sabe de la intoxicación masiva por metanol,https://rpp.pe/mundo/latinoamerica/crisis-sanitaria-en-brasil-lo-que-se-sabe-de-la-intoxicacion-masiva-por-metanol-noticia-123459#1759813734315-9inog1ef5,Las autoridades brasileñas investigan una intoxicación masiva por metanol que ha causado muertes y la caída del consumo de alcohol en el país. Se han reportado varios casos en diferentes estados.,,RPP Noticias,2025-10-07T05:08:54.316Z,cmgg1fs0c0003112g7epw4vrz,Deportes,#F59E0B
cmgg3nru400on13ghs8zd2xod,"Miguel Ángel Russo, entrenador de Boca Juniors, en grave estado de salud",https://rpp.pe/deportes/futbol/miguel-angel-russo-entrenador-de-boca-juniors-en-grave-estado-de-salud-noticia-123460#1759813734316-r4mjjtfxy,"El entrenador de Boca Juniors, Miguel Ángel Russo, se encuentra en grave estado de salud y fue internado en un centro médico. El club emitió un comunicado informando sobre su situación.",,RPP Noticias,2025-10-07T05:08:54.316Z,cmgg1fs0f0007112gev7odmxo,Salud,#10B981
cmgg3nru200oh13ghp2lp76wo,Con caras nuevas: Selección Peruana empezó sus entrenamientos pensando en duelo ante Chile,https://rpp.pe/deportes/futbol/con-caras-nuevas-seleccion-peruana-empezo-sus-entrenamientos-pensando-en-duelo-ante-chile-noticia-123457#1759813734314-xea7iz6ed,"Con la presencia de 20 futbolistas, la Selección Peruana empezó sus entrenamientos en La Videna FPF con miras al partido amistoso ante Chile. Felipe Chávez de Bayern Munich dijo presente.",,RPP Noticias,2025-10-07T05:08:54.314Z,cmgg1fs0c0003112g7epw4vrz,Deportes,#F59E0B
cmgg3nru100of13ghoyahje93,Dirigentes transportistas acuerdan no continuar con el paro tras reunión con ministros,https://rpp.pe/politica/actualidad/dirigentes-transportistas-acuerdan-no-continuar-con-el-paro-tras-reunion-con-ministros-noticia-123456#1759813734313-f9fxlih7k,"Los representantes del sector sostuvieron una reunión con el jefe del Gabinete Ministerial, Eduardo Arana, y otros ministros en la que acordaron, entre otros puntos, la instalación de una mesa de trabajo.",,RPP Noticias,2025-10-07T05:08:54.313Z,cmgg1fs0b0001112g2lb2odtv,Política,#DC2626
cmgg3nrtx00ob13ghi0m2zyql,Medio ambiente: Proyecto de conservación en la Amazonía peruana,https://www.radionacional.gob.pe/medio-ambiente/proyecto-de-conservacion-en-la-amazonia-peruana#1759813734309-2mtw0jqbu,Se lanza un nuevo proyecto de conservación en la Amazonía peruana que busca proteger la biodiversidad y promover el desarrollo sostenible en las comunidades locales.,,Radio Nacional del Perú,2025-10-07T05:08:54.309Z,cmgg1fs0g000a112g93a1z2i9,Medio Ambiente,#22C55E
cmgg3nrtw00o913gh3m1bp0pt,Educación: Nuevas tecnologías llegan a escuelas rurales,https://www.radionacional.gob.pe/educacion/nuevas-tecnologias-llegan-a-escuelas-rurales#1759813734307-6x6l7nd82,"El Ministerio de Educación implementa programas de tecnología educativa en escuelas rurales, llevando internet y equipos informáticos a comunidades alejadas para mejorar la calidad educativa.",,Radio Nacional del Perú,2025-10-07T05:08:54.308Z,cmgg1fs0f0008112gsse5oyp2,Sociedad,#F97316
cmgg3nrtv00o713ghbk8x4z80,Ministerio de Salud reporta avances en campaña de vacunación,https://www.radionacional.gob.pe/salud/ministerio-de-salud-reporta-avances-en-campana-de-vacunacion#1759813734306-v4sx9agas,"El Ministerio de Salud informó sobre los avances en la campaña de vacunación contra diversas enfermedades, alcanzando importantes coberturas en las regiones más vulnerables del país.",,Radio Nacional del Perú,2025-10-07T05:08:54.307Z,cmgg1fs0f0007112gev7odmxo,Salud,#10B981
cmgg3nrtt00o513ghm5j1fcbs,Cultura peruana celebra el Día Internacional de la Lengua Materna,https://www.radionacional.gob.pe/cultura/cultura-peruana-celebra-el-dia-internacional-de-la-lengua-materna#1759813734305-777ba4oep,"Diversas actividades culturales se realizan en todo el país para conmemorar el Día Internacional de la Lengua Materna, destacando la importancia de preservar las lenguas originarias del Perú.",,Radio Nacional del Perú,2025-10-07T05:08:54.305Z,cmgg1fs0b0000112g1dwxzwzw,Actualidad,#3B82F6
cmgg3nrtr00o313ghdm6txt2f,Gobierno anuncia nuevas medidas económicas para reactivar el país,https://www.radionacional.gob.pe/economia/gobierno-anuncia-nuevas-medidas-economicas-para-reactivar-el-pais#1759813734302-bons79tij,"El Ministerio de Economía y Finanzas presentó un paquete de medidas destinadas a impulsar la reactivación económica del país, incluyendo incentivos fiscales y programas de apoyo a las pequeñas empresas.",,Radio Nacional del Perú,2025-10-07T05:08:54.303Z,cmgg1fs0c0002112gtz9dd9xz,Economía,#059669
cmgg3nqfg00mn13gh4srk379g,"Miguel Ángel Russo, entrenador de Boca Juniors, en grave estado de salud",https://rpp.pe/deportes/futbol/miguel-angel-russo-entrenador-de-boca-juniors-en-grave-estado-de-salud-noticia-123460#1759813732492-04kvjtl2m,"El entrenador de Boca Juniors, Miguel Ángel Russo, se encuentra en grave estado de salud y fue internado en un centro médico. El club emitió un comunicado informando sobre su situación.",,RPP Noticias,2025-10-07T05:08:52.493Z,cmgg1fs0f0007112gev7odmxo,Salud,#10B981
cmgg3nqfg00ml13ghh821k4sw,Crisis sanitaria en Brasil: lo que se sabe de la intoxicación masiva por metanol,https://rpp.pe/mundo/latinoamerica/crisis-sanitaria-en-brasil-lo-que-se-sabe-de-la-intoxicacion-masiva-por-metanol-noticia-123459#1759813732492-3bt1eb4pd,Las autoridades brasileñas investigan una intoxicación masiva por metanol que ha causado muertes y la caída del consumo de alcohol en el país. Se han reportado varios casos en diferentes estados.,,RPP Noticias,2025-10-07T05:08:52.492Z,cmgg1fs0c0003112g7epw4vrz,Deportes,#F59E0B
cmgg3nqfe00mh13ghhmx1csxs,Con caras nuevas: Selección Peruana empezó sus entrenamientos pensando en duelo ante Chile,https://rpp.pe/deportes/futbol/con-caras-nuevas-seleccion-peruana-empezo-sus-entrenamientos-pensando-en-duelo-ante-chile-noticia-123457#1759813732490-3p3bnsxqn,"Con la presencia de 20 futbolistas, la Selección Peruana empezó sus entrenamientos en La Videna FPF con miras al partido amistoso ante Chile. Felipe Chávez de Bayern Munich dijo presente.",,RPP Noticias,2025-10-07T05:08:52.491Z,cmgg1fs0c0003112g7epw4vrz,Deportes,#F59E0B
cmgg3nqfe00mf13gh1xb8ynio,Dirigentes transportistas acuerdan no continuar con el paro tras reunión con ministros,https://rpp.pe/politica/actualidad/dirigentes-transportistas-acuerdan-no-continuar-con-el-paro-tras-reunion-con-ministros-noticia-123456#1759813732489-ogugksitv,"Los representantes del sector sostuvieron una reunión con el jefe del Gabinete Ministerial, Eduardo Arana, y otros ministros en la que acordaron, entre otros puntos, la instalación de una mesa de trabajo.",,RPP Noticias,2025-10-07T05:08:52.490Z,cmgg1fs0b0001112g2lb2odtv,Política,#DC2626
cmgg3nqf900mb13ghuh3x3tog,Medio ambiente: Proyecto de conservación en la Amazonía peruana,https://www.radionacional.gob.pe/medio-ambiente/proyecto-de-conservacion-en-la-amazonia-peruana#1759813732485-4yi2mpnui,Se lanza un nuevo proyecto de conservación en la Amazonía peruana que busca proteger la biodiversidad y promover el desarrollo sostenible en las comunidades locales.,,Radio Nacional del Perú,2025-10-07T05:08:52.485Z,cmgg1fs0g000a112g93a1z2i9,Medio Ambiente,#22C55E
cmgg3nqf800m913ghh0645vnl,Educación: Nuevas tecnologías llegan a escuelas rurales,https://www.radionacional.gob.pe/educacion/nuevas-tecnologias-llegan-a-escuelas-rurales#1759813732484-ld88ge5us,"El Ministerio de Educación implementa programas de tecnología educativa en escuelas rurales, llevando internet y equipos informáticos a comunidades alejadas para mejorar la calidad educativa.",,Radio Nacional del Perú,2025-10-07T05:08:52.484Z,cmgg1fs0f0008112gsse5oyp2,Sociedad,#F97316
cmgg3nqf700m713ghd0idaug2,Ministerio de Salud reporta avances en campaña de vacunación,https://www.radionacional.gob.pe/salud/ministerio-de-salud-reporta-avances-en-campana-de-vacunacion#1759813732482-7yoa28o2t,"El Ministerio de Salud informó sobre los avances en la campaña de vacunación contra diversas enfermedades, alcanzando importantes coberturas en las regiones más vulnerables del país.",,Radio Nacional del Perú,2025-10-07T05:08:52.483Z,cmgg1fs0f0007112gev7odmxo,Salud,#10B981
cmgg3nqf500m513ghcvvay4as,Cultura peruana celebra el Día Internacional de la Lengua Materna,https://www.radionacional.gob.pe/cultura/cultura-peruana-celebra-el-dia-internacional-de-la-lengua-materna#1759813732481-xcwtyo6bk,"Diversas actividades culturales se realizan en todo el país para conmemorar el Día Internacional de la Lengua Materna, destacando la importancia de preservar las lenguas originarias del Perú.",,Radio Nacional del Perú,2025-10-07T05:08:52.481Z,cmgg1fs0b0000112g1dwxzwzw,Actualidad,#3B82F6
cmgg3nqf300m313ghmu81abov,Gobierno anuncia nuevas medidas económicas para reactivar el país,https://www.radionacional.gob.pe/economia/gobierno-anuncia-nuevas-medidas-economicas-para-reactivar-el-pais#1759813732478-sdp3jr2wc,"El Ministerio de Economía y Finanzas presentó un paquete de medidas destinadas a impulsar la reactivación económica del país, incluyendo incentivos fiscales y programas de apoyo a las pequeñas empresas.",,Radio Nacional del Perú,2025-10-07T05:08:52.479Z,cmgg1fs0c0002112gtz9dd9xz,Economía,#059669
cmgg3nogr00kn13gh15q9cdzg,"Miguel Ángel Russo, entrenador de Boca Juniors, en grave estado de salud",https://rpp.pe/deportes/futbol/miguel-angel-russo-entrenador-de-boca-juniors-en-grave-estado-de-salud-noticia-123460#1759813729947-fzwtgqp9j,"El entrenador de Boca Juniors, Miguel Ángel Russo, se encuentra en grave estado de salud y fue internado en un centro médico. El club emitió un comunicado informando sobre su situación.",,RPP Noticias,2025-10-07T05:08:49.948Z,cmgg1fs0f0007112gev7odmxo,Salud,#10B981
cmgg3nogq00kl13gh2jz0h8na,Crisis sanitaria en Brasil: lo que se sabe de la intoxicación masiva por metanol,https://rpp.pe/mundo/latinoamerica/crisis-sanitaria-en-brasil-lo-que-se-sabe-de-la-intoxicacion-masiva-por-metanol-noticia-123459#1759813729946-za9ju6al4,Las autoridades brasileñas investigan una intoxicación masiva por metanol que ha causado muertes y la caída del consumo de alcohol en el país. Se han reportado varios casos en diferentes estados.,,RPP Noticias,2025-10-07T05:08:49.947Z,cmgg1fs0c0003112g7epw4vrz,Deportes,#F59E0B
cmgg3nogp00kh13gh4z6k3tnq,Con caras nuevas: Selección Peruana empezó sus entrenamientos pensando en duelo ante Chile,https://rpp.pe/deportes/futbol/con-caras-nuevas-seleccion-peruana-empezo-sus-entrenamientos-pensando-en-duelo-ante-chile-noticia-123457#1759813729945-0x6fr1hd7,"Con la presencia de 20 futbolistas, la Selección Peruana empezó sus entrenamientos en La Videna FPF con miras al partido amistoso ante Chile. Felipe Chávez de Bayern Munich dijo presente.",,RPP Noticias,2025-10-07T05:08:49.945Z,cmgg1fs0c0003112g7epw4vrz,Deportes,#F59E0B
cmgg3nogo00kf13gh6o4dukw3,Dirigentes transportistas acuerdan no continuar con el paro tras reunión con ministros,https://rpp.pe/politica/actualidad/dirigentes-transportistas-acuerdan-no-continuar-con-el-paro-tras-reunion-con-ministros-noticia-123456#1759813729944-yol8hh7am,"Los representantes del sector sostuvieron una reunión con el jefe del Gabinete Ministerial, Eduardo Arana, y otros ministros en la que acordaron, entre otros puntos, la instalación de una mesa de trabajo.",,RPP Noticias,2025-10-07T05:08:49.944Z,cmgg1fs0b0001112g2lb2odtv,Política,#DC2626
cmgg3nogj00kb13ghrqw2j8n6,Medio ambiente: Proyecto de conservación en la Amazonía peruana,https://www.radionacional.gob.pe/medio-ambiente/proyecto-de-conservacion-en-la-amazonia-peruana#1759813729939-p7up7n27o,Se lanza un nuevo proyecto de conservación en la Amazonía peruana que busca proteger la biodiversidad y promover el desarrollo sostenible en las comunidades locales.,,Radio Nacional del Perú,2025-10-07T05:08:49.940Z,cmgg1fs0g000a112g93a1z2i9,Medio Ambiente,#22C55E
cmgg3nogi00k913gh1o8zef5c,Educación: Nuevas tecnologías llegan a escuelas rurales,https://www.radionacional.gob.pe/educacion/nuevas-tecnologias-llegan-a-escuelas-rurales#1759813729938-o53rklbt4,"El Ministerio de Educación implementa programas de tecnología educativa en escuelas rurales, llevando internet y equipos informáticos a comunidades alejadas para mejorar la calidad educativa.",,Radio Nacional del Perú,2025-10-07T05:08:49.939Z,cmgg1fs0f0008112gsse5oyp2,Sociedad,#F97316
cmgg3nogh00k713ghzvan05go,Ministerio de Salud reporta avances en campaña de vacunación,https://www.radionacional.gob.pe/salud/ministerio-de-salud-reporta-avances-en-campana-de-vacunacion#1759813729937-zb8y49jyl,"El Ministerio de Salud informó sobre los avances en la campaña de vacunación contra diversas enfermedades, alcanzando importantes coberturas en las regiones más vulnerables del país.",,Radio Nacional del Perú,2025-10-07T05:08:49.938Z,cmgg1fs0f0007112gev7odmxo,Salud,#10B981
cmgg3nogg00k513ght5641qq9,Cultura peruana celebra el Día Internacional de la Lengua Materna,https://www.radionacional.gob.pe/cultura/cultura-peruana-celebra-el-dia-internacional-de-la-lengua-materna#1759813729936-p1bgr3fy9,"Diversas actividades culturales se realizan en todo el país para conmemorar el Día Internacional de la Lengua Materna, destacando la importancia de preservar las lenguas originarias del Perú.",,Radio Nacional del Perú,2025-10-07T05:08:49.936Z,cmgg1fs0b0000112g1dwxzwzw,Actualidad,#3B82F6
cmgg3noge00k313ghruwvouqh,Gobierno anuncia nuevas medidas económicas para reactivar el país,https://www.radionacional.gob.pe/economia/gobierno-anuncia-nuevas-medidas-economicas-para-reactivar-el-pais#1759813729933-7g8crifuw,"El Ministerio de Economía y Finanzas presentó un paquete de medidas destinadas a impulsar la reactivación económica del país, incluyendo incentivos fiscales y programas de apoyo a las pequeñas empresas.",,Radio Nacional del Perú,2025-10-07T05:08:49.934Z,cmgg1fs0c0002112gtz9dd9xz,Economía,#059669
cmgg3nji100in13ghcmxnikrr,"Miguel Ángel Russo, entrenador de Boca Juniors, en grave estado de salud",https://rpp.pe/deportes/futbol/miguel-angel-russo-entrenador-de-boca-juniors-en-grave-estado-de-salud-noticia-123460#1759813723512-3ab42ruy2,"El entrenador de Boca Juniors, Miguel Ángel Russo, se encuentra en grave estado de salud y fue internado en un centro médico. El club emitió un comunicado informando sobre su situación.",,RPP Noticias,2025-10-07T05:08:43.513Z,cmgg1fs0f0007112gev7odmxo,Salud,#10B981
cmgg3nji000il13gh3uemk85m,Crisis sanitaria en Brasil: lo que se sabe de la intoxicación masiva por metanol,https://rpp.pe/mundo/latinoamerica/crisis-sanitaria-en-brasil-lo-que-se-sabe-de-la-intoxicacion-masiva-por-metanol-noticia-123459#1759813723512-t7d2o0u0u,Las autoridades brasileñas investigan una intoxicación masiva por metanol que ha causado muertes y la caída del consumo de alcohol en el país. Se han reportado varios casos en diferentes estados.,,RPP Noticias,2025-10-07T05:08:43.512Z,cmgg1fs0c0003112g7epw4vrz,Deportes,#F59E0B
cmgg3njhy00ih13ghdcknpeap,Con caras nuevas: Selección Peruana empezó sus entrenamientos pensando en duelo ante Chile,https://rpp.pe/deportes/futbol/con-caras-nuevas-seleccion-peruana-empezo-sus-entrenamientos-pensando-en-duelo-ante-chile-noticia-123457#1759813723510-xjbdl7rk6,"Con la presencia de 20 futbolistas, la Selección Peruana empezó sus entrenamientos en La Videna FPF con miras al partido amistoso ante Chile. Felipe Chávez de Bayern Munich dijo presente.",,RPP Noticias,2025-10-07T05:08:43.511Z,cmgg1fs0c0003112g7epw4vrz,Deportes,#F59E0B
cmgg3njhx00if13gh03v1e10h,Dirigentes transportistas acuerdan no continuar con el paro tras reunión con ministros,https://rpp.pe/politica/actualidad/dirigentes-transportistas-acuerdan-no-continuar-con-el-paro-tras-reunion-con-ministros-noticia-123456#1759813723509-z4ydy6cgj,"Los representantes del sector sostuvieron una reunión con el jefe del Gabinete Ministerial, Eduardo Arana, y otros ministros en la que acordaron, entre otros puntos, la instalación de una mesa de trabajo.",,RPP Noticias,2025-10-07T05:08:43.510Z,cmgg1fs0b0001112g2lb2odtv,Política,#DC2626
cmgg3njhs00ib13gh29f0z0ij,Medio ambiente: Proyecto de conservación en la Amazonía peruana,https://www.radionacional.gob.pe/medio-ambiente/proyecto-de-conservacion-en-la-amazonia-peruana#1759813723504-1sgfnksc7,Se lanza un nuevo proyecto de conservación en la Amazonía peruana que busca proteger la biodiversidad y promover el desarrollo sostenible en las comunidades locales.,,Radio Nacional del Perú,2025-10-07T05:08:43.505Z,cmgg1fs0g000a112g93a1z2i9,Medio Ambiente,#22C55E
cmgg3njhr00i913ghsq38lpgh,Educación: Nuevas tecnologías llegan a escuelas rurales,https://www.radionacional.gob.pe/educacion/nuevas-tecnologias-llegan-a-escuelas-rurales#1759813723503-bfaddw7z4,"El Ministerio de Educación implementa programas de tecnología educativa en escuelas rurales, llevando internet y equipos informáticos a comunidades alejadas para mejorar la calidad educativa.",,Radio Nacional del Perú,2025-10-07T05:08:43.503Z,cmgg1fs0f0008112gsse5oyp2,Sociedad,#F97316
cmgg3njhp00i713ghpj7ojrv8,Ministerio de Salud reporta avances en campaña de vacunación,https://www.radionacional.gob.pe/salud/ministerio-de-salud-reporta-avances-en-campana-de-vacunacion#1759813723501-g5icjieo6,"El Ministerio de Salud informó sobre los avances en la campaña de vacunación contra diversas enfermedades, alcanzando importantes coberturas en las regiones más vulnerables del país.",,Radio Nacional del Perú,2025-10-07T05:08:43.502Z,cmgg1fs0f0007112gev7odmxo,Salud,#10B981
cmgg3njho00i513gh7vi5of1s,Cultura peruana celebra el Día Internacional de la Lengua Materna,https://www.radionacional.gob.pe/cultura/cultura-peruana-celebra-el-dia-internacional-de-la-lengua-materna#1759813723499-usx4ohdb2,"Diversas actividades culturales se realizan en todo el país para conmemorar el Día Internacional de la Lengua Materna, destacando la importancia de preservar las lenguas originarias del Perú.",,Radio Nacional del Perú,2025-10-07T05:08:43.500Z,cmgg1fs0b0000112g1dwxzwzw,Actualidad,#3B82F6
cmgg3njhl00i313ghasxp8kjf,Gobierno anuncia nuevas medidas económicas para reactivar el país,https://www.radionacional.gob.pe/economia/gobierno-anuncia-nuevas-medidas-economicas-para-reactivar-el-pais#1759813723497-00qkdx8yx,"El Ministerio de Economía y Finanzas presentó un paquete de medidas destinadas a impulsar la reactivación económica del país, incluyendo incentivos fiscales y programas de apoyo a las pequeñas empresas.",,Radio Nacional del Perú,2025-10-07T05:08:43.498Z,cmgg1fs0c0002112gtz9dd9xz,Economía,#059669
cmgg3nhx500gn13ghm6w3k3k7,"Miguel Ángel Russo, entrenador de Boca Juniors, en grave estado de salud",https://rpp.pe/deportes/futbol/miguel-angel-russo-entrenador-de-boca-juniors-en-grave-estado-de-salud-noticia-123460#1759813721465-l1yyygho2,"El entrenador de Boca Juniors, Miguel Ángel Russo, se encuentra en grave estado de salud y fue internado en un centro médico. El club emitió un comunicado informando sobre su situación.",,RPP Noticias,2025-10-07T05:08:41.466Z,cmgg1fs0f0007112gev7odmxo,Salud,#10B981
cmgg3nhx400gl13ghpnqqpcot,Crisis sanitaria en Brasil: lo que se sabe de la intoxicación masiva por metanol,https://rpp.pe/mundo/latinoamerica/crisis-sanitaria-en-brasil-lo-que-se-sabe-de-la-intoxicacion-masiva-por-metanol-noticia-123459#1759813721464-hp2o6njnc,Las autoridades brasileñas investigan una intoxicación masiva por metanol que ha causado muertes y la caída del consumo de alcohol en el país. Se han reportado varios casos en diferentes estados.,,RPP Noticias,2025-10-07T05:08:41.465Z,cmgg1fs0c0003112g7epw4vrz,Deportes,#F59E0B
cmgg3nhx300gh13ghjjol3xcz,Con caras nuevas: Selección Peruana empezó sus entrenamientos pensando en duelo ante Chile,https://rpp.pe/deportes/futbol/con-caras-nuevas-seleccion-peruana-empezo-sus-entrenamientos-pensando-en-duelo-ante-chile-noticia-123457#1759813721462-ceg49350w,"Con la presencia de 20 futbolistas, la Selección Peruana empezó sus entrenamientos en La Videna FPF con miras al partido amistoso ante Chile. Felipe Chávez de Bayern Munich dijo presente.",,RPP Noticias,2025-10-07T05:08:41.463Z,cmgg1fs0c0003112g7epw4vrz,Deportes,#F59E0B
cmgg3nhx200gf13ghcso8hkzh,Dirigentes transportistas acuerdan no continuar con el paro tras reunión con ministros,https://rpp.pe/politica/actualidad/dirigentes-transportistas-acuerdan-no-continuar-con-el-paro-tras-reunion-con-ministros-noticia-123456#1759813721461-zu3ah1wqf,"Los representantes del sector sostuvieron una reunión con el jefe del Gabinete Ministerial, Eduardo Arana, y otros ministros en la que acordaron, entre otros puntos, la instalación de una mesa de trabajo.",,RPP Noticias,2025-10-07T05:08:41.462Z,cmgg1fs0b0001112g2lb2odtv,Política,#DC2626
cmgg3nhwy00gb13ghn6yw65wr,Medio ambiente: Proyecto de conservación en la Amazonía peruana,https://www.radionacional.gob.pe/medio-ambiente/proyecto-de-conservacion-en-la-amazonia-peruana#1759813721457-y6s772km9,Se lanza un nuevo proyecto de conservación en la Amazonía peruana que busca proteger la biodiversidad y promover el desarrollo sostenible en las comunidades locales.,,Radio Nacional del Perú,2025-10-07T05:08:41.458Z,cmgg1fs0g000a112g93a1z2i9,Medio Ambiente,#22C55E
cmgg3nhwx00g913ghgjp9wdvv,Educación: Nuevas tecnologías llegan a escuelas rurales,https://www.radionacional.gob.pe/educacion/nuevas-tecnologias-llegan-a-escuelas-rurales#1759813721456-i2z60zlhg,"El Ministerio de Educación implementa programas de tecnología educativa en escuelas rurales, llevando internet y equipos informáticos a comunidades alejadas para mejorar la calidad educativa.",,Radio Nacional del Perú,2025-10-07T05:08:41.457Z,cmgg1fs0f0008112gsse5oyp2,Sociedad,#F97316
cmgg3nhwv00g713ghhw8hmoo0,Ministerio de Salud reporta avances en campaña de vacunación,https://www.radionacional.gob.pe/salud/ministerio-de-salud-reporta-avances-en-campana-de-vacunacion#1759813721455-ton7fl2gm,"El Ministerio de Salud informó sobre los avances en la campaña de vacunación contra diversas enfermedades, alcanzando importantes coberturas en las regiones más vulnerables del país.",,Radio Nacional del Perú,2025-10-07T05:08:41.456Z,cmgg1fs0f0007112gev7odmxo,Salud,#10B981
cmgg3nhwu00g513ghep9wugmn,Cultura peruana celebra el Día Internacional de la Lengua Materna,https://www.radionacional.gob.pe/cultura/cultura-peruana-celebra-el-dia-internacional-de-la-lengua-materna#1759813721454-75o2u8t8r,"Diversas actividades culturales se realizan en todo el país para conmemorar el Día Internacional de la Lengua Materna, destacando la importancia de preservar las lenguas originarias del Perú.",,Radio Nacional del Perú,2025-10-07T05:08:41.454Z,cmgg1fs0b0000112g1dwxzwzw,Actualidad,#3B82F6
cmgg3nhws00g313gh7t5vcg9g,Gobierno anuncia nuevas medidas económicas para reactivar el país,https://www.radionacional.gob.pe/economia/gobierno-anuncia-nuevas-medidas-economicas-para-reactivar-el-pais#1759813721451-770cscgd6,"El Ministerio de Economía y Finanzas presentó un paquete de medidas destinadas a impulsar la reactivación económica del país, incluyendo incentivos fiscales y programas de apoyo a las pequeñas empresas.",,Radio Nacional del Perú,2025-10-07T05:08:41.452Z,cmgg1fs0c0002112gtz9dd9xz,Economía,#059669
cmgg3nfhf00en13ghzsfgtugj,"Miguel Ángel Russo, entrenador de Boca Juniors, en grave estado de salud",https://rpp.pe/deportes/futbol/miguel-angel-russo-entrenador-de-boca-juniors-en-grave-estado-de-salud-noticia-123460#1759813718307-43g23ttz3,"El entrenador de Boca Juniors, Miguel Ángel Russo, se encuentra en grave estado de salud y fue internado en un centro médico. El club emitió un comunicado informando sobre su situación.",,RPP Noticias,2025-10-07T05:08:38.308Z,cmgg1fs0f0007112gev7odmxo,Salud,#10B981
cmgg3nfhf00el13gh3xu56e8j,Crisis sanitaria en Brasil: lo que se sabe de la intoxicación masiva por metanol,https://rpp.pe/mundo/latinoamerica/crisis-sanitaria-en-brasil-lo-que-se-sabe-de-la-intoxicacion-masiva-por-metanol-noticia-123459#1759813718307-i19ut8k80,Las autoridades brasileñas investigan una intoxicación masiva por metanol que ha causado muertes y la caída del consumo de alcohol en el país. Se han reportado varios casos en diferentes estados.,,RPP Noticias,2025-10-07T05:08:38.307Z,cmgg1fs0c0003112g7epw4vrz,Deportes,#F59E0B
cmgg3nfhe00eh13ghzn6qqcwi,Con caras nuevas: Selección Peruana empezó sus entrenamientos pensando en duelo ante Chile,https://rpp.pe/deportes/futbol/con-caras-nuevas-seleccion-peruana-empezo-sus-entrenamientos-pensando-en-duelo-ante-chile-noticia-123457#1759813718305-8emh8dlsl,"Con la presencia de 20 futbolistas, la Selección Peruana empezó sus entrenamientos en La Videna FPF con miras al partido amistoso ante Chile. Felipe Chávez de Bayern Munich dijo presente.",,RPP Noticias,2025-10-07T05:08:38.306Z,cmgg1fs0c0003112g7epw4vrz,Deportes,#F59E0B
cmgg3nfhd00ef13ghp9dla9c5,Dirigentes transportistas acuerdan no continuar con el paro tras reunión con ministros,https://rpp.pe/politica/actualidad/dirigentes-transportistas-acuerdan-no-continuar-con-el-paro-tras-reunion-con-ministros-noticia-123456#1759813718305-ixq5nshl7,"Los representantes del sector sostuvieron una reunión con el jefe del Gabinete Ministerial, Eduardo Arana, y otros ministros en la que acordaron, entre otros puntos, la instalación de una mesa de trabajo.",,RPP Noticias,2025-10-07T05:08:38.305Z,cmgg1fs0b0001112g2lb2odtv,Política,#DC2626
cmgg3nfha00eb13ghmhfdnmj1,Medio ambiente: Proyecto de conservación en la Amazonía peruana,https://www.radionacional.gob.pe/medio-ambiente/proyecto-de-conservacion-en-la-amazonia-peruana#1759813718302-vap1ckuwz,Se lanza un nuevo proyecto de conservación en la Amazonía peruana que busca proteger la biodiversidad y promover el desarrollo sostenible en las comunidades locales.,,Radio Nacional del Perú,2025-10-07T05:08:38.303Z,cmgg1fs0g000a112g93a1z2i9,Medio Ambiente,#22C55E
cmgg3nfh900e713ghfutk2n3b,Ministerio de Salud reporta avances en campaña de vacunación,https://www.radionacional.gob.pe/salud/ministerio-de-salud-reporta-avances-en-campana-de-vacunacion#1759813718301-f5hbogrgv,"El Ministerio de Salud informó sobre los avances en la campaña de vacunación contra diversas enfermedades, alcanzando importantes coberturas en las regiones más vulnerables del país.",,Radio Nacional del Perú,2025-10-07T05:08:38.302Z,cmgg1fs0f0007112gev7odmxo,Salud,#10B981
cmgg3nfha00e913ghkr8fy34b,Educación: Nuevas tecnologías llegan a escuelas rurales,https://www.radionacional.gob.pe/educacion/nuevas-tecnologias-llegan-a-escuelas-rurales#1759813718302-l9auycnba,"El Ministerio de Educación implementa programas de tecnología educativa en escuelas rurales, llevando internet y equipos informáticos a comunidades alejadas para mejorar la calidad educativa.",,Radio Nacional del Perú,2025-10-07T05:08:38.302Z,cmgg1fs0f0008112gsse5oyp2,Sociedad,#F97316
cmgg3nfh800e513ghiid9w354,Cultura peruana celebra el Día Internacional de la Lengua Materna,https://www.radionacional.gob.pe/cultura/cultura-peruana-celebra-el-dia-internacional-de-la-lengua-materna#1759813718300-j4uk4rf3y,"Diversas actividades culturales se realizan en todo el país para conmemorar el Día Internacional de la Lengua Materna, destacando la importancia de preservar las lenguas originarias del Perú.",,Radio Nacional del Perú,2025-10-07T05:08:38.300Z,cmgg1fs0b0000112g1dwxzwzw,Actualidad,#3B82F6
cmgg3nfh700e313gharqf5xj5,Gobierno anuncia nuevas medidas económicas para reactivar el país,https://www.radionacional.gob.pe/economia/gobierno-anuncia-nuevas-medidas-economicas-para-reactivar-el-pais#1759813718298-a6ljbw9nu,"El Ministerio de Economía y Finanzas presentó un paquete de medidas destinadas a impulsar la reactivación económica del país, incluyendo incentivos fiscales y programas de apoyo a las pequeñas empresas.",,Radio Nacional del Perú,2025-10-07T05:08:38.299Z,cmgg1fs0c0002112gtz9dd9xz,Economía,#059669
cmgg3lr7800cl13gh24g98xfd,Crisis sanitaria en Brasil: lo que se sabe de la intoxicación masiva por metanol,https://rpp.pe/mundo/latinoamerica/crisis-sanitaria-en-brasil-lo-que-se-sabe-de-la-intoxicacion-masiva-por-metanol-noticia-123459#1759813640180-cb6wes5rn,Las autoridades brasileñas investigan una intoxicación masiva por metanol que ha causado muertes y la caída del consumo de alcohol en el país. Se han reportado varios casos en diferentes estados.,,RPP Noticias,2025-10-07T05:07:20.181Z,cmgg1fs0c0003112g7epw4vrz,Deportes,#F59E0B
cmgg3lr7900cn13ghq6z728uk,"Miguel Ángel Russo, entrenador de Boca Juniors, en grave estado de salud",https://rpp.pe/deportes/futbol/miguel-angel-russo-entrenador-de-boca-juniors-en-grave-estado-de-salud-noticia-123460#1759813640181-l667ifbkz,"El entrenador de Boca Juniors, Miguel Ángel Russo, se encuentra en grave estado de salud y fue internado en un centro médico. El club emitió un comunicado informando sobre su situación.",,RPP Noticias,2025-10-07T05:07:20.181Z,cmgg1fs0f0007112gev7odmxo,Salud,#10B981
cmgg3lr7600ch13gherpch913,Con caras nuevas: Selección Peruana empezó sus entrenamientos pensando en duelo ante Chile,https://rpp.pe/deportes/futbol/con-caras-nuevas-seleccion-peruana-empezo-sus-entrenamientos-pensando-en-duelo-ante-chile-noticia-123457#1759813640178-emcebrm95,"Con la presencia de 20 futbolistas, la Selección Peruana empezó sus entrenamientos en La Videna FPF con miras al partido amistoso ante Chile. Felipe Chávez de Bayern Munich dijo presente.",,RPP Noticias,2025-10-07T05:07:20.179Z,cmgg1fs0c0003112g7epw4vrz,Deportes,#F59E0B
cmgg3lr7500cf13gh1hh9l0zr,Dirigentes transportistas acuerdan no continuar con el paro tras reunión con ministros,https://rpp.pe/politica/actualidad/dirigentes-transportistas-acuerdan-no-continuar-con-el-paro-tras-reunion-con-ministros-noticia-123456#1759813640177-ehmxk0k6b,"Los representantes del sector sostuvieron una reunión con el jefe del Gabinete Ministerial, Eduardo Arana, y otros ministros en la que acordaron, entre otros puntos, la instalación de una mesa de trabajo.",,RPP Noticias,2025-10-07T05:07:20.178Z,cmgg1fs0b0001112g2lb2odtv,Política,#DC2626
cmgg3lr7100cb13ghu2bqlbxl,Medio ambiente: Proyecto de conservación en la Amazonía peruana,https://www.radionacional.gob.pe/medio-ambiente/proyecto-de-conservacion-en-la-amazonia-peruana#1759813640173-rrosjc1l0,Se lanza un nuevo proyecto de conservación en la Amazonía peruana que busca proteger la biodiversidad y promover el desarrollo sostenible en las comunidades locales.,,Radio Nacional del Perú,2025-10-07T05:07:20.174Z,cmgg1fs0g000a112g93a1z2i9,Medio Ambiente,#22C55E
cmgg3lr7000c913ghq0kjklpj,Educación: Nuevas tecnologías llegan a escuelas rurales,https://www.radionacional.gob.pe/educacion/nuevas-tecnologias-llegan-a-escuelas-rurales#1759813640172-xrfzrhm8u,"El Ministerio de Educación implementa programas de tecnología educativa en escuelas rurales, llevando internet y equipos informáticos a comunidades alejadas para mejorar la calidad educativa.",,Radio Nacional del Perú,2025-10-07T05:07:20.172Z,cmgg1fs0f0008112gsse5oyp2,Sociedad,#F97316
cmgg3lr6z00c713ghnondz2q1,Ministerio de Salud reporta avances en campaña de vacunación,https://www.radionacional.gob.pe/salud/ministerio-de-salud-reporta-avances-en-campana-de-vacunacion#1759813640171-e79npvhkv,"El Ministerio de Salud informó sobre los avances en la campaña de vacunación contra diversas enfermedades, alcanzando importantes coberturas en las regiones más vulnerables del país.",,Radio Nacional del Perú,2025-10-07T05:07:20.171Z,cmgg1fs0f0007112gev7odmxo,Salud,#10B981
cmgg3lr6x00c513gha4b4aflf,Cultura peruana celebra el Día Internacional de la Lengua Materna,https://www.radionacional.gob.pe/cultura/cultura-peruana-celebra-el-dia-internacional-de-la-lengua-materna#1759813640169-0yaamnfae,"Diversas actividades culturales se realizan en todo el país para conmemorar el Día Internacional de la Lengua Materna, destacando la importancia de preservar las lenguas originarias del Perú.",,Radio Nacional del Perú,2025-10-07T05:07:20.170Z,cmgg1fs0b0000112g1dwxzwzw,Actualidad,#3B82F6
cmgg3lr6u00c313gh0txrimp4,Gobierno anuncia nuevas medidas económicas para reactivar el país,https://www.radionacional.gob.pe/economia/gobierno-anuncia-nuevas-medidas-economicas-para-reactivar-el-pais#1759813640166-j7htyg31f,"El Ministerio de Economía y Finanzas presentó un paquete de medidas destinadas a impulsar la reactivación económica del país, incluyendo incentivos fiscales y programas de apoyo a las pequeñas empresas.",,Radio Nacional del Perú,2025-10-07T05:07:20.167Z,cmgg1fs0c0002112gtz9dd9xz,Economía,#059669
cmgg3lp8700al13ghbeuy0feu,Crisis sanitaria en Brasil: lo que se sabe de la intoxicación masiva por metanol,https://rpp.pe/mundo/latinoamerica/crisis-sanitaria-en-brasil-lo-que-se-sabe-de-la-intoxicacion-masiva-por-metanol-noticia-123459#1759813637623-x6rtzzbzt,Las autoridades brasileñas investigan una intoxicación masiva por metanol que ha causado muertes y la caída del consumo de alcohol en el país. Se han reportado varios casos en diferentes estados.,,RPP Noticias,2025-10-07T05:07:17.624Z,cmgg1fs0c0003112g7epw4vrz,Deportes,#F59E0B
cmgg3lp8800an13ghckx3addc,"Miguel Ángel Russo, entrenador de Boca Juniors, en grave estado de salud",https://rpp.pe/deportes/futbol/miguel-angel-russo-entrenador-de-boca-juniors-en-grave-estado-de-salud-noticia-123460#1759813637624-odlwkdym0,"El entrenador de Boca Juniors, Miguel Ángel Russo, se encuentra en grave estado de salud y fue internado en un centro médico. El club emitió un comunicado informando sobre su situación.",,RPP Noticias,2025-10-07T05:07:17.624Z,cmgg1fs0f0007112gev7odmxo,Salud,#10B981
cmgg3lp8600ah13gh3dxskoca,Con caras nuevas: Selección Peruana empezó sus entrenamientos pensando en duelo ante Chile,https://rpp.pe/deportes/futbol/con-caras-nuevas-seleccion-peruana-empezo-sus-entrenamientos-pensando-en-duelo-ante-chile-noticia-123457#1759813637622-sykqyorvj,"Con la presencia de 20 futbolistas, la Selección Peruana empezó sus entrenamientos en La Videna FPF con miras al partido amistoso ante Chile. Felipe Chávez de Bayern Munich dijo presente.",,RPP Noticias,2025-10-07T05:07:17.622Z,cmgg1fs0c0003112g7epw4vrz,Deportes,#F59E0B
cmgg3lp8500af13ghwrfso1fp,Dirigentes transportistas acuerdan no continuar con el paro tras reunión con ministros,https://rpp.pe/politica/actualidad/dirigentes-transportistas-acuerdan-no-continuar-con-el-paro-tras-reunion-con-ministros-noticia-123456#1759813637621-d4iutqcra,"Los representantes del sector sostuvieron una reunión con el jefe del Gabinete Ministerial, Eduardo Arana, y otros ministros en la que acordaron, entre otros puntos, la instalación de una mesa de trabajo.",,RPP Noticias,2025-10-07T05:07:17.621Z,cmgg1fs0b0001112g2lb2odtv,Política,#DC2626
cmgg3lp8100ab13ghtu7tcrn2,Medio ambiente: Proyecto de conservación en la Amazonía peruana,https://www.radionacional.gob.pe/medio-ambiente/proyecto-de-conservacion-en-la-amazonia-peruana#1759813637617-kcpgumzu5,Se lanza un nuevo proyecto de conservación en la Amazonía peruana que busca proteger la biodiversidad y promover el desarrollo sostenible en las comunidades locales.,,Radio Nacional del Perú,2025-10-07T05:07:17.617Z,cmgg1fs0g000a112g93a1z2i9,Medio Ambiente,#22C55E
cmgg3lp8000a913ghtmosf9m8,Educación: Nuevas tecnologías llegan a escuelas rurales,https://www.radionacional.gob.pe/educacion/nuevas-tecnologias-llegan-a-escuelas-rurales#1759813637616-bmal5fsd2,"El Ministerio de Educación implementa programas de tecnología educativa en escuelas rurales, llevando internet y equipos informáticos a comunidades alejadas para mejorar la calidad educativa.",,Radio Nacional del Perú,2025-10-07T05:07:17.616Z,cmgg1fs0f0008112gsse5oyp2,Sociedad,#F97316
cmgg3lp7z00a713ghcsbx4vo0,Ministerio de Salud reporta avances en campaña de vacunación,https://www.radionacional.gob.pe/salud/ministerio-de-salud-reporta-avances-en-campana-de-vacunacion#1759813637615-6djc2bht2,"El Ministerio de Salud informó sobre los avances en la campaña de vacunación contra diversas enfermedades, alcanzando importantes coberturas en las regiones más vulnerables del país.",,Radio Nacional del Perú,2025-10-07T05:07:17.615Z,cmgg1fs0f0007112gev7odmxo,Salud,#10B981
cmgg3lp7y00a513ghv7lv6p20,Cultura peruana celebra el Día Internacional de la Lengua Materna,https://www.radionacional.gob.pe/cultura/cultura-peruana-celebra-el-dia-internacional-de-la-lengua-materna#1759813637613-ki38zm83m,"Diversas actividades culturales se realizan en todo el país para conmemorar el Día Internacional de la Lengua Materna, destacando la importancia de preservar las lenguas originarias del Perú.",,Radio Nacional del Perú,2025-10-07T05:07:17.614Z,cmgg1fs0b0000112g1dwxzwzw,Actualidad,#3B82F6
cmgg3lp7v00a313ghkt89zg83,Gobierno anuncia nuevas medidas económicas para reactivar el país,https://www.radionacional.gob.pe/economia/gobierno-anuncia-nuevas-medidas-economicas-para-reactivar-el-pais#1759813637611-1kckq8qs9,"El Ministerio de Economía y Finanzas presentó un paquete de medidas destinadas a impulsar la reactivación económica del país, incluyendo incentivos fiscales y programas de apoyo a las pequeñas empresas.",,Radio Nacional del Perú,2025-10-07T05:07:17.612Z,cmgg1fs0c0002112gtz9dd9xz,Economía,#059669
cmgg3lkwe008n13ghubcp29iz,"Miguel Ángel Russo, entrenador de Boca Juniors, en grave estado de salud",https://rpp.pe/deportes/futbol/miguel-angel-russo-entrenador-de-boca-juniors-en-grave-estado-de-salud-noticia-123460#1759813632014-fuft8xjyc,"El entrenador de Boca Juniors, Miguel Ángel Russo, se encuentra en grave estado de salud y fue internado en un centro médico. El club emitió un comunicado informando sobre su situación.",,RPP Noticias,2025-10-07T05:07:12.014Z,cmgg1fs0f0007112gev7odmxo,Salud,#10B981
cmgg3lkwd008l13ghemvxaxrg,Crisis sanitaria en Brasil: lo que se sabe de la intoxicación masiva por metanol,https://rpp.pe/mundo/latinoamerica/crisis-sanitaria-en-brasil-lo-que-se-sabe-de-la-intoxicacion-masiva-por-metanol-noticia-123459#1759813632013-jmcyek9lf,Las autoridades brasileñas investigan una intoxicación masiva por metanol que ha causado muertes y la caída del consumo de alcohol en el país. Se han reportado varios casos en diferentes estados.,,RPP Noticias,2025-10-07T05:07:12.013Z,cmgg1fs0c0003112g7epw4vrz,Deportes,#F59E0B
cmgg3lkwb008h13ghicfrj2w5,Con caras nuevas: Selección Peruana empezó sus entrenamientos pensando en duelo ante Chile,https://rpp.pe/deportes/futbol/con-caras-nuevas-seleccion-peruana-empezo-sus-entrenamientos-pensando-en-duelo-ante-chile-noticia-123457#1759813632011-3bt9x3lv0,"Con la presencia de 20 futbolistas, la Selección Peruana empezó sus entrenamientos en La Videna FPF con miras al partido amistoso ante Chile. Felipe Chávez de Bayern Munich dijo presente.",,RPP Noticias,2025-10-07T05:07:12.012Z,cmgg1fs0c0003112g7epw4vrz,Deportes,#F59E0B
cmgg3lkwa008f13ghwvxn759e,Dirigentes transportistas acuerdan no continuar con el paro tras reunión con ministros,https://rpp.pe/politica/actualidad/dirigentes-transportistas-acuerdan-no-continuar-con-el-paro-tras-reunion-con-ministros-noticia-123456#1759813632010-ns49hd8i8,"Los representantes del sector sostuvieron una reunión con el jefe del Gabinete Ministerial, Eduardo Arana, y otros ministros en la que acordaron, entre otros puntos, la instalación de una mesa de trabajo.",,RPP Noticias,2025-10-07T05:07:12.011Z,cmgg1fs0b0001112g2lb2odtv,Política,#DC2626
cmgg3lkw6008b13ghftfj5qwr,Medio ambiente: Proyecto de conservación en la Amazonía peruana,https://www.radionacional.gob.pe/medio-ambiente/proyecto-de-conservacion-en-la-amazonia-peruana#1759813632006-bkpm8t9h2,Se lanza un nuevo proyecto de conservación en la Amazonía peruana que busca proteger la biodiversidad y promover el desarrollo sostenible en las comunidades locales.,,Radio Nacional del Perú,2025-10-07T05:07:12.006Z,cmgg1fs0g000a112g93a1z2i9,Medio Ambiente,#22C55E
cmgg3lkw5008913ghd5tp6sy4,Educación: Nuevas tecnologías llegan a escuelas rurales,https://www.radionacional.gob.pe/educacion/nuevas-tecnologias-llegan-a-escuelas-rurales#1759813632005-mshv4syj6,"El Ministerio de Educación implementa programas de tecnología educativa en escuelas rurales, llevando internet y equipos informáticos a comunidades alejadas para mejorar la calidad educativa.",,Radio Nacional del Perú,2025-10-07T05:07:12.005Z,cmgg1fs0f0008112gsse5oyp2,Sociedad,#F97316
cmgg3lkw4008713ghafgy33i2,Ministerio de Salud reporta avances en campaña de vacunación,https://www.radionacional.gob.pe/salud/ministerio-de-salud-reporta-avances-en-campana-de-vacunacion#1759813632003-bbqplxhqg,"El Ministerio de Salud informó sobre los avances en la campaña de vacunación contra diversas enfermedades, alcanzando importantes coberturas en las regiones más vulnerables del país.",,Radio Nacional del Perú,2025-10-07T05:07:12.004Z,cmgg1fs0f0007112gev7odmxo,Salud,#10B981
cmgg3lkw2008513ghv7zxrm7p,Cultura peruana celebra el Día Internacional de la Lengua Materna,https://www.radionacional.gob.pe/cultura/cultura-peruana-celebra-el-dia-internacional-de-la-lengua-materna#1759813632002-0xjgkji5n,"Diversas actividades culturales se realizan en todo el país para conmemorar el Día Internacional de la Lengua Materna, destacando la importancia de preservar las lenguas originarias del Perú.",,Radio Nacional del Perú,2025-10-07T05:07:12.003Z,cmgg1fs0b0000112g1dwxzwzw,Actualidad,#3B82F6
cmgg3lkw0008313gh9t6l553b,Gobierno anuncia nuevas medidas económicas para reactivar el país,https://www.radionacional.gob.pe/economia/gobierno-anuncia-nuevas-medidas-economicas-para-reactivar-el-pais#1759813631999-ca9aqz7lm,"El Ministerio de Economía y Finanzas presentó un paquete de medidas destinadas a impulsar la reactivación económica del país, incluyendo incentivos fiscales y programas de apoyo a las pequeñas empresas.",,Radio Nacional del Perú,2025-10-07T05:07:12.000Z,cmgg1fs0c0002112gtz9dd9xz,Economía,#059669
cmgg3ljbo006n13ghast3xdbz,"Miguel Ángel Russo, entrenador de Boca Juniors, en grave estado de salud",https://rpp.pe/deportes/futbol/miguel-angel-russo-entrenador-de-boca-juniors-en-grave-estado-de-salud-noticia-123460#1759813629972-qnk2ej754,"El entrenador de Boca Juniors, Miguel Ángel Russo, se encuentra en grave estado de salud y fue internado en un centro médico. El club emitió un comunicado informando sobre su situación.",,RPP Noticias,2025-10-07T05:07:09.973Z,cmgg1fs0f0007112gev7odmxo,Salud,#10B981
cmgg3ljbo006l13ghz6pwqdgi,Crisis sanitaria en Brasil: lo que se sabe de la intoxicación masiva por metanol,https://rpp.pe/mundo/latinoamerica/crisis-sanitaria-en-brasil-lo-que-se-sabe-de-la-intoxicacion-masiva-por-metanol-noticia-123459#1759813629971-ob8y7nasz,Las autoridades brasileñas investigan una intoxicación masiva por metanol que ha causado muertes y la caída del consumo de alcohol en el país. Se han reportado varios casos en diferentes estados.,,RPP Noticias,2025-10-07T05:07:09.972Z,cmgg1fs0c0003112g7epw4vrz,Deportes,#F59E0B
cmgg3ljbm006h13gh660007hs,Con caras nuevas: Selección Peruana empezó sus entrenamientos pensando en duelo ante Chile,https://rpp.pe/deportes/futbol/con-caras-nuevas-seleccion-peruana-empezo-sus-entrenamientos-pensando-en-duelo-ante-chile-noticia-123457#1759813629970-ekk6prelh,"Con la presencia de 20 futbolistas, la Selección Peruana empezó sus entrenamientos en La Videna FPF con miras al partido amistoso ante Chile. Felipe Chávez de Bayern Munich dijo presente.",,RPP Noticias,2025-10-07T05:07:09.971Z,cmgg1fs0c0003112g7epw4vrz,Deportes,#F59E0B
cmgg3ljbl006f13gh8ziypwk6,Dirigentes transportistas acuerdan no continuar con el paro tras reunión con ministros,https://rpp.pe/politica/actualidad/dirigentes-transportistas-acuerdan-no-continuar-con-el-paro-tras-reunion-con-ministros-noticia-123456#1759813629969-az90grdpe,"Los representantes del sector sostuvieron una reunión con el jefe del Gabinete Ministerial, Eduardo Arana, y otros ministros en la que acordaron, entre otros puntos, la instalación de una mesa de trabajo.",,RPP Noticias,2025-10-07T05:07:09.970Z,cmgg1fs0b0001112g2lb2odtv,Política,#DC2626
cmgg3ljbh006b13ghxhh28ud3,Medio ambiente: Proyecto de conservación en la Amazonía peruana,https://www.radionacional.gob.pe/medio-ambiente/proyecto-de-conservacion-en-la-amazonia-peruana#1759813629965-wvuau2tn9,Se lanza un nuevo proyecto de conservación en la Amazonía peruana que busca proteger la biodiversidad y promover el desarrollo sostenible en las comunidades locales.,,Radio Nacional del Perú,2025-10-07T05:07:09.965Z,cmgg1fs0g000a112g93a1z2i9,Medio Ambiente,#22C55E
cmgg3ljbg006913ghichksem4,Educación: Nuevas tecnologías llegan a escuelas rurales,https://www.radionacional.gob.pe/educacion/nuevas-tecnologias-llegan-a-escuelas-rurales#1759813629963-7398t2utz,"El Ministerio de Educación implementa programas de tecnología educativa en escuelas rurales, llevando internet y equipos informáticos a comunidades alejadas para mejorar la calidad educativa.",,Radio Nacional del Perú,2025-10-07T05:07:09.964Z,cmgg1fs0f0008112gsse5oyp2,Sociedad,#F97316
cmgg3ljbf006713ghwqo3zyiv,Ministerio de Salud reporta avances en campaña de vacunación,https://www.radionacional.gob.pe/salud/ministerio-de-salud-reporta-avances-en-campana-de-vacunacion#1759813629962-8jbgabzap,"El Ministerio de Salud informó sobre los avances en la campaña de vacunación contra diversas enfermedades, alcanzando importantes coberturas en las regiones más vulnerables del país.",,Radio Nacional del Perú,2025-10-07T05:07:09.963Z,cmgg1fs0f0007112gev7odmxo,Salud,#10B981
cmgg3ljbd006513gh2442v2zt,Cultura peruana celebra el Día Internacional de la Lengua Materna,https://www.radionacional.gob.pe/cultura/cultura-peruana-celebra-el-dia-internacional-de-la-lengua-materna#1759813629961-hdiqohnbi,"Diversas actividades culturales se realizan en todo el país para conmemorar el Día Internacional de la Lengua Materna, destacando la importancia de preservar las lenguas originarias del Perú.",,Radio Nacional del Perú,2025-10-07T05:07:09.962Z,cmgg1fs0b0000112g1dwxzwzw,Actualidad,#3B82F6
cmgg3ljbb006313gh25iu4d3q,Gobierno anuncia nuevas medidas económicas para reactivar el país,https://www.radionacional.gob.pe/economia/gobierno-anuncia-nuevas-medidas-economicas-para-reactivar-el-pais#1759813629958-3zj0m6egu,"El Ministerio de Economía y Finanzas presentó un paquete de medidas destinadas a impulsar la reactivación económica del país, incluyendo incentivos fiscales y programas de apoyo a las pequeñas empresas.",,Radio Nacional del Perú,2025-10-07T05:07:09.959Z,cmgg1fs0c0002112gtz9dd9xz,Economía,#059669
cmgg3lht7004n13ghzbdxkrz8,"Miguel Ángel Russo, entrenador de Boca Juniors, en grave estado de salud",https://rpp.pe/deportes/futbol/miguel-angel-russo-entrenador-de-boca-juniors-en-grave-estado-de-salud-noticia-123460#1759813628011-hgyxnopnw,"El entrenador de Boca Juniors, Miguel Ángel Russo, se encuentra en grave estado de salud y fue internado en un centro médico. El club emitió un comunicado informando sobre su situación.",,RPP Noticias,2025-10-07T05:07:08.012Z,cmgg1fs0f0007112gev7odmxo,Salud,#10B981
cmgg3lht6004l13ghj7wv84lo,Crisis sanitaria en Brasil: lo que se sabe de la intoxicación masiva por metanol,https://rpp.pe/mundo/latinoamerica/crisis-sanitaria-en-brasil-lo-que-se-sabe-de-la-intoxicacion-masiva-por-metanol-noticia-123459#1759813628010-slypiiy1p,Las autoridades brasileñas investigan una intoxicación masiva por metanol que ha causado muertes y la caída del consumo de alcohol en el país. Se han reportado varios casos en diferentes estados.,,RPP Noticias,2025-10-07T05:07:08.011Z,cmgg1fs0c0003112g7epw4vrz,Deportes,#F59E0B
cmgg3lht4004f13ghao1weysy,Dirigentes transportistas acuerdan no continuar con el paro tras reunión con ministros,https://rpp.pe/politica/actualidad/dirigentes-transportistas-acuerdan-no-continuar-con-el-paro-tras-reunion-con-ministros-noticia-123456#1759813628008-t3xoc6o66,"Los representantes del sector sostuvieron una reunión con el jefe del Gabinete Ministerial, Eduardo Arana, y otros ministros en la que acordaron, entre otros puntos, la instalación de una mesa de trabajo.",,RPP Noticias,2025-10-07T05:07:08.009Z,cmgg1fs0b0001112g2lb2odtv,Política,#DC2626
cmgg3lht5004h13ghynuf37k6,Con caras nuevas: Selección Peruana empezó sus entrenamientos pensando en duelo ante Chile,https://rpp.pe/deportes/futbol/con-caras-nuevas-seleccion-peruana-empezo-sus-entrenamientos-pensando-en-duelo-ante-chile-noticia-123457#1759813628009-sy97neivz,"Con la presencia de 20 futbolistas, la Selección Peruana empezó sus entrenamientos en La Videna FPF con miras al partido amistoso ante Chile. Felipe Chávez de Bayern Munich dijo presente.",,RPP Noticias,2025-10-07T05:07:08.009Z,cmgg1fs0c0003112g7epw4vrz,Deportes,#F59E0B
cmgg3lht0004b13ghjno5r7vn,Medio ambiente: Proyecto de conservación en la Amazonía peruana,https://www.radionacional.gob.pe/medio-ambiente/proyecto-de-conservacion-en-la-amazonia-peruana#1759813628003-ogoy4rjcm,Se lanza un nuevo proyecto de conservación en la Amazonía peruana que busca proteger la biodiversidad y promover el desarrollo sostenible en las comunidades locales.,,Radio Nacional del Perú,2025-10-07T05:07:08.004Z,cmgg1fs0g000a112g93a1z2i9,Medio Ambiente,#22C55E
cmgg3lhsy004913ghsuwmidkk,Educación: Nuevas tecnologías llegan a escuelas rurales,https://www.radionacional.gob.pe/educacion/nuevas-tecnologias-llegan-a-escuelas-rurales#1759813628002-mh6tzmhhl,"El Ministerio de Educación implementa programas de tecnología educativa en escuelas rurales, llevando internet y equipos informáticos a comunidades alejadas para mejorar la calidad educativa.",,Radio Nacional del Perú,2025-10-07T05:07:08.003Z,cmgg1fs0f0008112gsse5oyp2,Sociedad,#F97316
cmgg3lhsx004713gh3774btur,Ministerio de Salud reporta avances en campaña de vacunación,https://www.radionacional.gob.pe/salud/ministerio-de-salud-reporta-avances-en-campana-de-vacunacion#1759813628001-t836vei73,"El Ministerio de Salud informó sobre los avances en la campaña de vacunación contra diversas enfermedades, alcanzando importantes coberturas en las regiones más vulnerables del país.",,Radio Nacional del Perú,2025-10-07T05:07:08.002Z,cmgg1fs0f0007112gev7odmxo,Salud,#10B981
cmgg3lhsw004513ghjtdeajtn,Cultura peruana celebra el Día Internacional de la Lengua Materna,https://www.radionacional.gob.pe/cultura/cultura-peruana-celebra-el-dia-internacional-de-la-lengua-materna#1759813627999-k1omo3jv2,"Diversas actividades culturales se realizan en todo el país para conmemorar el Día Internacional de la Lengua Materna, destacando la importancia de preservar las lenguas originarias del Perú.",,Radio Nacional del Perú,2025-10-07T05:07:08.000Z,cmgg1fs0b0000112g1dwxzwzw,Actualidad,#3B82F6
cmgg3lhst004313ghkrcaa26l,Gobierno anuncia nuevas medidas económicas para reactivar el país,https://www.radionacional.gob.pe/economia/gobierno-anuncia-nuevas-medidas-economicas-para-reactivar-el-pais#1759813627997-9otnhryiw,"El Ministerio de Economía y Finanzas presentó un paquete de medidas destinadas a impulsar la reactivación económica del país, incluyendo incentivos fiscales y programas de apoyo a las pequeñas empresas.",,Radio Nacional del Perú,2025-10-07T05:07:07.998Z,cmgg1fs0c0002112gtz9dd9xz,Economía,#059669
cmgg3lfap002n13ghk8jjadct,"Miguel Ángel Russo, entrenador de Boca Juniors, en grave estado de salud",https://rpp.pe/deportes/futbol/miguel-angel-russo-entrenador-de-boca-juniors-en-grave-estado-de-salud-noticia-123460#1759813624753-8ehbvtgvg,"El entrenador de Boca Juniors, Miguel Ángel Russo, se encuentra en grave estado de salud y fue internado en un centro médico. El club emitió un comunicado informando sobre su situación.",,RPP Noticias,2025-10-07T05:07:04.754Z,cmgg1fs0f0007112gev7odmxo,Salud,#10B981
cmgg3lfap002l13ghmieuk6dq,Crisis sanitaria en Brasil: lo que se sabe de la intoxicación masiva por metanol,https://rpp.pe/mundo/latinoamerica/crisis-sanitaria-en-brasil-lo-que-se-sabe-de-la-intoxicacion-masiva-por-metanol-noticia-123459#1759813624753-g4negn363,Las autoridades brasileñas investigan una intoxicación masiva por metanol que ha causado muertes y la caída del consumo de alcohol en el país. Se han reportado varios casos en diferentes estados.,,RPP Noticias,2025-10-07T05:07:04.753Z,cmgg1fs0c0003112g7epw4vrz,Deportes,#F59E0B
cmgg3lfan002f13ghoov3c5cd,Dirigentes transportistas acuerdan no continuar con el paro tras reunión con ministros,https://rpp.pe/politica/actualidad/dirigentes-transportistas-acuerdan-no-continuar-con-el-paro-tras-reunion-con-ministros-noticia-123456#1759813624751-ntipnzmp5,"Los representantes del sector sostuvieron una reunión con el jefe del Gabinete Ministerial, Eduardo Arana, y otros ministros en la que acordaron, entre otros puntos, la instalación de una mesa de trabajo.",,RPP Noticias,2025-10-07T05:07:04.752Z,cmgg1fs0b0001112g2lb2odtv,Política,#DC2626
cmgg3lfao002h13ghadj27ws7,Con caras nuevas: Selección Peruana empezó sus entrenamientos pensando en duelo ante Chile,https://rpp.pe/deportes/futbol/con-caras-nuevas-seleccion-peruana-empezo-sus-entrenamientos-pensando-en-duelo-ante-chile-noticia-123457#1759813624752-102gzd1pr,"Con la presencia de 20 futbolistas, la Selección Peruana empezó sus entrenamientos en La Videna FPF con miras al partido amistoso ante Chile. Felipe Chávez de Bayern Munich dijo presente.",,RPP Noticias,2025-10-07T05:07:04.752Z,cmgg1fs0c0003112g7epw4vrz,Deportes,#F59E0B
cmgg3lfak002913ghh8dc94fx,Educación: Nuevas tecnologías llegan a escuelas rurales,https://www.radionacional.gob.pe/educacion/nuevas-tecnologias-llegan-a-escuelas-rurales#1759813624748-awzq9s0f9,"El Ministerio de Educación implementa programas de tecnología educativa en escuelas rurales, llevando internet y equipos informáticos a comunidades alejadas para mejorar la calidad educativa.",,Radio Nacional del Perú,2025-10-07T05:07:04.749Z,cmgg1fs0f0008112gsse5oyp2,Sociedad,#F97316
cmgg3lfal002b13gh1gkjhgw6,Medio ambiente: Proyecto de conservación en la Amazonía peruana,https://www.radionacional.gob.pe/medio-ambiente/proyecto-de-conservacion-en-la-amazonia-peruana#1759813624749-vsh0gjts6,Se lanza un nuevo proyecto de conservación en la Amazonía peruana que busca proteger la biodiversidad y promover el desarrollo sostenible en las comunidades locales.,,Radio Nacional del Perú,2025-10-07T05:07:04.749Z,cmgg1fs0g000a112g93a1z2i9,Medio Ambiente,#22C55E
cmgg3lfaj002713ght6pw0pjc,Ministerio de Salud reporta avances en campaña de vacunación,https://www.radionacional.gob.pe/salud/ministerio-de-salud-reporta-avances-en-campana-de-vacunacion#1759813624747-fetag7x7v,"El Ministerio de Salud informó sobre los avances en la campaña de vacunación contra diversas enfermedades, alcanzando importantes coberturas en las regiones más vulnerables del país.",,Radio Nacional del Perú,2025-10-07T05:07:04.748Z,cmgg1fs0f0007112gev7odmxo,Salud,#10B981
cmgg3lfaj002513ghos9547pm,Cultura peruana celebra el Día Internacional de la Lengua Materna,https://www.radionacional.gob.pe/cultura/cultura-peruana-celebra-el-dia-internacional-de-la-lengua-materna#1759813624746-8phywac07,"Diversas actividades culturales se realizan en todo el país para conmemorar el Día Internacional de la Lengua Materna, destacando la importancia de preservar las lenguas originarias del Perú.",,Radio Nacional del Perú,2025-10-07T05:07:04.747Z,cmgg1fs0b0000112g1dwxzwzw,Actualidad,#3B82F6
cmgg3lfah002313gh1vndqb29,Gobierno anuncia nuevas medidas económicas para reactivar el país,https://www.radionacional.gob.pe/economia/gobierno-anuncia-nuevas-medidas-economicas-para-reactivar-el-pais#1759813624745-09rprnbxn,"El Ministerio de Economía y Finanzas presentó un paquete de medidas destinadas a impulsar la reactivación económica del país, incluyendo incentivos fiscales y programas de apoyo a las pequeñas empresas.",,Radio Nacional del Perú,2025-10-07T05:07:04.746Z,cmgg1fs0c0002112gtz9dd9xz,Economía,#059669
cmgg3la3h000n13gh500c1xxx,"Miguel Ángel Russo, entrenador de Boca Juniors, en grave estado de salud",https://rpp.pe/deportes/futbol/miguel-angel-russo-entrenador-de-boca-juniors-en-grave-estado-de-salud-noticia-123460#1759813618013-q3z8yxr3h,"El entrenador de Boca Juniors, Miguel Ángel Russo, se encuentra en grave estado de salud y fue internado en un centro médico. El club emitió un comunicado informando sobre su situación.",,RPP Noticias,2025-10-07T05:06:58.014Z,cmgg1fs0f0007112gev7odmxo,Salud,#10B981
cmgg3la3h000l13ghbe01h1fr,Crisis sanitaria en Brasil: lo que se sabe de la intoxicación masiva por metanol,https://rpp.pe/mundo/latinoamerica/crisis-sanitaria-en-brasil-lo-que-se-sabe-de-la-intoxicacion-masiva-por-metanol-noticia-123459#1759813618013-ben37lyxc,Las autoridades brasileñas investigan una intoxicación masiva por metanol que ha causado muertes y la caída del consumo de alcohol en el país. Se han reportado varios casos en diferentes estados.,,RPP Noticias,2025-10-07T05:06:58.013Z,cmgg1fs0c0003112g7epw4vrz,Deportes,#F59E0B
cmgg3la3f000f13gh581duj4g,Dirigentes transportistas acuerdan no continuar con el paro tras reunión con ministros,https://rpp.pe/politica/actualidad/dirigentes-transportistas-acuerdan-no-continuar-con-el-paro-tras-reunion-con-ministros-noticia-123456#1759813618011-b6ap4unz1,"Los representantes del sector sostuvieron una reunión con el jefe del Gabinete Ministerial, Eduardo Arana, y otros ministros en la que acordaron, entre otros puntos, la instalación de una mesa de trabajo.",,RPP Noticias,2025-10-07T05:06:58.012Z,cmgg1fs0b0001112g2lb2odtv,Política,#DC2626
cmgg3la3g000h13gho7zog49i,Con caras nuevas: Selección Peruana empezó sus entrenamientos pensando en duelo ante Chile,https://rpp.pe/deportes/futbol/con-caras-nuevas-seleccion-peruana-empezo-sus-entrenamientos-pensando-en-duelo-ante-chile-noticia-123457#1759813618012-jmhljhqks,"Con la presencia de 20 futbolistas, la Selección Peruana empezó sus entrenamientos en La Videna FPF con miras al partido amistoso ante Chile. Felipe Chávez de Bayern Munich dijo presente.",,RPP Noticias,2025-10-07T05:06:58.012Z,cmgg1fs0c0003112g7epw4vrz,Deportes,#F59E0B
cmgg3la3d000913gh04nocqcl,Educación: Nuevas tecnologías llegan a escuelas rurales,https://www.radionacional.gob.pe/educacion/nuevas-tecnologias-llegan-a-escuelas-rurales#1759813618009-v6jnmh1fd,"El Ministerio de Educación implementa programas de tecnología educativa en escuelas rurales, llevando internet y equipos informáticos a comunidades alejadas para mejorar la calidad educativa.",,Radio Nacional del Perú,2025-10-07T05:06:58.010Z,cmgg1fs0f0008112gsse5oyp2,Sociedad,#F97316
cmgg3la3e000b13ghyso2op0d,Medio ambiente: Proyecto de conservación en la Amazonía peruana,https://www.radionacional.gob.pe/medio-ambiente/proyecto-de-conservacion-en-la-amazonia-peruana#1759813618010-zw9mn8dsh,Se lanza un nuevo proyecto de conservación en la Amazonía peruana que busca proteger la biodiversidad y promover el desarrollo sostenible en las comunidades locales.,,Radio Nacional del Perú,2025-10-07T05:06:58.010Z,cmgg1fs0g000a112g93a1z2i9,Medio Ambiente,#22C55E
cmgg3la3d000713ghuf0153gv,Ministerio de Salud reporta avances en campaña de vacunación,https://www.radionacional.gob.pe/salud/ministerio-de-salud-reporta-avances-en-campana-de-vacunacion#1759813618008-mywc125v8,"El Ministerio de Salud informó sobre los avances en la campaña de vacunación contra diversas enfermedades, alcanzando importantes coberturas en las regiones más vulnerables del país.",,Radio Nacional del Perú,2025-10-07T05:06:58.009Z,cmgg1fs0f0007112gev7odmxo,Salud,#10B981
cmgg3la3b000313ghjrwp5lgy,Gobierno anuncia nuevas medidas económicas para reactivar el país,https://www.radionacional.gob.pe/economia/gobierno-anuncia-nuevas-medidas-economicas-para-reactivar-el-pais#1759813618007-ocglb46s9,"El Ministerio de Economía y Finanzas presentó un paquete de medidas destinadas a impulsar la reactivación económica del país, incluyendo incentivos fiscales y programas de apoyo a las pequeñas empresas.",,Radio Nacional del Perú,2025-10-07T05:06:58.008Z,cmgg1fs0c0002112gtz9dd9xz,Economía,#059669
cmgg3la3c000513ghtcqb79cd,Cultura peruana celebra el Día Internacional de la Lengua Materna,https://www.radionacional.gob.pe/cultura/cultura-peruana-celebra-el-dia-internacional-de-la-lengua-materna#1759813618008-o41k6ul83,"Diversas actividades culturales se realizan en todo el país para conmemorar el Día Internacional de la Lengua Materna, destacando la importancia de preservar las lenguas originarias del Perú.",,Radio Nacional del Perú,2025-10-07T05:06:58.008Z,cmgg1fs0b0000112g1dwxzwzw,Actualidad,#3B82F6
cmgg3flg401bcx718kgm7tg15,"Miguel Ángel Russo, entrenador de Boca Juniors, en grave estado de salud",https://rpp.pe/deportes/futbol/miguel-angel-russo-entrenador-de-boca-juniors-en-grave-estado-de-salud-noticia-123460#1759813352788-ba6gcs9b7,"El entrenador de Boca Juniors, Miguel Ángel Russo, se encuentra en grave estado de salud y fue internado en un centro médico. El club emitió un comunicado informando sobre su situación.",,RPP Noticias,2025-10-07T05:02:32.788Z,cmgg1fs0f0007112gev7odmxo,Salud,#10B981
cmgg3flg301bax718vi1bxi3j,Crisis sanitaria en Brasil: lo que se sabe de la intoxicación masiva por metanol,https://rpp.pe/mundo/latinoamerica/crisis-sanitaria-en-brasil-lo-que-se-sabe-de-la-intoxicacion-masiva-por-metanol-noticia-123459#1759813352787-6w67a2rsw,Las autoridades brasileñas investigan una intoxicación masiva por metanol que ha causado muertes y la caída del consumo de alcohol en el país. Se han reportado varios casos en diferentes estados.,,RPP Noticias,2025-10-07T05:02:32.787Z,cmgg1fs0c0003112g7epw4vrz,Deportes,#F59E0B
cmgg3flg101b6x718s7342xwi,Con caras nuevas: Selección Peruana empezó sus entrenamientos pensando en duelo ante Chile,https://rpp.pe/deportes/futbol/con-caras-nuevas-seleccion-peruana-empezo-sus-entrenamientos-pensando-en-duelo-ante-chile-noticia-123457#1759813352785-vlw3auk7x,"Con la presencia de 20 futbolistas, la Selección Peruana empezó sus entrenamientos en La Videna FPF con miras al partido amistoso ante Chile. Felipe Chávez de Bayern Munich dijo presente.",,RPP Noticias,2025-10-07T05:02:32.785Z,cmgg1fs0c0003112g7epw4vrz,Deportes,#F59E0B
cmgg3flg001b4x718q28878dc,Dirigentes transportistas acuerdan no continuar con el paro tras reunión con ministros,https://rpp.pe/politica/actualidad/dirigentes-transportistas-acuerdan-no-continuar-con-el-paro-tras-reunion-con-ministros-noticia-123456#1759813352784-gx535xq9l,"Los representantes del sector sostuvieron una reunión con el jefe del Gabinete Ministerial, Eduardo Arana, y otros ministros en la que acordaron, entre otros puntos, la instalación de una mesa de trabajo.",,RPP Noticias,2025-10-07T05:02:32.784Z,cmgg1fs0b0001112g2lb2odtv,Política,#DC2626
cmgg3flfv01b0x718cqzuoi1r,Medio ambiente: Proyecto de conservación en la Amazonía peruana,https://www.radionacional.gob.pe/medio-ambiente/proyecto-de-conservacion-en-la-amazonia-peruana#1759813352779-j5wd9ga49,Se lanza un nuevo proyecto de conservación en la Amazonía peruana que busca proteger la biodiversidad y promover el desarrollo sostenible en las comunidades locales.,,Radio Nacional del Perú,2025-10-07T05:02:32.780Z,cmgg1fs0g000a112g93a1z2i9,Medio Ambiente,#22C55E
cmgg3flfu01ayx718zuf178mw,Educación: Nuevas tecnologías llegan a escuelas rurales,https://www.radionacional.gob.pe/educacion/nuevas-tecnologias-llegan-a-escuelas-rurales#1759813352778-53ck6n4tm,"El Ministerio de Educación implementa programas de tecnología educativa en escuelas rurales, llevando internet y equipos informáticos a comunidades alejadas para mejorar la calidad educativa.",,Radio Nacional del Perú,2025-10-07T05:02:32.779Z,cmgg1fs0f0008112gsse5oyp2,Sociedad,#F97316
cmgg3flft01awx718061c5p8k,Ministerio de Salud reporta avances en campaña de vacunación,https://www.radionacional.gob.pe/salud/ministerio-de-salud-reporta-avances-en-campana-de-vacunacion#1759813352776-q6vehy49n,"El Ministerio de Salud informó sobre los avances en la campaña de vacunación contra diversas enfermedades, alcanzando importantes coberturas en las regiones más vulnerables del país.",,Radio Nacional del Perú,2025-10-07T05:02:32.777Z,cmgg1fs0f0007112gev7odmxo,Salud,#10B981
cmgg3flfq01aux718bvwq08ty,Cultura peruana celebra el Día Internacional de la Lengua Materna,https://www.radionacional.gob.pe/cultura/cultura-peruana-celebra-el-dia-internacional-de-la-lengua-materna#1759813352774-h611v8khn,"Diversas actividades culturales se realizan en todo el país para conmemorar el Día Internacional de la Lengua Materna, destacando la importancia de preservar las lenguas originarias del Perú.",,Radio Nacional del Perú,2025-10-07T05:02:32.775Z,cmgg1fs0b0000112g1dwxzwzw,Actualidad,#3B82F6
cmgg3flfo01asx718clilj2cr,Gobierno anuncia nuevas medidas económicas para reactivar el país,https://www.radionacional.gob.pe/economia/gobierno-anuncia-nuevas-medidas-economicas-para-reactivar-el-pais#1759813352772-mjdedkr7i,"El Ministerio de Economía y Finanzas presentó un paquete de medidas destinadas a impulsar la reactivación económica del país, incluyendo incentivos fiscales y programas de apoyo a las pequeñas empresas.",,Radio Nacional del Perú,2025-10-07T05:02:32.773Z,cmgg1fs0c0002112gtz9dd9xz,Economía,#059669
cmgg3fh0u019cx71845p3q6km,"Miguel Ángel Russo, entrenador de Boca Juniors, en grave estado de salud",https://rpp.pe/deportes/futbol/miguel-angel-russo-entrenador-de-boca-juniors-en-grave-estado-de-salud-noticia-123460#1759813347054-sm44ye2sz,"El entrenador de Boca Juniors, Miguel Ángel Russo, se encuentra en grave estado de salud y fue internado en un centro médico. El club emitió un comunicado informando sobre su situación.",,RPP Noticias,2025-10-07T05:02:27.055Z,cmgg1fs0f0007112gev7odmxo,Salud,#10B981
cmgg3fh0t019ax718vau4qyvj,Crisis sanitaria en Brasil: lo que se sabe de la intoxicación masiva por metanol,https://rpp.pe/mundo/latinoamerica/crisis-sanitaria-en-brasil-lo-que-se-sabe-de-la-intoxicacion-masiva-por-metanol-noticia-123459#1759813347053-i4dm1wh7e,Las autoridades brasileñas investigan una intoxicación masiva por metanol que ha causado muertes y la caída del consumo de alcohol en el país. Se han reportado varios casos en diferentes estados.,,RPP Noticias,2025-10-07T05:02:27.054Z,cmgg1fs0c0003112g7epw4vrz,Deportes,#F59E0B
cmgg3fh0s0196x718t8tko5ye,Con caras nuevas: Selección Peruana empezó sus entrenamientos pensando en duelo ante Chile,https://rpp.pe/deportes/futbol/con-caras-nuevas-seleccion-peruana-empezo-sus-entrenamientos-pensando-en-duelo-ante-chile-noticia-123457#1759813347051-iwfyprpz3,"Con la presencia de 20 futbolistas, la Selección Peruana empezó sus entrenamientos en La Videna FPF con miras al partido amistoso ante Chile. Felipe Chávez de Bayern Munich dijo presente.",,RPP Noticias,2025-10-07T05:02:27.052Z,cmgg1fs0c0003112g7epw4vrz,Deportes,#F59E0B
cmgg3fh0r0194x7187wef1pxd,Dirigentes transportistas acuerdan no continuar con el paro tras reunión con ministros,https://rpp.pe/politica/actualidad/dirigentes-transportistas-acuerdan-no-continuar-con-el-paro-tras-reunion-con-ministros-noticia-123456#1759813347051-uolrq82xn,"Los representantes del sector sostuvieron una reunión con el jefe del Gabinete Ministerial, Eduardo Arana, y otros ministros en la que acordaron, entre otros puntos, la instalación de una mesa de trabajo.",,RPP Noticias,2025-10-07T05:02:27.051Z,cmgg1fs0b0001112g2lb2odtv,Política,#DC2626
cmgg3fh0m0190x718edvwlu8w,Medio ambiente: Proyecto de conservación en la Amazonía peruana,https://www.radionacional.gob.pe/medio-ambiente/proyecto-de-conservacion-en-la-amazonia-peruana#1759813347046-5ywfe38v8,Se lanza un nuevo proyecto de conservación en la Amazonía peruana que busca proteger la biodiversidad y promover el desarrollo sostenible en las comunidades locales.,,Radio Nacional del Perú,2025-10-07T05:02:27.047Z,cmgg1fs0g000a112g93a1z2i9,Medio Ambiente,#22C55E
cmgg3fh0l018yx718p85fr421,Educación: Nuevas tecnologías llegan a escuelas rurales,https://www.radionacional.gob.pe/educacion/nuevas-tecnologias-llegan-a-escuelas-rurales#1759813347045-jk47vr9ft,"El Ministerio de Educación implementa programas de tecnología educativa en escuelas rurales, llevando internet y equipos informáticos a comunidades alejadas para mejorar la calidad educativa.",,Radio Nacional del Perú,2025-10-07T05:02:27.046Z,cmgg1fs0f0008112gsse5oyp2,Sociedad,#F97316
cmgg3fh0k018wx718q0j51iv5,Ministerio de Salud reporta avances en campaña de vacunación,https://www.radionacional.gob.pe/salud/ministerio-de-salud-reporta-avances-en-campana-de-vacunacion#1759813347044-y980byxwi,"El Ministerio de Salud informó sobre los avances en la campaña de vacunación contra diversas enfermedades, alcanzando importantes coberturas en las regiones más vulnerables del país.",,Radio Nacional del Perú,2025-10-07T05:02:27.044Z,cmgg1fs0f0007112gev7odmxo,Salud,#10B981
cmgg3fh0j018ux718tuutzf2q,Cultura peruana celebra el Día Internacional de la Lengua Materna,https://www.radionacional.gob.pe/cultura/cultura-peruana-celebra-el-dia-internacional-de-la-lengua-materna#1759813347042-8o1mz6r07,"Diversas actividades culturales se realizan en todo el país para conmemorar el Día Internacional de la Lengua Materna, destacando la importancia de preservar las lenguas originarias del Perú.",,Radio Nacional del Perú,2025-10-07T05:02:27.043Z,cmgg1fs0b0000112g1dwxzwzw,Actualidad,#3B82F6
cmgg3fh0g018sx7180haqo5c5,Gobierno anuncia nuevas medidas económicas para reactivar el país,https://www.radionacional.gob.pe/economia/gobierno-anuncia-nuevas-medidas-economicas-para-reactivar-el-pais#1759813347040-pgtl62e3q,"El Ministerio de Economía y Finanzas presentó un paquete de medidas destinadas a impulsar la reactivación económica del país, incluyendo incentivos fiscales y programas de apoyo a las pequeñas empresas.",,Radio Nacional del Perú,2025-10-07T05:02:27.040Z,cmgg1fs0c0002112gtz9dd9xz,Economía,#059669
cmgg3f9pk017cx718aev7w1q4,"Miguel Ángel Russo, entrenador de Boca Juniors, en grave estado de salud",https://rpp.pe/deportes/futbol/miguel-angel-russo-entrenador-de-boca-juniors-en-grave-estado-de-salud-noticia-123460#1759813337576-p7uosjzso,"El entrenador de Boca Juniors, Miguel Ángel Russo, se encuentra en grave estado de salud y fue internado en un centro médico. El club emitió un comunicado informando sobre su situación.",,RPP Noticias,2025-10-07T05:02:17.577Z,cmgg1fs0f0007112gev7odmxo,Salud,#10B981
cmgg3f9pj017ax718t4m8616i,Crisis sanitaria en Brasil: lo que se sabe de la intoxicación masiva por metanol,https://rpp.pe/mundo/latinoamerica/crisis-sanitaria-en-brasil-lo-que-se-sabe-de-la-intoxicacion-masiva-por-metanol-noticia-123459#1759813337575-pths3zjb2,Las autoridades brasileñas investigan una intoxicación masiva por metanol que ha causado muertes y la caída del consumo de alcohol en el país. Se han reportado varios casos en diferentes estados.,,RPP Noticias,2025-10-07T05:02:17.576Z,cmgg1fs0c0003112g7epw4vrz,Deportes,#F59E0B
cmgg3f9pi0176x7188pff1a1i,Con caras nuevas: Selección Peruana empezó sus entrenamientos pensando en duelo ante Chile,https://rpp.pe/deportes/futbol/con-caras-nuevas-seleccion-peruana-empezo-sus-entrenamientos-pensando-en-duelo-ante-chile-noticia-123457#1759813337574-a6b2u5cri,"Con la presencia de 20 futbolistas, la Selección Peruana empezó sus entrenamientos en La Videna FPF con miras al partido amistoso ante Chile. Felipe Chávez de Bayern Munich dijo presente.",,RPP Noticias,2025-10-07T05:02:17.574Z,cmgg1fs0c0003112g7epw4vrz,Deportes,#F59E0B
cmgg3f9ph0174x7186vfy6tg5,Dirigentes transportistas acuerdan no continuar con el paro tras reunión con ministros,https://rpp.pe/politica/actualidad/dirigentes-transportistas-acuerdan-no-continuar-con-el-paro-tras-reunion-con-ministros-noticia-123456#1759813337573-bqdu1jxn8,"Los representantes del sector sostuvieron una reunión con el jefe del Gabinete Ministerial, Eduardo Arana, y otros ministros en la que acordaron, entre otros puntos, la instalación de una mesa de trabajo.",,RPP Noticias,2025-10-07T05:02:17.573Z,cmgg1fs0b0001112g2lb2odtv,Política,#DC2626
cmgg3f9pc0170x718sdchwh7n,Medio ambiente: Proyecto de conservación en la Amazonía peruana,https://www.radionacional.gob.pe/medio-ambiente/proyecto-de-conservacion-en-la-amazonia-peruana#1759813337568-vuzdcidds,Se lanza un nuevo proyecto de conservación en la Amazonía peruana que busca proteger la biodiversidad y promover el desarrollo sostenible en las comunidades locales.,,Radio Nacional del Perú,2025-10-07T05:02:17.569Z,cmgg1fs0g000a112g93a1z2i9,Medio Ambiente,#22C55E
cmgg3f9pb016yx718krywslz1,Educación: Nuevas tecnologías llegan a escuelas rurales,https://www.radionacional.gob.pe/educacion/nuevas-tecnologias-llegan-a-escuelas-rurales#1759813337567-lih96ebyx,"El Ministerio de Educación implementa programas de tecnología educativa en escuelas rurales, llevando internet y equipos informáticos a comunidades alejadas para mejorar la calidad educativa.",,Radio Nacional del Perú,2025-10-07T05:02:17.568Z,cmgg1fs0f0008112gsse5oyp2,Sociedad,#F97316
cmgg3f9pa016wx718bsyvci00,Ministerio de Salud reporta avances en campaña de vacunación,https://www.radionacional.gob.pe/salud/ministerio-de-salud-reporta-avances-en-campana-de-vacunacion#1759813337566-miyx92luc,"El Ministerio de Salud informó sobre los avances en la campaña de vacunación contra diversas enfermedades, alcanzando importantes coberturas en las regiones más vulnerables del país.",,Radio Nacional del Perú,2025-10-07T05:02:17.567Z,cmgg1fs0f0007112gev7odmxo,Salud,#10B981
cmgg3f9p9016ux7180xl49b3b,Cultura peruana celebra el Día Internacional de la Lengua Materna,https://www.radionacional.gob.pe/cultura/cultura-peruana-celebra-el-dia-internacional-de-la-lengua-materna#1759813337565-a44c9kicy,"Diversas actividades culturales se realizan en todo el país para conmemorar el Día Internacional de la Lengua Materna, destacando la importancia de preservar las lenguas originarias del Perú.",,Radio Nacional del Perú,2025-10-07T05:02:17.565Z,cmgg1fs0b0000112g1dwxzwzw,Actualidad,#3B82F6
cmgg3f9p7016sx718xhf4mj3s,Gobierno anuncia nuevas medidas económicas para reactivar el país,https://www.radionacional.gob.pe/economia/gobierno-anuncia-nuevas-medidas-economicas-para-reactivar-el-pais#1759813337562-sql9xr3a6,"El Ministerio de Economía y Finanzas presentó un paquete de medidas destinadas a impulsar la reactivación económica del país, incluyendo incentivos fiscales y programas de apoyo a las pequeñas empresas.",,Radio Nacional del Perú,2025-10-07T05:02:17.563Z,cmgg1fs0c0002112gtz9dd9xz,Economía,#059669
cmgg3dkq4015fx718ibrwqs4m,"Miguel Ángel Russo, entrenador de Boca Juniors, en grave estado de salud",https://rpp.pe/deportes/futbol/miguel-angel-russo-entrenador-de-boca-juniors-en-grave-estado-de-salud-noticia-123460#1759813258540-shl2w3wvt,"El entrenador de Boca Juniors, Miguel Ángel Russo, se encuentra en grave estado de salud y fue internado en un centro médico. El club emitió un comunicado informando sobre su situación.",,RPP Noticias,2025-10-07T05:00:58.541Z,cmgg1fs0f0007112gev7odmxo,Salud,#10B981
cmgg3dkq3015dx718slhvu8u9,Crisis sanitaria en Brasil: lo que se sabe de la intoxicación masiva por metanol,https://rpp.pe/mundo/latinoamerica/crisis-sanitaria-en-brasil-lo-que-se-sabe-de-la-intoxicacion-masiva-por-metanol-noticia-123459#1759813258539-u09zfjgyu,Las autoridades brasileñas investigan una intoxicación masiva por metanol que ha causado muertes y la caída del consumo de alcohol en el país. Se han reportado varios casos en diferentes estados.,,RPP Noticias,2025-10-07T05:00:58.540Z,cmgg1fs0c0003112g7epw4vrz,Deportes,#F59E0B
cmgg3dkq20159x718jgwrprk3,Con caras nuevas: Selección Peruana empezó sus entrenamientos pensando en duelo ante Chile,https://rpp.pe/deportes/futbol/con-caras-nuevas-seleccion-peruana-empezo-sus-entrenamientos-pensando-en-duelo-ante-chile-noticia-123457#1759813258538-twiinlxhy,"Con la presencia de 20 futbolistas, la Selección Peruana empezó sus entrenamientos en La Videna FPF con miras al partido amistoso ante Chile. Felipe Chávez de Bayern Munich dijo presente.",,RPP Noticias,2025-10-07T05:00:58.538Z,cmgg1fs0c0003112g7epw4vrz,Deportes,#F59E0B
cmgg3dkq10157x7186zpb1aku,Dirigentes transportistas acuerdan no continuar con el paro tras reunión con ministros,https://rpp.pe/politica/actualidad/dirigentes-transportistas-acuerdan-no-continuar-con-el-paro-tras-reunion-con-ministros-noticia-123456#1759813258537-0lmyct0nq,"Los representantes del sector sostuvieron una reunión con el jefe del Gabinete Ministerial, Eduardo Arana, y otros ministros en la que acordaron, entre otros puntos, la instalación de una mesa de trabajo.",,RPP Noticias,2025-10-07T05:00:58.537Z,cmgg1fs0b0001112g2lb2odtv,Política,#DC2626
cmgg3dkpw0153x7184nz32vpt,Medio ambiente: Proyecto de conservación en la Amazonía peruana,https://www.radionacional.gob.pe/medio-ambiente/proyecto-de-conservacion-en-la-amazonia-peruana#1759813258532-qcdn05f55,Se lanza un nuevo proyecto de conservación en la Amazonía peruana que busca proteger la biodiversidad y promover el desarrollo sostenible en las comunidades locales.,,Radio Nacional del Perú,2025-10-07T05:00:58.533Z,cmgg1fs0g000a112g93a1z2i9,Medio Ambiente,#22C55E
cmgg3dkpv0151x718cr1yhhfw,Educación: Nuevas tecnologías llegan a escuelas rurales,https://www.radionacional.gob.pe/educacion/nuevas-tecnologias-llegan-a-escuelas-rurales#1759813258531-3xs295l7f,"El Ministerio de Educación implementa programas de tecnología educativa en escuelas rurales, llevando internet y equipos informáticos a comunidades alejadas para mejorar la calidad educativa.",,Radio Nacional del Perú,2025-10-07T05:00:58.532Z,cmgg1fs0f0008112gsse5oyp2,Sociedad,#F97316
cmgg3dkpu014zx718ymd2li4q,Ministerio de Salud reporta avances en campaña de vacunación,https://www.radionacional.gob.pe/salud/ministerio-de-salud-reporta-avances-en-campana-de-vacunacion#1759813258530-27333md2j,"El Ministerio de Salud informó sobre los avances en la campaña de vacunación contra diversas enfermedades, alcanzando importantes coberturas en las regiones más vulnerables del país.",,Radio Nacional del Perú,2025-10-07T05:00:58.531Z,cmgg1fs0f0007112gev7odmxo,Salud,#10B981
cmgg3dkpt014xx718tnk3bmpc,Cultura peruana celebra el Día Internacional de la Lengua Materna,https://www.radionacional.gob.pe/cultura/cultura-peruana-celebra-el-dia-internacional-de-la-lengua-materna#1759813258528-4712u5n25,"Diversas actividades culturales se realizan en todo el país para conmemorar el Día Internacional de la Lengua Materna, destacando la importancia de preservar las lenguas originarias del Perú.",,Radio Nacional del Perú,2025-10-07T05:00:58.529Z,cmgg1fs0b0000112g1dwxzwzw,Actualidad,#3B82F6
cmgg3dkpq014vx7188vimrrsr,Gobierno anuncia nuevas medidas económicas para reactivar el país,https://www.radionacional.gob.pe/economia/gobierno-anuncia-nuevas-medidas-economicas-para-reactivar-el-pais#1759813258525-f7jl77zv9,"El Ministerio de Economía y Finanzas presentó un paquete de medidas destinadas a impulsar la reactivación económica del país, incluyendo incentivos fiscales y programas de apoyo a las pequeñas empresas.",,Radio Nacional del Perú,2025-10-07T05:00:58.526Z,cmgg1fs0c0002112gtz9dd9xz,Economía,#059669
cmgg3cq30013mx718gunkegzh,"Miguel Ángel Russo, entrenador de Boca Juniors, en grave estado de salud",https://rpp.pe/deportes/futbol/miguel-angel-russo-entrenador-de-boca-juniors-en-grave-estado-de-salud-noticia-123460#1759813218828-la538i6kj,"El entrenador de Boca Juniors, Miguel Ángel Russo, se encuentra en grave estado de salud y fue internado en un centro médico. El club emitió un comunicado informando sobre su situación.",,RPP Noticias,2025-10-07T05:00:18.828Z,cmgg1fs0f0007112gev7odmxo,Salud,#10B981
cmgg3cq2z013kx718iwatp4om,Crisis sanitaria en Brasil: lo que se sabe de la intoxicación masiva por metanol,https://rpp.pe/mundo/latinoamerica/crisis-sanitaria-en-brasil-lo-que-se-sabe-de-la-intoxicacion-masiva-por-metanol-noticia-123459#1759813218827-5dm6d147g,Las autoridades brasileñas investigan una intoxicación masiva por metanol que ha causado muertes y la caída del consumo de alcohol en el país. Se han reportado varios casos en diferentes estados.,,RPP Noticias,2025-10-07T05:00:18.827Z,cmgg1fs0c0003112g7epw4vrz,Deportes,#F59E0B
cmgg3cq2x013gx718kyey3gsr,Con caras nuevas: Selección Peruana empezó sus entrenamientos pensando en duelo ante Chile,https://rpp.pe/deportes/futbol/con-caras-nuevas-seleccion-peruana-empezo-sus-entrenamientos-pensando-en-duelo-ante-chile-noticia-123457#1759813218825-kaz3juze2,"Con la presencia de 20 futbolistas, la Selección Peruana empezó sus entrenamientos en La Videna FPF con miras al partido amistoso ante Chile. Felipe Chávez de Bayern Munich dijo presente.",,RPP Noticias,2025-10-07T05:00:18.826Z,cmgg1fs0c0003112g7epw4vrz,Deportes,#F59E0B
cmgg3cq2w013ex7185se1wjom,Dirigentes transportistas acuerdan no continuar con el paro tras reunión con ministros,https://rpp.pe/politica/actualidad/dirigentes-transportistas-acuerdan-no-continuar-con-el-paro-tras-reunion-con-ministros-noticia-123456#1759813218824-md3nqm0gj,"Los representantes del sector sostuvieron una reunión con el jefe del Gabinete Ministerial, Eduardo Arana, y otros ministros en la que acordaron, entre otros puntos, la instalación de una mesa de trabajo.",,RPP Noticias,2025-10-07T05:00:18.825Z,cmgg1fs0b0001112g2lb2odtv,Política,#DC2626
cmgg3cq2r013ax718cez24zrr,Medio ambiente: Proyecto de conservación en la Amazonía peruana,https://www.radionacional.gob.pe/medio-ambiente/proyecto-de-conservacion-en-la-amazonia-peruana#1759813218819-d5p7mwe2u,Se lanza un nuevo proyecto de conservación en la Amazonía peruana que busca proteger la biodiversidad y promover el desarrollo sostenible en las comunidades locales.,,Radio Nacional del Perú,2025-10-07T05:00:18.820Z,cmgg1fs0g000a112g93a1z2i9,Medio Ambiente,#22C55E
cmgg3cq2q0138x7183xiiudu3,Educación: Nuevas tecnologías llegan a escuelas rurales,https://www.radionacional.gob.pe/educacion/nuevas-tecnologias-llegan-a-escuelas-rurales#1759813218818-qnr00plh9,"El Ministerio de Educación implementa programas de tecnología educativa en escuelas rurales, llevando internet y equipos informáticos a comunidades alejadas para mejorar la calidad educativa.",,Radio Nacional del Perú,2025-10-07T05:00:18.819Z,cmgg1fs0f0008112gsse5oyp2,Sociedad,#F97316
cmgg3cq2p0136x718fs7actu7,Ministerio de Salud reporta avances en campaña de vacunación,https://www.radionacional.gob.pe/salud/ministerio-de-salud-reporta-avances-en-campana-de-vacunacion#1759813218817-y6hstjeds,"El Ministerio de Salud informó sobre los avances en la campaña de vacunación contra diversas enfermedades, alcanzando importantes coberturas en las regiones más vulnerables del país.",,Radio Nacional del Perú,2025-10-07T05:00:18.817Z,cmgg1fs0f0007112gev7odmxo,Salud,#10B981
cmgg3cq2n0134x718n8tvojbg,Cultura peruana celebra el Día Internacional de la Lengua Materna,https://www.radionacional.gob.pe/cultura/cultura-peruana-celebra-el-dia-internacional-de-la-lengua-materna#1759813218815-xpns0jlrg,"Diversas actividades culturales se realizan en todo el país para conmemorar el Día Internacional de la Lengua Materna, destacando la importancia de preservar las lenguas originarias del Perú.",,Radio Nacional del Perú,2025-10-07T05:00:18.816Z,cmgg1fs0b0000112g1dwxzwzw,Actualidad,#3B82F6
cmgg3cq2k0132x718qu8nd7dr,Gobierno anuncia nuevas medidas económicas para reactivar el país,https://www.radionacional.gob.pe/economia/gobierno-anuncia-nuevas-medidas-economicas-para-reactivar-el-pais#1759813218811-s0qqy8nkr,"El Ministerio de Economía y Finanzas presentó un paquete de medidas destinadas a impulsar la reactivación económica del país, incluyendo incentivos fiscales y programas de apoyo a las pequeñas empresas.",,Radio Nacional del Perú,2025-10-07T05:00:18.812Z,cmgg1fs0c0002112gtz9dd9xz,Economía,#059669
cmgg3ci5e011ux71818kupc5q,"Miguel Ángel Russo, entrenador de Boca Juniors, en grave estado de salud",https://rpp.pe/deportes/futbol/miguel-angel-russo-entrenador-de-boca-juniors-en-grave-estado-de-salud-noticia-123460#1759813208546-inxujn5yq,"El entrenador de Boca Juniors, Miguel Ángel Russo, se encuentra en grave estado de salud y fue internado en un centro médico. El club emitió un comunicado informando sobre su situación.",,RPP Noticias,2025-10-07T05:00:08.547Z,cmgg1fs0f0007112gev7odmxo,Salud,#10B981
cmgg3ci5e011sx718zsjb9i2k,Crisis sanitaria en Brasil: lo que se sabe de la intoxicación masiva por metanol,https://rpp.pe/mundo/latinoamerica/crisis-sanitaria-en-brasil-lo-que-se-sabe-de-la-intoxicacion-masiva-por-metanol-noticia-123459#1759813208546-m06kvcarn,Las autoridades brasileñas investigan una intoxicación masiva por metanol que ha causado muertes y la caída del consumo de alcohol en el país. Se han reportado varios casos en diferentes estados.,,RPP Noticias,2025-10-07T05:00:08.546Z,cmgg1fs0c0003112g7epw4vrz,Deportes,#F59E0B
cmgg3ci5c011ox7187rn5fmem,Con caras nuevas: Selección Peruana empezó sus entrenamientos pensando en duelo ante Chile,https://rpp.pe/deportes/futbol/con-caras-nuevas-seleccion-peruana-empezo-sus-entrenamientos-pensando-en-duelo-ante-chile-noticia-123457#1759813208544-ud6htr0ws,"Con la presencia de 20 futbolistas, la Selección Peruana empezó sus entrenamientos en La Videna FPF con miras al partido amistoso ante Chile. Felipe Chávez de Bayern Munich dijo presente.",,RPP Noticias,2025-10-07T05:00:08.545Z,cmgg1fs0c0003112g7epw4vrz,Deportes,#F59E0B
cmgg3ci5b011mx718ugtjxdup,Dirigentes transportistas acuerdan no continuar con el paro tras reunión con ministros,https://rpp.pe/politica/actualidad/dirigentes-transportistas-acuerdan-no-continuar-con-el-paro-tras-reunion-con-ministros-noticia-123456#1759813208543-42xbvjko4,"Los representantes del sector sostuvieron una reunión con el jefe del Gabinete Ministerial, Eduardo Arana, y otros ministros en la que acordaron, entre otros puntos, la instalación de una mesa de trabajo.",,RPP Noticias,2025-10-07T05:00:08.544Z,cmgg1fs0b0001112g2lb2odtv,Política,#DC2626
cmgg3ci57011ix718s90hgq4j,Medio ambiente: Proyecto de conservación en la Amazonía peruana,https://www.radionacional.gob.pe/medio-ambiente/proyecto-de-conservacion-en-la-amazonia-peruana#1759813208538-qmj2u2ecw,Se lanza un nuevo proyecto de conservación en la Amazonía peruana que busca proteger la biodiversidad y promover el desarrollo sostenible en las comunidades locales.,,Radio Nacional del Perú,2025-10-07T05:00:08.539Z,cmgg1fs0g000a112g93a1z2i9,Medio Ambiente,#22C55E
cmgg3ci56011gx718n2zmidog,Educación: Nuevas tecnologías llegan a escuelas rurales,https://www.radionacional.gob.pe/educacion/nuevas-tecnologias-llegan-a-escuelas-rurales#1759813208537-6fxgsllh2,"El Ministerio de Educación implementa programas de tecnología educativa en escuelas rurales, llevando internet y equipos informáticos a comunidades alejadas para mejorar la calidad educativa.",,Radio Nacional del Perú,2025-10-07T05:00:08.538Z,cmgg1fs0f0008112gsse5oyp2,Sociedad,#F97316
cmgg3ci55011ex71863ok86hq,Ministerio de Salud reporta avances en campaña de vacunación,https://www.radionacional.gob.pe/salud/ministerio-de-salud-reporta-avances-en-campana-de-vacunacion#1759813208536-24orm0yh5,"El Ministerio de Salud informó sobre los avances en la campaña de vacunación contra diversas enfermedades, alcanzando importantes coberturas en las regiones más vulnerables del país.",,Radio Nacional del Perú,2025-10-07T05:00:08.537Z,cmgg1fs0f0007112gev7odmxo,Salud,#10B981
cmgg3ci53011cx718f3e7dnnq,Cultura peruana celebra el Día Internacional de la Lengua Materna,https://www.radionacional.gob.pe/cultura/cultura-peruana-celebra-el-dia-internacional-de-la-lengua-materna#1759813208535-rgjq2n464,"Diversas actividades culturales se realizan en todo el país para conmemorar el Día Internacional de la Lengua Materna, destacando la importancia de preservar las lenguas originarias del Perú.",,Radio Nacional del Perú,2025-10-07T05:00:08.535Z,cmgg1fs0b0000112g1dwxzwzw,Actualidad,#3B82F6
cmgg3ci50011ax7183hra6c60,Gobierno anuncia nuevas medidas económicas para reactivar el país,https://www.radionacional.gob.pe/economia/gobierno-anuncia-nuevas-medidas-economicas-para-reactivar-el-pais#1759813208532-dezquqimq,"El Ministerio de Economía y Finanzas presentó un paquete de medidas destinadas a impulsar la reactivación económica del país, incluyendo incentivos fiscales y programas de apoyo a las pequeñas empresas.",,Radio Nacional del Perú,2025-10-07T05:00:08.533Z,cmgg1fs0c0002112gtz9dd9xz,Economía,#059669
cmgg3cc760102x718iw8lmxkz,"Miguel Ángel Russo, entrenador de Boca Juniors, en grave estado de salud",https://rpp.pe/deportes/futbol/miguel-angel-russo-entrenador-de-boca-juniors-en-grave-estado-de-salud-noticia-123460#1759813200834-x5qke7g5p,"El entrenador de Boca Juniors, Miguel Ángel Russo, se encuentra en grave estado de salud y fue internado en un centro médico. El club emitió un comunicado informando sobre su situación.",,RPP Noticias,2025-10-07T05:00:00.835Z,cmgg1fs0f0007112gev7odmxo,Salud,#10B981
cmgg3cc760100x718gxpdj8z0,Crisis sanitaria en Brasil: lo que se sabe de la intoxicación masiva por metanol,https://rpp.pe/mundo/latinoamerica/crisis-sanitaria-en-brasil-lo-que-se-sabe-de-la-intoxicacion-masiva-por-metanol-noticia-123459#1759813200833-2zgcukd11,Las autoridades brasileñas investigan una intoxicación masiva por metanol que ha causado muertes y la caída del consumo de alcohol en el país. Se han reportado varios casos en diferentes estados.,,RPP Noticias,2025-10-07T05:00:00.834Z,cmgg1fs0c0003112g7epw4vrz,Deportes,#F59E0B
cmgg3cc7400zwx718gya2b8pb,Con caras nuevas: Selección Peruana empezó sus entrenamientos pensando en duelo ante Chile,https://rpp.pe/deportes/futbol/con-caras-nuevas-seleccion-peruana-empezo-sus-entrenamientos-pensando-en-duelo-ante-chile-noticia-123457#1759813200832-bpbpv1z6t,"Con la presencia de 20 futbolistas, la Selección Peruana empezó sus entrenamientos en La Videna FPF con miras al partido amistoso ante Chile. Felipe Chávez de Bayern Munich dijo presente.",,RPP Noticias,2025-10-07T05:00:00.832Z,cmgg1fs0c0003112g7epw4vrz,Deportes,#F59E0B
cmgg3cc7300zux718y55bgoov,Dirigentes transportistas acuerdan no continuar con el paro tras reunión con ministros,https://rpp.pe/politica/actualidad/dirigentes-transportistas-acuerdan-no-continuar-con-el-paro-tras-reunion-con-ministros-noticia-123456#1759813200830-lrkmtmix0,"Los representantes del sector sostuvieron una reunión con el jefe del Gabinete Ministerial, Eduardo Arana, y otros ministros en la que acordaron, entre otros puntos, la instalación de una mesa de trabajo.",,RPP Noticias,2025-10-07T05:00:00.831Z,cmgg1fs0b0001112g2lb2odtv,Política,#DC2626
cmgg3cc6x00zqx7185jgko5ho,Medio ambiente: Proyecto de conservación en la Amazonía peruana,https://www.radionacional.gob.pe/medio-ambiente/proyecto-de-conservacion-en-la-amazonia-peruana#1759813200825-7qqo0vj3d,Se lanza un nuevo proyecto de conservación en la Amazonía peruana que busca proteger la biodiversidad y promover el desarrollo sostenible en las comunidades locales.,,Radio Nacional del Perú,2025-10-07T05:00:00.825Z,cmgg1fs0g000a112g93a1z2i9,Medio Ambiente,#22C55E
cmgg3cc6v00zox718z312qk6k,Educación: Nuevas tecnologías llegan a escuelas rurales,https://www.radionacional.gob.pe/educacion/nuevas-tecnologias-llegan-a-escuelas-rurales#1759813200823-xoib5flxz,"El Ministerio de Educación implementa programas de tecnología educativa en escuelas rurales, llevando internet y equipos informáticos a comunidades alejadas para mejorar la calidad educativa.",,Radio Nacional del Perú,2025-10-07T05:00:00.824Z,cmgg1fs0f0008112gsse5oyp2,Sociedad,#F97316
cmgg3cc6u00zmx718fjjf70ql,Ministerio de Salud reporta avances en campaña de vacunación,https://www.radionacional.gob.pe/salud/ministerio-de-salud-reporta-avances-en-campana-de-vacunacion#1759813200822-8vvzti5ba,"El Ministerio de Salud informó sobre los avances en la campaña de vacunación contra diversas enfermedades, alcanzando importantes coberturas en las regiones más vulnerables del país.",,Radio Nacional del Perú,2025-10-07T05:00:00.822Z,cmgg1fs0f0007112gev7odmxo,Salud,#10B981
cmgg3cc6t00zkx718a6izxj8d,Cultura peruana celebra el Día Internacional de la Lengua Materna,https://www.radionacional.gob.pe/cultura/cultura-peruana-celebra-el-dia-internacional-de-la-lengua-materna#1759813200820-5cqr28wgt,"Diversas actividades culturales se realizan en todo el país para conmemorar el Día Internacional de la Lengua Materna, destacando la importancia de preservar las lenguas originarias del Perú.",,Radio Nacional del Perú,2025-10-07T05:00:00.821Z,cmgg1fs0b0000112g1dwxzwzw,Actualidad,#3B82F6
cmgg3cc6q00zix71880s3hz3h,Gobierno anuncia nuevas medidas económicas para reactivar el país,https://www.radionacional.gob.pe/economia/gobierno-anuncia-nuevas-medidas-economicas-para-reactivar-el-pais#1759813200818-8gcs11y6d,"El Ministerio de Economía y Finanzas presentó un paquete de medidas destinadas a impulsar la reactivación económica del país, incluyendo incentivos fiscales y programas de apoyo a las pequeñas empresas.",,Radio Nacional del Perú,2025-10-07T05:00:00.819Z,cmgg1fs0c0002112gtz9dd9xz,Economía,#059669
cmgg3cc2000yax7181dwo3scn,"Miguel Ángel Russo, entrenador de Boca Juniors, en grave estado de salud",https://rpp.pe/deportes/futbol/miguel-angel-russo-entrenador-de-boca-juniors-en-grave-estado-de-salud-noticia-123460#1759813200648-rv4r8z7ic,"El entrenador de Boca Juniors, Miguel Ángel Russo, se encuentra en grave estado de salud y fue internado en un centro médico. El club emitió un comunicado informando sobre su situación.",,RPP Noticias,2025-10-07T05:00:00.649Z,cmgg1fs0f0007112gev7odmxo,Salud,#10B981
cmgg3cc2000y8x7187udvsv0f,Crisis sanitaria en Brasil: lo que se sabe de la intoxicación masiva por metanol,https://rpp.pe/mundo/latinoamerica/crisis-sanitaria-en-brasil-lo-que-se-sabe-de-la-intoxicacion-masiva-por-metanol-noticia-123459#1759813200648-mwslz2hs9,Las autoridades brasileñas investigan una intoxicación masiva por metanol que ha causado muertes y la caída del consumo de alcohol en el país. Se han reportado varios casos en diferentes estados.,,RPP Noticias,2025-10-07T05:00:00.648Z,cmgg1fs0c0003112g7epw4vrz,Deportes,#F59E0B
cmgg3cc1z00y4x718mpeviwl0,Con caras nuevas: Selección Peruana empezó sus entrenamientos pensando en duelo ante Chile,https://rpp.pe/deportes/futbol/con-caras-nuevas-seleccion-peruana-empezo-sus-entrenamientos-pensando-en-duelo-ante-chile-noticia-123457#1759813200646-sw8qf9xhy,"Con la presencia de 20 futbolistas, la Selección Peruana empezó sus entrenamientos en La Videna FPF con miras al partido amistoso ante Chile. Felipe Chávez de Bayern Munich dijo presente.",,RPP Noticias,2025-10-07T05:00:00.647Z,cmgg1fs0c0003112g7epw4vrz,Deportes,#F59E0B
cmgg3cc1y00y2x7189aeenc2v,Dirigentes transportistas acuerdan no continuar con el paro tras reunión con ministros,https://rpp.pe/politica/actualidad/dirigentes-transportistas-acuerdan-no-continuar-con-el-paro-tras-reunion-con-ministros-noticia-123456#1759813200646-eh7haktby,"Los representantes del sector sostuvieron una reunión con el jefe del Gabinete Ministerial, Eduardo Arana, y otros ministros en la que acordaron, entre otros puntos, la instalación de una mesa de trabajo.",,RPP Noticias,2025-10-07T05:00:00.646Z,cmgg1fs0b0001112g2lb2odtv,Política,#DC2626
cmgg3cc1u00xwx718fiw4i9dh,Educación: Nuevas tecnologías llegan a escuelas rurales,https://www.radionacional.gob.pe/educacion/nuevas-tecnologias-llegan-a-escuelas-rurales#1759813200642-u60nkyym3,"El Ministerio de Educación implementa programas de tecnología educativa en escuelas rurales, llevando internet y equipos informáticos a comunidades alejadas para mejorar la calidad educativa.",,Radio Nacional del Perú,2025-10-07T05:00:00.643Z,cmgg1fs0f0008112gsse5oyp2,Sociedad,#F97316
cmgg3cc1v00xyx7186123qqpo,Medio ambiente: Proyecto de conservación en la Amazonía peruana,https://www.radionacional.gob.pe/medio-ambiente/proyecto-de-conservacion-en-la-amazonia-peruana#1759813200643-l1cvb44yc,Se lanza un nuevo proyecto de conservación en la Amazonía peruana que busca proteger la biodiversidad y promover el desarrollo sostenible en las comunidades locales.,,Radio Nacional del Perú,2025-10-07T05:00:00.643Z,cmgg1fs0g000a112g93a1z2i9,Medio Ambiente,#22C55E
cmgg3cc1u00xux718qj11fbjl,Ministerio de Salud reporta avances en campaña de vacunación,https://www.radionacional.gob.pe/salud/ministerio-de-salud-reporta-avances-en-campana-de-vacunacion#1759813200641-1j6z4hvnt,"El Ministerio de Salud informó sobre los avances en la campaña de vacunación contra diversas enfermedades, alcanzando importantes coberturas en las regiones más vulnerables del país.",,Radio Nacional del Perú,2025-10-07T05:00:00.642Z,cmgg1fs0f0007112gev7odmxo,Salud,#10B981
cmgg3cc1t00xsx7188k4mad3s,Cultura peruana celebra el Día Internacional de la Lengua Materna,https://www.radionacional.gob.pe/cultura/cultura-peruana-celebra-el-dia-internacional-de-la-lengua-materna#1759813200641-9lvthawlv,"Diversas actividades culturales se realizan en todo el país para conmemorar el Día Internacional de la Lengua Materna, destacando la importancia de preservar las lenguas originarias del Perú.",,Radio Nacional del Perú,2025-10-07T05:00:00.641Z,cmgg1fs0b0000112g1dwxzwzw,Actualidad,#3B82F6
cmgg3cc1s00xqx71835a3pyuk,Gobierno anuncia nuevas medidas económicas para reactivar el país,https://www.radionacional.gob.pe/economia/gobierno-anuncia-nuevas-medidas-economicas-para-reactivar-el-pais#1759813200640-ggwg56lzb,"El Ministerio de Economía y Finanzas presentó un paquete de medidas destinadas a impulsar la reactivación económica del país, incluyendo incentivos fiscales y programas de apoyo a las pequeñas empresas.",,Radio Nacional del Perú,2025-10-07T05:00:00.640Z,cmgg1fs0c0002112gtz9dd9xz,Economía,#059669
cmgg3cbze00wix718g1xyj0l2,"Miguel Ángel Russo, entrenador de Boca Juniors, en grave estado de salud",https://rpp.pe/deportes/futbol/miguel-angel-russo-entrenador-de-boca-juniors-en-grave-estado-de-salud-noticia-123460#1759813200554-1hbncyw09,"El entrenador de Boca Juniors, Miguel Ángel Russo, se encuentra en grave estado de salud y fue internado en un centro médico. El club emitió un comunicado informando sobre su situación.",,RPP Noticias,2025-10-07T05:00:00.555Z,cmgg1fs0f0007112gev7odmxo,Salud,#10B981
cmgg3cbze00wgx7181ynanwk5,Crisis sanitaria en Brasil: lo que se sabe de la intoxicación masiva por metanol,https://rpp.pe/mundo/latinoamerica/crisis-sanitaria-en-brasil-lo-que-se-sabe-de-la-intoxicacion-masiva-por-metanol-noticia-123459#1759813200554-cxl00coyn,Las autoridades brasileñas investigan una intoxicación masiva por metanol que ha causado muertes y la caída del consumo de alcohol en el país. Se han reportado varios casos en diferentes estados.,,RPP Noticias,2025-10-07T05:00:00.554Z,cmgg1fs0c0003112g7epw4vrz,Deportes,#F59E0B
cmgg3cbzc00wax718oey1s5rl,Dirigentes transportistas acuerdan no continuar con el paro tras reunión con ministros,https://rpp.pe/politica/actualidad/dirigentes-transportistas-acuerdan-no-continuar-con-el-paro-tras-reunion-con-ministros-noticia-123456#1759813200552-poza2otgc,"Los representantes del sector sostuvieron una reunión con el jefe del Gabinete Ministerial, Eduardo Arana, y otros ministros en la que acordaron, entre otros puntos, la instalación de una mesa de trabajo.",,RPP Noticias,2025-10-07T05:00:00.553Z,cmgg1fs0b0001112g2lb2odtv,Política,#DC2626
cmgg3cbzd00wcx718jstc7ozd,Con caras nuevas: Selección Peruana empezó sus entrenamientos pensando en duelo ante Chile,https://rpp.pe/deportes/futbol/con-caras-nuevas-seleccion-peruana-empezo-sus-entrenamientos-pensando-en-duelo-ante-chile-noticia-123457#1759813200553-cs1vz4qw6,"Con la presencia de 20 futbolistas, la Selección Peruana empezó sus entrenamientos en La Videna FPF con miras al partido amistoso ante Chile. Felipe Chávez de Bayern Munich dijo presente.",,RPP Noticias,2025-10-07T05:00:00.553Z,cmgg1fs0c0003112g7epw4vrz,Deportes,#F59E0B
cmgg3cbza00w6x718htat5g5s,Medio ambiente: Proyecto de conservación en la Amazonía peruana,https://www.radionacional.gob.pe/medio-ambiente/proyecto-de-conservacion-en-la-amazonia-peruana#1759813200550-eson0t26t,Se lanza un nuevo proyecto de conservación en la Amazonía peruana que busca proteger la biodiversidad y promover el desarrollo sostenible en las comunidades locales.,,Radio Nacional del Perú,2025-10-07T05:00:00.551Z,cmgg1fs0g000a112g93a1z2i9,Medio Ambiente,#22C55E
cmgg3cbz900w2x718yxsxge2g,Ministerio de Salud reporta avances en campaña de vacunación,https://www.radionacional.gob.pe/salud/ministerio-de-salud-reporta-avances-en-campana-de-vacunacion#1759813200549-clltu5gan,"El Ministerio de Salud informó sobre los avances en la campaña de vacunación contra diversas enfermedades, alcanzando importantes coberturas en las regiones más vulnerables del país.",,Radio Nacional del Perú,2025-10-07T05:00:00.550Z,cmgg1fs0f0007112gev7odmxo,Salud,#10B981
cmgg3cbza00w4x718vrk6hbh4,Educación: Nuevas tecnologías llegan a escuelas rurales,https://www.radionacional.gob.pe/educacion/nuevas-tecnologias-llegan-a-escuelas-rurales#1759813200550-ujhtbea9w,"El Ministerio de Educación implementa programas de tecnología educativa en escuelas rurales, llevando internet y equipos informáticos a comunidades alejadas para mejorar la calidad educativa.",,Radio Nacional del Perú,2025-10-07T05:00:00.550Z,cmgg1fs0f0008112gsse5oyp2,Sociedad,#F97316
cmgg3cbz900w0x718rt18r78j,Cultura peruana celebra el Día Internacional de la Lengua Materna,https://www.radionacional.gob.pe/cultura/cultura-peruana-celebra-el-dia-internacional-de-la-lengua-materna#1759813200549-9mqiawp1b,"Diversas actividades culturales se realizan en todo el país para conmemorar el Día Internacional de la Lengua Materna, destacando la importancia de preservar las lenguas originarias del Perú.",,Radio Nacional del Perú,2025-10-07T05:00:00.549Z,cmgg1fs0b0000112g1dwxzwzw,Actualidad,#3B82F6
cmgg3cbz800vyx7183bk879b6,Gobierno anuncia nuevas medidas económicas para reactivar el país,https://www.radionacional.gob.pe/economia/gobierno-anuncia-nuevas-medidas-economicas-para-reactivar-el-pais#1759813200548-xc5ub09qn,"El Ministerio de Economía y Finanzas presentó un paquete de medidas destinadas a impulsar la reactivación económica del país, incluyendo incentivos fiscales y programas de apoyo a las pequeñas empresas.",,Radio Nacional del Perú,2025-10-07T05:00:00.548Z,cmgg1fs0c0002112gtz9dd9xz,Economía,#059669
cmgg3cbxh00uqx718eqw9wivk,"Miguel Ángel Russo, entrenador de Boca Juniors, en grave estado de salud",https://rpp.pe/deportes/futbol/miguel-angel-russo-entrenador-de-boca-juniors-en-grave-estado-de-salud-noticia-123460#1759813200485-43x8ihahw,"El entrenador de Boca Juniors, Miguel Ángel Russo, se encuentra en grave estado de salud y fue internado en un centro médico. El club emitió un comunicado informando sobre su situación.",,RPP Noticias,2025-10-07T05:00:00.486Z,cmgg1fs0f0007112gev7odmxo,Salud,#10B981
cmgg3cbxh00uox718ahuaa42w,Crisis sanitaria en Brasil: lo que se sabe de la intoxicación masiva por metanol,https://rpp.pe/mundo/latinoamerica/crisis-sanitaria-en-brasil-lo-que-se-sabe-de-la-intoxicacion-masiva-por-metanol-noticia-123459#1759813200485-j94qpc2ma,Las autoridades brasileñas investigan una intoxicación masiva por metanol que ha causado muertes y la caída del consumo de alcohol en el país. Se han reportado varios casos en diferentes estados.,,RPP Noticias,2025-10-07T05:00:00.485Z,cmgg1fs0c0003112g7epw4vrz,Deportes,#F59E0B
cmgg3cbxf00uix7183u4uuca9,Dirigentes transportistas acuerdan no continuar con el paro tras reunión con ministros,https://rpp.pe/politica/actualidad/dirigentes-transportistas-acuerdan-no-continuar-con-el-paro-tras-reunion-con-ministros-noticia-123456#1759813200483-xzwcm3phu,"Los representantes del sector sostuvieron una reunión con el jefe del Gabinete Ministerial, Eduardo Arana, y otros ministros en la que acordaron, entre otros puntos, la instalación de una mesa de trabajo.",,RPP Noticias,2025-10-07T05:00:00.484Z,cmgg1fs0b0001112g2lb2odtv,Política,#DC2626
cmgg3cbxg00ukx7183hl10n0g,Con caras nuevas: Selección Peruana empezó sus entrenamientos pensando en duelo ante Chile,https://rpp.pe/deportes/futbol/con-caras-nuevas-seleccion-peruana-empezo-sus-entrenamientos-pensando-en-duelo-ante-chile-noticia-123457#1759813200484-rph7zf42l,"Con la presencia de 20 futbolistas, la Selección Peruana empezó sus entrenamientos en La Videna FPF con miras al partido amistoso ante Chile. Felipe Chávez de Bayern Munich dijo presente.",,RPP Noticias,2025-10-07T05:00:00.484Z,cmgg1fs0c0003112g7epw4vrz,Deportes,#F59E0B
cmgg3cbxd00ucx71878hmylyh,Educación: Nuevas tecnologías llegan a escuelas rurales,https://www.radionacional.gob.pe/educacion/nuevas-tecnologias-llegan-a-escuelas-rurales#1759813200481-gxyngiduy,"El Ministerio de Educación implementa programas de tecnología educativa en escuelas rurales, llevando internet y equipos informáticos a comunidades alejadas para mejorar la calidad educativa.",,Radio Nacional del Perú,2025-10-07T05:00:00.482Z,cmgg1fs0f0008112gsse5oyp2,Sociedad,#F97316
cmgg3cbxe00uex718ylj6a20m,Medio ambiente: Proyecto de conservación en la Amazonía peruana,https://www.radionacional.gob.pe/medio-ambiente/proyecto-de-conservacion-en-la-amazonia-peruana#1759813200482-i91cjpbkf,Se lanza un nuevo proyecto de conservación en la Amazonía peruana que busca proteger la biodiversidad y promover el desarrollo sostenible en las comunidades locales.,,Radio Nacional del Perú,2025-10-07T05:00:00.482Z,cmgg1fs0g000a112g93a1z2i9,Medio Ambiente,#22C55E
cmgg3cbxc00u8x718zelt904t,Cultura peruana celebra el Día Internacional de la Lengua Materna,https://www.radionacional.gob.pe/cultura/cultura-peruana-celebra-el-dia-internacional-de-la-lengua-materna#1759813200480-e7kfdx6xq,"Diversas actividades culturales se realizan en todo el país para conmemorar el Día Internacional de la Lengua Materna, destacando la importancia de preservar las lenguas originarias del Perú.",,Radio Nacional del Perú,2025-10-07T05:00:00.481Z,cmgg1fs0b0000112g1dwxzwzw,Actualidad,#3B82F6
cmgg3cbxd00uax718go8vs5w2,Ministerio de Salud reporta avances en campaña de vacunación,https://www.radionacional.gob.pe/salud/ministerio-de-salud-reporta-avances-en-campana-de-vacunacion#1759813200481-c7ywa8oz5,"El Ministerio de Salud informó sobre los avances en la campaña de vacunación contra diversas enfermedades, alcanzando importantes coberturas en las regiones más vulnerables del país.",,Radio Nacional del Perú,2025-10-07T05:00:00.481Z,cmgg1fs0f0007112gev7odmxo,Salud,#10B981
cmgg3cbxc00u6x718owza1dug,Gobierno anuncia nuevas medidas económicas para reactivar el país,https://www.radionacional.gob.pe/economia/gobierno-anuncia-nuevas-medidas-economicas-para-reactivar-el-pais#1759813200480-x6eymp068,"El Ministerio de Economía y Finanzas presentó un paquete de medidas destinadas a impulsar la reactivación económica del país, incluyendo incentivos fiscales y programas de apoyo a las pequeñas empresas.",,Radio Nacional del Perú,2025-10-07T05:00:00.480Z,cmgg1fs0c0002112gtz9dd9xz,Economía,#059669
cmgg3cbwh00swx7185j9qsop3,Crisis sanitaria en Brasil: lo que se sabe de la intoxicación masiva por metanol,https://rpp.pe/mundo/latinoamerica/crisis-sanitaria-en-brasil-lo-que-se-sabe-de-la-intoxicacion-masiva-por-metanol-noticia-123459#1759813200449-j4o5ghh4m,Las autoridades brasileñas investigan una intoxicación masiva por metanol que ha causado muertes y la caída del consumo de alcohol en el país. Se han reportado varios casos en diferentes estados.,,RPP Noticias,2025-10-07T05:00:00.450Z,cmgg1fs0c0003112g7epw4vrz,Deportes,#F59E0B
cmgg3cbwi00syx7183xofj65b,"Miguel Ángel Russo, entrenador de Boca Juniors, en grave estado de salud",https://rpp.pe/deportes/futbol/miguel-angel-russo-entrenador-de-boca-juniors-en-grave-estado-de-salud-noticia-123460#1759813200450-qar69c1lo,"El entrenador de Boca Juniors, Miguel Ángel Russo, se encuentra en grave estado de salud y fue internado en un centro médico. El club emitió un comunicado informando sobre su situación.",,RPP Noticias,2025-10-07T05:00:00.450Z,cmgg1fs0f0007112gev7odmxo,Salud,#10B981
cmgg3cbwg00ssx7189oswh49h,Con caras nuevas: Selección Peruana empezó sus entrenamientos pensando en duelo ante Chile,https://rpp.pe/deportes/futbol/con-caras-nuevas-seleccion-peruana-empezo-sus-entrenamientos-pensando-en-duelo-ante-chile-noticia-123457#1759813200448-hifob5xqk,"Con la presencia de 20 futbolistas, la Selección Peruana empezó sus entrenamientos en La Videna FPF con miras al partido amistoso ante Chile. Felipe Chávez de Bayern Munich dijo presente.",,RPP Noticias,2025-10-07T05:00:00.449Z,cmgg1fs0c0003112g7epw4vrz,Deportes,#F59E0B
cmgg3cbwg00sqx718bikow3sr,Dirigentes transportistas acuerdan no continuar con el paro tras reunión con ministros,https://rpp.pe/politica/actualidad/dirigentes-transportistas-acuerdan-no-continuar-con-el-paro-tras-reunion-con-ministros-noticia-123456#1759813200448-dcmy2zg6s,"Los representantes del sector sostuvieron una reunión con el jefe del Gabinete Ministerial, Eduardo Arana, y otros ministros en la que acordaron, entre otros puntos, la instalación de una mesa de trabajo.",,RPP Noticias,2025-10-07T05:00:00.448Z,cmgg1fs0b0001112g2lb2odtv,Política,#DC2626
cmgg3cbwd00six718hfejwuhz,Ministerio de Salud reporta avances en campaña de vacunación,https://www.radionacional.gob.pe/salud/ministerio-de-salud-reporta-avances-en-campana-de-vacunacion#1759813200445-xnwky6jzn,"El Ministerio de Salud informó sobre los avances en la campaña de vacunación contra diversas enfermedades, alcanzando importantes coberturas en las regiones más vulnerables del país.",,Radio Nacional del Perú,2025-10-07T05:00:00.446Z,cmgg1fs0f0007112gev7odmxo,Salud,#10B981
cmgg3cbwe00skx718zhmt7w4r,Educación: Nuevas tecnologías llegan a escuelas rurales,https://www.radionacional.gob.pe/educacion/nuevas-tecnologias-llegan-a-escuelas-rurales#1759813200445-1ms1t569o,"El Ministerio de Educación implementa programas de tecnología educativa en escuelas rurales, llevando internet y equipos informáticos a comunidades alejadas para mejorar la calidad educativa.",,Radio Nacional del Perú,2025-10-07T05:00:00.446Z,cmgg1fs0f0008112gsse5oyp2,Sociedad,#F97316
cmgg3cbwe00smx718z5hg2w5m,Medio ambiente: Proyecto de conservación en la Amazonía peruana,https://www.radionacional.gob.pe/medio-ambiente/proyecto-de-conservacion-en-la-amazonia-peruana#1759813200446-t3pi3iz8y,Se lanza un nuevo proyecto de conservación en la Amazonía peruana que busca proteger la biodiversidad y promover el desarrollo sostenible en las comunidades locales.,,Radio Nacional del Perú,2025-10-07T05:00:00.446Z,cmgg1fs0g000a112g93a1z2i9,Medio Ambiente,#22C55E
cmgg3cbwc00sex7186vphhhv1,Gobierno anuncia nuevas medidas económicas para reactivar el país,https://www.radionacional.gob.pe/economia/gobierno-anuncia-nuevas-medidas-economicas-para-reactivar-el-pais#1759813200444-55oq705lo,"El Ministerio de Economía y Finanzas presentó un paquete de medidas destinadas a impulsar la reactivación económica del país, incluyendo incentivos fiscales y programas de apoyo a las pequeñas empresas.",,Radio Nacional del Perú,2025-10-07T05:00:00.445Z,cmgg1fs0c0002112gtz9dd9xz,Economía,#059669
cmgg3cbwd00sgx718aypt12sa,Cultura peruana celebra el Día Internacional de la Lengua Materna,https://www.radionacional.gob.pe/cultura/cultura-peruana-celebra-el-dia-internacional-de-la-lengua-materna#1759813200445-pa1k74wvh,"Diversas actividades culturales se realizan en todo el país para conmemorar el Día Internacional de la Lengua Materna, destacando la importancia de preservar las lenguas originarias del Perú.",,Radio Nacional del Perú,2025-10-07T05:00:00.445Z,cmgg1fs0b0000112g1dwxzwzw,Actualidad,#3B82F6
cmgg3cbvp00r4x7185rm4uzxn,Crisis sanitaria en Brasil: lo que se sabe de la intoxicación masiva por metanol,https://rpp.pe/mundo/latinoamerica/crisis-sanitaria-en-brasil-lo-que-se-sabe-de-la-intoxicacion-masiva-por-metanol-noticia-123459#1759813200421-y5nowle84,Las autoridades brasileñas investigan una intoxicación masiva por metanol que ha causado muertes y la caída del consumo de alcohol en el país. Se han reportado varios casos en diferentes estados.,,RPP Noticias,2025-10-07T05:00:00.422Z,cmgg1fs0c0003112g7epw4vrz,Deportes,#F59E0B
cmgg3cbvq00r6x718fxt832yh,"Miguel Ángel Russo, entrenador de Boca Juniors, en grave estado de salud",https://rpp.pe/deportes/futbol/miguel-angel-russo-entrenador-de-boca-juniors-en-grave-estado-de-salud-noticia-123460#1759813200422-474n233fe,"El entrenador de Boca Juniors, Miguel Ángel Russo, se encuentra en grave estado de salud y fue internado en un centro médico. El club emitió un comunicado informando sobre su situación.",,RPP Noticias,2025-10-07T05:00:00.422Z,cmgg1fs0f0007112gev7odmxo,Salud,#10B981
cmgg3cbvn00qyx718pqsknfhb,Dirigentes transportistas acuerdan no continuar con el paro tras reunión con ministros,https://rpp.pe/politica/actualidad/dirigentes-transportistas-acuerdan-no-continuar-con-el-paro-tras-reunion-con-ministros-noticia-123456#1759813200419-5ehyttg3a,"Los representantes del sector sostuvieron una reunión con el jefe del Gabinete Ministerial, Eduardo Arana, y otros ministros en la que acordaron, entre otros puntos, la instalación de una mesa de trabajo.",,RPP Noticias,2025-10-07T05:00:00.420Z,cmgg1fs0b0001112g2lb2odtv,Política,#DC2626
cmgg3cbvo00r0x718cjvu072b,Con caras nuevas: Selección Peruana empezó sus entrenamientos pensando en duelo ante Chile,https://rpp.pe/deportes/futbol/con-caras-nuevas-seleccion-peruana-empezo-sus-entrenamientos-pensando-en-duelo-ante-chile-noticia-123457#1759813200420-rxa8c268f,"Con la presencia de 20 futbolistas, la Selección Peruana empezó sus entrenamientos en La Videna FPF con miras al partido amistoso ante Chile. Felipe Chávez de Bayern Munich dijo presente.",,RPP Noticias,2025-10-07T05:00:00.420Z,cmgg1fs0c0003112g7epw4vrz,Deportes,#F59E0B
cmgg3cbvk00qsx718xw35i8ha,Educación: Nuevas tecnologías llegan a escuelas rurales,https://www.radionacional.gob.pe/educacion/nuevas-tecnologias-llegan-a-escuelas-rurales#1759813200416-754rbrijk,"El Ministerio de Educación implementa programas de tecnología educativa en escuelas rurales, llevando internet y equipos informáticos a comunidades alejadas para mejorar la calidad educativa.",,Radio Nacional del Perú,2025-10-07T05:00:00.417Z,cmgg1fs0f0008112gsse5oyp2,Sociedad,#F97316
cmgg3cbvl00qux718cp1k7ekw,Medio ambiente: Proyecto de conservación en la Amazonía peruana,https://www.radionacional.gob.pe/medio-ambiente/proyecto-de-conservacion-en-la-amazonia-peruana#1759813200417-jbeyop4p9,Se lanza un nuevo proyecto de conservación en la Amazonía peruana que busca proteger la biodiversidad y promover el desarrollo sostenible en las comunidades locales.,,Radio Nacional del Perú,2025-10-07T05:00:00.417Z,cmgg1fs0g000a112g93a1z2i9,Medio Ambiente,#22C55E
cmgg3cbvk00qqx7183dogpmu1,Ministerio de Salud reporta avances en campaña de vacunación,https://www.radionacional.gob.pe/salud/ministerio-de-salud-reporta-avances-en-campana-de-vacunacion#1759813200415-ckwvp6e2l,"El Ministerio de Salud informó sobre los avances en la campaña de vacunación contra diversas enfermedades, alcanzando importantes coberturas en las regiones más vulnerables del país.",,Radio Nacional del Perú,2025-10-07T05:00:00.416Z,cmgg1fs0f0007112gev7odmxo,Salud,#10B981
cmgg3cbvi00qmx718u0hrzimf,Gobierno anuncia nuevas medidas económicas para reactivar el país,https://www.radionacional.gob.pe/economia/gobierno-anuncia-nuevas-medidas-economicas-para-reactivar-el-pais#1759813200414-8962xl50b,"El Ministerio de Economía y Finanzas presentó un paquete de medidas destinadas a impulsar la reactivación económica del país, incluyendo incentivos fiscales y programas de apoyo a las pequeñas empresas.",,Radio Nacional del Perú,2025-10-07T05:00:00.415Z,cmgg1fs0c0002112gtz9dd9xz,Economía,#059669
cmgg3cbvj00qox718yohsqdq3,Cultura peruana celebra el Día Internacional de la Lengua Materna,https://www.radionacional.gob.pe/cultura/cultura-peruana-celebra-el-dia-internacional-de-la-lengua-materna#1759813200415-78lg2eb6h,"Diversas actividades culturales se realizan en todo el país para conmemorar el Día Internacional de la Lengua Materna, destacando la importancia de preservar las lenguas originarias del Perú.",,Radio Nacional del Perú,2025-10-07T05:00:00.415Z,cmgg1fs0b0000112g1dwxzwzw,Actualidad,#3B82F6
cmgg3cbuj00pex718b1xpe3fu,"Miguel Ángel Russo, entrenador de Boca Juniors, en grave estado de salud",https://rpp.pe/deportes/futbol/miguel-angel-russo-entrenador-de-boca-juniors-en-grave-estado-de-salud-noticia-123460#1759813200379-emnmma5pe,"El entrenador de Boca Juniors, Miguel Ángel Russo, se encuentra en grave estado de salud y fue internado en un centro médico. El club emitió un comunicado informando sobre su situación.",,RPP Noticias,2025-10-07T05:00:00.380Z,cmgg1fs0f0007112gev7odmxo,Salud,#10B981
cmgg3cbui00pcx718uf2kd7uf,Crisis sanitaria en Brasil: lo que se sabe de la intoxicación masiva por metanol,https://rpp.pe/mundo/latinoamerica/crisis-sanitaria-en-brasil-lo-que-se-sabe-de-la-intoxicacion-masiva-por-metanol-noticia-123459#1759813200378-tqbyc3yte,Las autoridades brasileñas investigan una intoxicación masiva por metanol que ha causado muertes y la caída del consumo de alcohol en el país. Se han reportado varios casos en diferentes estados.,,RPP Noticias,2025-10-07T05:00:00.379Z,cmgg1fs0c0003112g7epw4vrz,Deportes,#F59E0B
cmgg3cbuh00p8x718ogg9yqfw,Con caras nuevas: Selección Peruana empezó sus entrenamientos pensando en duelo ante Chile,https://rpp.pe/deportes/futbol/con-caras-nuevas-seleccion-peruana-empezo-sus-entrenamientos-pensando-en-duelo-ante-chile-noticia-123457#1759813200377-llqbz77wf,"Con la presencia de 20 futbolistas, la Selección Peruana empezó sus entrenamientos en La Videna FPF con miras al partido amistoso ante Chile. Felipe Chávez de Bayern Munich dijo presente.",,RPP Noticias,2025-10-07T05:00:00.377Z,cmgg1fs0c0003112g7epw4vrz,Deportes,#F59E0B
cmgg3cbug00p6x718iclpoglw,Dirigentes transportistas acuerdan no continuar con el paro tras reunión con ministros,https://rpp.pe/politica/actualidad/dirigentes-transportistas-acuerdan-no-continuar-con-el-paro-tras-reunion-con-ministros-noticia-123456#1759813200376-gu441q0jd,"Los representantes del sector sostuvieron una reunión con el jefe del Gabinete Ministerial, Eduardo Arana, y otros ministros en la que acordaron, entre otros puntos, la instalación de una mesa de trabajo.",,RPP Noticias,2025-10-07T05:00:00.376Z,cmgg1fs0b0001112g2lb2odtv,Política,#DC2626
cmgg3cbub00p2x718atk50eu7,Medio ambiente: Proyecto de conservación en la Amazonía peruana,https://www.radionacional.gob.pe/medio-ambiente/proyecto-de-conservacion-en-la-amazonia-peruana#1759813200371-bvr24z62i,Se lanza un nuevo proyecto de conservación en la Amazonía peruana que busca proteger la biodiversidad y promover el desarrollo sostenible en las comunidades locales.,,Radio Nacional del Perú,2025-10-07T05:00:00.372Z,cmgg1fs0g000a112g93a1z2i9,Medio Ambiente,#22C55E
cmgg3cbua00p0x71884beaude,Educación: Nuevas tecnologías llegan a escuelas rurales,https://www.radionacional.gob.pe/educacion/nuevas-tecnologias-llegan-a-escuelas-rurales#1759813200370-hox8gyaek,"El Ministerio de Educación implementa programas de tecnología educativa en escuelas rurales, llevando internet y equipos informáticos a comunidades alejadas para mejorar la calidad educativa.",,Radio Nacional del Perú,2025-10-07T05:00:00.371Z,cmgg1fs0f0008112gsse5oyp2,Sociedad,#F97316
cmgg3cbu900oyx718dkt6sx0q,Ministerio de Salud reporta avances en campaña de vacunación,https://www.radionacional.gob.pe/salud/ministerio-de-salud-reporta-avances-en-campana-de-vacunacion#1759813200369-99neoalqe,"El Ministerio de Salud informó sobre los avances en la campaña de vacunación contra diversas enfermedades, alcanzando importantes coberturas en las regiones más vulnerables del país.",,Radio Nacional del Perú,2025-10-07T05:00:00.370Z,cmgg1fs0f0007112gev7odmxo,Salud,#10B981
cmgg3cbu800owx718fwvyj7g3,Cultura peruana celebra el Día Internacional de la Lengua Materna,https://www.radionacional.gob.pe/cultura/cultura-peruana-celebra-el-dia-internacional-de-la-lengua-materna#1759813200367-g9wmysqkp,"Diversas actividades culturales se realizan en todo el país para conmemorar el Día Internacional de la Lengua Materna, destacando la importancia de preservar las lenguas originarias del Perú.",,Radio Nacional del Perú,2025-10-07T05:00:00.368Z,cmgg1fs0b0000112g1dwxzwzw,Actualidad,#3B82F6
cmgg3cbu500oux718wenls05y,Gobierno anuncia nuevas medidas económicas para reactivar el país,https://www.radionacional.gob.pe/economia/gobierno-anuncia-nuevas-medidas-economicas-para-reactivar-el-pais#1759813200365-wz04boyor,"El Ministerio de Economía y Finanzas presentó un paquete de medidas destinadas a impulsar la reactivación económica del país, incluyendo incentivos fiscales y programas de apoyo a las pequeñas empresas.",,Radio Nacional del Perú,2025-10-07T05:00:00.366Z,cmgg1fs0c0002112gtz9dd9xz,Economía,#059669
cmgg3cbpw00nmx718fpdldrt2,"Miguel Ángel Russo, entrenador de Boca Juniors, en grave estado de salud",https://rpp.pe/deportes/futbol/miguel-angel-russo-entrenador-de-boca-juniors-en-grave-estado-de-salud-noticia-123460#1759813200212-hdjjfb3nr,"El entrenador de Boca Juniors, Miguel Ángel Russo, se encuentra en grave estado de salud y fue internado en un centro médico. El club emitió un comunicado informando sobre su situación.",,RPP Noticias,2025-10-07T05:00:00.213Z,cmgg1fs0f0007112gev7odmxo,Salud,#10B981
cmgg3cbpv00nkx718mizev5ce,Crisis sanitaria en Brasil: lo que se sabe de la intoxicación masiva por metanol,https://rpp.pe/mundo/latinoamerica/crisis-sanitaria-en-brasil-lo-que-se-sabe-de-la-intoxicacion-masiva-por-metanol-noticia-123459#1759813200211-xzn4ipxp4,Las autoridades brasileñas investigan una intoxicación masiva por metanol que ha causado muertes y la caída del consumo de alcohol en el país. Se han reportado varios casos en diferentes estados.,,RPP Noticias,2025-10-07T05:00:00.212Z,cmgg1fs0c0003112g7epw4vrz,Deportes,#F59E0B
cmgg3cbpu00ngx718gb9z37bu,Con caras nuevas: Selección Peruana empezó sus entrenamientos pensando en duelo ante Chile,https://rpp.pe/deportes/futbol/con-caras-nuevas-seleccion-peruana-empezo-sus-entrenamientos-pensando-en-duelo-ante-chile-noticia-123457#1759813200210-c3du89vwz,"Con la presencia de 20 futbolistas, la Selección Peruana empezó sus entrenamientos en La Videna FPF con miras al partido amistoso ante Chile. Felipe Chávez de Bayern Munich dijo presente.",,RPP Noticias,2025-10-07T05:00:00.210Z,cmgg1fs0c0003112g7epw4vrz,Deportes,#F59E0B
cmgg3cbps00nex718mxfvv1aj,Dirigentes transportistas acuerdan no continuar con el paro tras reunión con ministros,https://rpp.pe/politica/actualidad/dirigentes-transportistas-acuerdan-no-continuar-con-el-paro-tras-reunion-con-ministros-noticia-123456#1759813200208-wzr9tdzpi,"Los representantes del sector sostuvieron una reunión con el jefe del Gabinete Ministerial, Eduardo Arana, y otros ministros en la que acordaron, entre otros puntos, la instalación de una mesa de trabajo.",,RPP Noticias,2025-10-07T05:00:00.209Z,cmgg1fs0b0001112g2lb2odtv,Política,#DC2626
cmgg3cbpm00nax7183ba7fcsj,Medio ambiente: Proyecto de conservación en la Amazonía peruana,https://www.radionacional.gob.pe/medio-ambiente/proyecto-de-conservacion-en-la-amazonia-peruana#1759813200202-nmw261v4y,Se lanza un nuevo proyecto de conservación en la Amazonía peruana que busca proteger la biodiversidad y promover el desarrollo sostenible en las comunidades locales.,,Radio Nacional del Perú,2025-10-07T05:00:00.203Z,cmgg1fs0g000a112g93a1z2i9,Medio Ambiente,#22C55E
cmgg3cbpl00n8x71884k5dyjf,Educación: Nuevas tecnologías llegan a escuelas rurales,https://www.radionacional.gob.pe/educacion/nuevas-tecnologias-llegan-a-escuelas-rurales#1759813200201-fdiemc3i8,"El Ministerio de Educación implementa programas de tecnología educativa en escuelas rurales, llevando internet y equipos informáticos a comunidades alejadas para mejorar la calidad educativa.",,Radio Nacional del Perú,2025-10-07T05:00:00.201Z,cmgg1fs0f0008112gsse5oyp2,Sociedad,#F97316
cmgg3cbpk00n6x718ky2eph9h,Ministerio de Salud reporta avances en campaña de vacunación,https://www.radionacional.gob.pe/salud/ministerio-de-salud-reporta-avances-en-campana-de-vacunacion#1759813200200-81fa8k7ff,"El Ministerio de Salud informó sobre los avances en la campaña de vacunación contra diversas enfermedades, alcanzando importantes coberturas en las regiones más vulnerables del país.",,Radio Nacional del Perú,2025-10-07T05:00:00.200Z,cmgg1fs0f0007112gev7odmxo,Salud,#10B981
cmgg3cbpi00n4x718gm0fdrdd,Cultura peruana celebra el Día Internacional de la Lengua Materna,https://www.radionacional.gob.pe/cultura/cultura-peruana-celebra-el-dia-internacional-de-la-lengua-materna#1759813200198-zekw5550b,"Diversas actividades culturales se realizan en todo el país para conmemorar el Día Internacional de la Lengua Materna, destacando la importancia de preservar las lenguas originarias del Perú.",,Radio Nacional del Perú,2025-10-07T05:00:00.199Z,cmgg1fs0b0000112g1dwxzwzw,Actualidad,#3B82F6
cmgg3cbpg00n2x718zltci4pa,Gobierno anuncia nuevas medidas económicas para reactivar el país,https://www.radionacional.gob.pe/economia/gobierno-anuncia-nuevas-medidas-economicas-para-reactivar-el-pais#1759813200196-4q3sfo46h,"El Ministerio de Economía y Finanzas presentó un paquete de medidas destinadas a impulsar la reactivación económica del país, incluyendo incentivos fiscales y programas de apoyo a las pequeñas empresas.",,Radio Nacional del Perú,2025-10-07T05:00:00.196Z,cmgg1fs0c0002112gtz9dd9xz,Economía,#059669
cmgg3cb5k00lsx718axl8mtxx,Crisis sanitaria en Brasil: lo que se sabe de la intoxicación masiva por metanol,https://rpp.pe/mundo/latinoamerica/crisis-sanitaria-en-brasil-lo-que-se-sabe-de-la-intoxicacion-masiva-por-metanol-noticia-123459#1759813199480-ck35ei9dr,Las autoridades brasileñas investigan una intoxicación masiva por metanol que ha causado muertes y la caída del consumo de alcohol en el país. Se han reportado varios casos en diferentes estados.,,RPP Noticias,2025-10-07T04:59:59.481Z,cmgg1fs0c0003112g7epw4vrz,Deportes,#F59E0B
cmgg3cb5l00lux718ltbgn1k3,"Miguel Ángel Russo, entrenador de Boca Juniors, en grave estado de salud",https://rpp.pe/deportes/futbol/miguel-angel-russo-entrenador-de-boca-juniors-en-grave-estado-de-salud-noticia-123460#1759813199481-kubqs4doa,"El entrenador de Boca Juniors, Miguel Ángel Russo, se encuentra en grave estado de salud y fue internado en un centro médico. El club emitió un comunicado informando sobre su situación.",,RPP Noticias,2025-10-07T04:59:59.481Z,cmgg1fs0f0007112gev7odmxo,Salud,#10B981
cmgg3cb5j00lox718119s79i6,Con caras nuevas: Selección Peruana empezó sus entrenamientos pensando en duelo ante Chile,https://rpp.pe/deportes/futbol/con-caras-nuevas-seleccion-peruana-empezo-sus-entrenamientos-pensando-en-duelo-ante-chile-noticia-123457#1759813199478-94vvgj6tf,"Con la presencia de 20 futbolistas, la Selección Peruana empezó sus entrenamientos en La Videna FPF con miras al partido amistoso ante Chile. Felipe Chávez de Bayern Munich dijo presente.",,RPP Noticias,2025-10-07T04:59:59.479Z,cmgg1fs0c0003112g7epw4vrz,Deportes,#F59E0B
cmgg3cb5i00lmx718ok5bdtlp,Dirigentes transportistas acuerdan no continuar con el paro tras reunión con ministros,https://rpp.pe/politica/actualidad/dirigentes-transportistas-acuerdan-no-continuar-con-el-paro-tras-reunion-con-ministros-noticia-123456#1759813199478-4wtb1bjvp,"Los representantes del sector sostuvieron una reunión con el jefe del Gabinete Ministerial, Eduardo Arana, y otros ministros en la que acordaron, entre otros puntos, la instalación de una mesa de trabajo.",,RPP Noticias,2025-10-07T04:59:59.478Z,cmgg1fs0b0001112g2lb2odtv,Política,#DC2626
cmgg3cb5e00lix718lklcx4gg,Medio ambiente: Proyecto de conservación en la Amazonía peruana,https://www.radionacional.gob.pe/medio-ambiente/proyecto-de-conservacion-en-la-amazonia-peruana#1759813199474-yh0quwbff,Se lanza un nuevo proyecto de conservación en la Amazonía peruana que busca proteger la biodiversidad y promover el desarrollo sostenible en las comunidades locales.,,Radio Nacional del Perú,2025-10-07T04:59:59.474Z,cmgg1fs0g000a112g93a1z2i9,Medio Ambiente,#22C55E
cmgg3cb5d00lgx718ol6xk9vs,Educación: Nuevas tecnologías llegan a escuelas rurales,https://www.radionacional.gob.pe/educacion/nuevas-tecnologias-llegan-a-escuelas-rurales#1759813199473-8rychv8rs,"El Ministerio de Educación implementa programas de tecnología educativa en escuelas rurales, llevando internet y equipos informáticos a comunidades alejadas para mejorar la calidad educativa.",,Radio Nacional del Perú,2025-10-07T04:59:59.473Z,cmgg1fs0f0008112gsse5oyp2,Sociedad,#F97316
cmgg3cb5c00lex7181dg3d4g1,Ministerio de Salud reporta avances en campaña de vacunación,https://www.radionacional.gob.pe/salud/ministerio-de-salud-reporta-avances-en-campana-de-vacunacion#1759813199472-u4h75l2eu,"El Ministerio de Salud informó sobre los avances en la campaña de vacunación contra diversas enfermedades, alcanzando importantes coberturas en las regiones más vulnerables del país.",,Radio Nacional del Perú,2025-10-07T04:59:59.472Z,cmgg1fs0f0007112gev7odmxo,Salud,#10B981
cmgg3cb5b00lcx7184syqts35,Cultura peruana celebra el Día Internacional de la Lengua Materna,https://www.radionacional.gob.pe/cultura/cultura-peruana-celebra-el-dia-internacional-de-la-lengua-materna#1759813199470-mne9tah7n,"Diversas actividades culturales se realizan en todo el país para conmemorar el Día Internacional de la Lengua Materna, destacando la importancia de preservar las lenguas originarias del Perú.",,Radio Nacional del Perú,2025-10-07T04:59:59.471Z,cmgg1fs0b0000112g1dwxzwzw,Actualidad,#3B82F6
cmgg3cb5800lax718opqrttkq,Gobierno anuncia nuevas medidas económicas para reactivar el país,https://www.radionacional.gob.pe/economia/gobierno-anuncia-nuevas-medidas-economicas-para-reactivar-el-pais#1759813199468-r28z77yrw,"El Ministerio de Economía y Finanzas presentó un paquete de medidas destinadas a impulsar la reactivación económica del país, incluyendo incentivos fiscales y programas de apoyo a las pequeñas empresas.",,Radio Nacional del Perú,2025-10-07T04:59:59.469Z,cmgg1fs0c0002112gtz9dd9xz,Economía,#059669
cmgg3c30700k0x718lwg12q20,Crisis sanitaria en Brasil: lo que se sabe de la intoxicación masiva por metanol,https://rpp.pe/mundo/latinoamerica/crisis-sanitaria-en-brasil-lo-que-se-sabe-de-la-intoxicacion-masiva-por-metanol-noticia-123459#1759813188919-xtuxmjmh4,Las autoridades brasileñas investigan una intoxicación masiva por metanol que ha causado muertes y la caída del consumo de alcohol en el país. Se han reportado varios casos en diferentes estados.,,RPP Noticias,2025-10-07T04:59:48.920Z,cmgg1fs0c0003112g7epw4vrz,Deportes,#F59E0B
cmgg3c30800k2x718houbnpiu,"Miguel Ángel Russo, entrenador de Boca Juniors, en grave estado de salud",https://rpp.pe/deportes/futbol/miguel-angel-russo-entrenador-de-boca-juniors-en-grave-estado-de-salud-noticia-123460#1759813188920-gi8eya2v4,"El entrenador de Boca Juniors, Miguel Ángel Russo, se encuentra en grave estado de salud y fue internado en un centro médico. El club emitió un comunicado informando sobre su situación.",,RPP Noticias,2025-10-07T04:59:48.920Z,cmgg1fs0f0007112gev7odmxo,Salud,#10B981
cmgg3c30600jwx71841i2c1pq,Con caras nuevas: Selección Peruana empezó sus entrenamientos pensando en duelo ante Chile,https://rpp.pe/deportes/futbol/con-caras-nuevas-seleccion-peruana-empezo-sus-entrenamientos-pensando-en-duelo-ante-chile-noticia-123457#1759813188918-yoiejfxsw,"Con la presencia de 20 futbolistas, la Selección Peruana empezó sus entrenamientos en La Videna FPF con miras al partido amistoso ante Chile. Felipe Chávez de Bayern Munich dijo presente.",,RPP Noticias,2025-10-07T04:59:48.918Z,cmgg1fs0c0003112g7epw4vrz,Deportes,#F59E0B
cmgg3c30500jux7180qmqbhgr,Dirigentes transportistas acuerdan no continuar con el paro tras reunión con ministros,https://rpp.pe/politica/actualidad/dirigentes-transportistas-acuerdan-no-continuar-con-el-paro-tras-reunion-con-ministros-noticia-123456#1759813188916-rox28eez7,"Los representantes del sector sostuvieron una reunión con el jefe del Gabinete Ministerial, Eduardo Arana, y otros ministros en la que acordaron, entre otros puntos, la instalación de una mesa de trabajo.",,RPP Noticias,2025-10-07T04:59:48.917Z,cmgg1fs0b0001112g2lb2odtv,Política,#DC2626
cmgg3c30100jqx718e0al1kox,Medio ambiente: Proyecto de conservación en la Amazonía peruana,https://www.radionacional.gob.pe/medio-ambiente/proyecto-de-conservacion-en-la-amazonia-peruana#1759813188912-ygqxz0dkm,Se lanza un nuevo proyecto de conservación en la Amazonía peruana que busca proteger la biodiversidad y promover el desarrollo sostenible en las comunidades locales.,,Radio Nacional del Perú,2025-10-07T04:59:48.913Z,cmgg1fs0g000a112g93a1z2i9,Medio Ambiente,#22C55E
cmgg3c30000jox718nxkvolnw,Educación: Nuevas tecnologías llegan a escuelas rurales,https://www.radionacional.gob.pe/educacion/nuevas-tecnologias-llegan-a-escuelas-rurales#1759813188911-8pgqedh7j,"El Ministerio de Educación implementa programas de tecnología educativa en escuelas rurales, llevando internet y equipos informáticos a comunidades alejadas para mejorar la calidad educativa.",,Radio Nacional del Perú,2025-10-07T04:59:48.912Z,cmgg1fs0f0008112gsse5oyp2,Sociedad,#F97316
cmgg3c2zy00jmx718pu8k7gv7,Ministerio de Salud reporta avances en campaña de vacunación,https://www.radionacional.gob.pe/salud/ministerio-de-salud-reporta-avances-en-campana-de-vacunacion#1759813188910-ebfms9mf9,"El Ministerio de Salud informó sobre los avances en la campaña de vacunación contra diversas enfermedades, alcanzando importantes coberturas en las regiones más vulnerables del país.",,Radio Nacional del Perú,2025-10-07T04:59:48.911Z,cmgg1fs0f0007112gev7odmxo,Salud,#10B981
cmgg3c2zx00jkx7182u4z5r7t,Cultura peruana celebra el Día Internacional de la Lengua Materna,https://www.radionacional.gob.pe/cultura/cultura-peruana-celebra-el-dia-internacional-de-la-lengua-materna#1759813188909-nfz2oya5q,"Diversas actividades culturales se realizan en todo el país para conmemorar el Día Internacional de la Lengua Materna, destacando la importancia de preservar las lenguas originarias del Perú.",,Radio Nacional del Perú,2025-10-07T04:59:48.909Z,cmgg1fs0b0000112g1dwxzwzw,Actualidad,#3B82F6
cmgg3c2zv00jix7184x9vva1c,Gobierno anuncia nuevas medidas económicas para reactivar el país,https://www.radionacional.gob.pe/economia/gobierno-anuncia-nuevas-medidas-economicas-para-reactivar-el-pais#1759813188906-20hq7ozgy,"El Ministerio de Economía y Finanzas presentó un paquete de medidas destinadas a impulsar la reactivación económica del país, incluyendo incentivos fiscales y programas de apoyo a las pequeñas empresas.",,Radio Nacional del Perú,2025-10-07T04:59:48.907Z,cmgg1fs0c0002112gtz9dd9xz,Economía,#059669
cmgg3b1kk00idx718pfkob2cq,"Miguel Ángel Russo, entrenador de Boca Juniors, en grave estado de salud",https://rpp.pe/deportes/futbol/miguel-angel-russo-entrenador-de-boca-juniors-en-grave-estado-de-salud-noticia-123460#1759813140404-701lwvnd7,"El entrenador de Boca Juniors, Miguel Ángel Russo, se encuentra en grave estado de salud y fue internado en un centro médico. El club emitió un comunicado informando sobre su situación.",,RPP Noticias,2025-10-07T04:59:00.405Z,cmgg1fs0f0007112gev7odmxo,Salud,#10B981
cmgg3b1kk00ibx718nb5r2f6z,Crisis sanitaria en Brasil: lo que se sabe de la intoxicación masiva por metanol,https://rpp.pe/mundo/latinoamerica/crisis-sanitaria-en-brasil-lo-que-se-sabe-de-la-intoxicacion-masiva-por-metanol-noticia-123459#1759813140404-is4kecmpj,Las autoridades brasileñas investigan una intoxicación masiva por metanol que ha causado muertes y la caída del consumo de alcohol en el país. Se han reportado varios casos en diferentes estados.,,RPP Noticias,2025-10-07T04:59:00.404Z,cmgg1fs0c0003112g7epw4vrz,Deportes,#F59E0B
cmgg3b1ki00i7x718mwpa4ip4,Con caras nuevas: Selección Peruana empezó sus entrenamientos pensando en duelo ante Chile,https://rpp.pe/deportes/futbol/con-caras-nuevas-seleccion-peruana-empezo-sus-entrenamientos-pensando-en-duelo-ante-chile-noticia-123457#1759813140402-61vczjl4w,"Con la presencia de 20 futbolistas, la Selección Peruana empezó sus entrenamientos en La Videna FPF con miras al partido amistoso ante Chile. Felipe Chávez de Bayern Munich dijo presente.",,RPP Noticias,2025-10-07T04:59:00.403Z,cmgg1fs0c0003112g7epw4vrz,Deportes,#F59E0B
cmgg3b1ki00i5x7187ur0r29m,Dirigentes transportistas acuerdan no continuar con el paro tras reunión con ministros,https://rpp.pe/politica/actualidad/dirigentes-transportistas-acuerdan-no-continuar-con-el-paro-tras-reunion-con-ministros-noticia-123456#1759813140401-5x5xt7atq,"Los representantes del sector sostuvieron una reunión con el jefe del Gabinete Ministerial, Eduardo Arana, y otros ministros en la que acordaron, entre otros puntos, la instalación de una mesa de trabajo.",,RPP Noticias,2025-10-07T04:59:00.402Z,cmgg1fs0b0001112g2lb2odtv,Política,#DC2626
cmgg3b1ke00i1x718vz1fspu7,Medio ambiente: Proyecto de conservación en la Amazonía peruana,https://www.radionacional.gob.pe/medio-ambiente/proyecto-de-conservacion-en-la-amazonia-peruana#1759813140398-lja72jfck,Se lanza un nuevo proyecto de conservación en la Amazonía peruana que busca proteger la biodiversidad y promover el desarrollo sostenible en las comunidades locales.,,Radio Nacional del Perú,2025-10-07T04:59:00.399Z,cmgg1fs0g000a112g93a1z2i9,Medio Ambiente,#22C55E
cmgg3b1kd00hzx7187iluwzdh,Educación: Nuevas tecnologías llegan a escuelas rurales,https://www.radionacional.gob.pe/educacion/nuevas-tecnologias-llegan-a-escuelas-rurales#1759813140397-on41cijos,"El Ministerio de Educación implementa programas de tecnología educativa en escuelas rurales, llevando internet y equipos informáticos a comunidades alejadas para mejorar la calidad educativa.",,Radio Nacional del Perú,2025-10-07T04:59:00.398Z,cmgg1fs0f0008112gsse5oyp2,Sociedad,#F97316
cmgg3b1kc00hxx718i471esk1,Ministerio de Salud reporta avances en campaña de vacunación,https://www.radionacional.gob.pe/salud/ministerio-de-salud-reporta-avances-en-campana-de-vacunacion#1759813140396-51e6ph9rb,"El Ministerio de Salud informó sobre los avances en la campaña de vacunación contra diversas enfermedades, alcanzando importantes coberturas en las regiones más vulnerables del país.",,Radio Nacional del Perú,2025-10-07T04:59:00.397Z,cmgg1fs0f0007112gev7odmxo,Salud,#10B981
cmgg3b1kb00hvx718sb2lj6tl,Cultura peruana celebra el Día Internacional de la Lengua Materna,https://www.radionacional.gob.pe/cultura/cultura-peruana-celebra-el-dia-internacional-de-la-lengua-materna#1759813140395-o627f5147,"Diversas actividades culturales se realizan en todo el país para conmemorar el Día Internacional de la Lengua Materna, destacando la importancia de preservar las lenguas originarias del Perú.",,Radio Nacional del Perú,2025-10-07T04:59:00.396Z,cmgg1fs0b0000112g1dwxzwzw,Actualidad,#3B82F6
cmgg3b1k900htx718lnceu61w,Gobierno anuncia nuevas medidas económicas para reactivar el país,https://www.radionacional.gob.pe/economia/gobierno-anuncia-nuevas-medidas-economicas-para-reactivar-el-pais#1759813140393-9h3g1cy7u,"El Ministerio de Economía y Finanzas presentó un paquete de medidas destinadas a impulsar la reactivación económica del país, incluyendo incentivos fiscales y programas de apoyo a las pequeñas empresas.",,Radio Nacional del Perú,2025-10-07T04:59:00.394Z,cmgg1fs0c0002112gtz9dd9xz,Economía,#059669
cmgg3abzj00gsx71883dj6dgn,"Miguel Ángel Russo, entrenador de Boca Juniors, en grave estado de salud",https://rpp.pe/deportes/futbol/miguel-angel-russo-entrenador-de-boca-juniors-en-grave-estado-de-salud-noticia-123460#1759813107246-kvxuronlc,"El entrenador de Boca Juniors, Miguel Ángel Russo, se encuentra en grave estado de salud y fue internado en un centro médico. El club emitió un comunicado informando sobre su situación.",,RPP Noticias,2025-10-07T04:58:27.247Z,cmgg1fs0f0007112gev7odmxo,Salud,#10B981
cmgg3abzi00gqx718yknc033d,Crisis sanitaria en Brasil: lo que se sabe de la intoxicación masiva por metanol,https://rpp.pe/mundo/latinoamerica/crisis-sanitaria-en-brasil-lo-que-se-sabe-de-la-intoxicacion-masiva-por-metanol-noticia-123459#1759813107246-iurk4tt53,Las autoridades brasileñas investigan una intoxicación masiva por metanol que ha causado muertes y la caída del consumo de alcohol en el país. Se han reportado varios casos en diferentes estados.,,RPP Noticias,2025-10-07T04:58:27.246Z,cmgg1fs0c0003112g7epw4vrz,Deportes,#F59E0B
cmgg3abzg00gmx718589ypbmu,Con caras nuevas: Selección Peruana empezó sus entrenamientos pensando en duelo ante Chile,https://rpp.pe/deportes/futbol/con-caras-nuevas-seleccion-peruana-empezo-sus-entrenamientos-pensando-en-duelo-ante-chile-noticia-123457#1759813107244-f1cxk6ifo,"Con la presencia de 20 futbolistas, la Selección Peruana empezó sus entrenamientos en La Videna FPF con miras al partido amistoso ante Chile. Felipe Chávez de Bayern Munich dijo presente.",,RPP Noticias,2025-10-07T04:58:27.245Z,cmgg1fs0c0003112g7epw4vrz,Deportes,#F59E0B
cmgg3abzg00gkx7189l4emah8,Dirigentes transportistas acuerdan no continuar con el paro tras reunión con ministros,https://rpp.pe/politica/actualidad/dirigentes-transportistas-acuerdan-no-continuar-con-el-paro-tras-reunion-con-ministros-noticia-123456#1759813107243-xeq90kz2z,"Los representantes del sector sostuvieron una reunión con el jefe del Gabinete Ministerial, Eduardo Arana, y otros ministros en la que acordaron, entre otros puntos, la instalación de una mesa de trabajo.",,RPP Noticias,2025-10-07T04:58:27.244Z,cmgg1fs0b0001112g2lb2odtv,Política,#DC2626
cmgg3abzb00ggx718eefu4kw5,Medio ambiente: Proyecto de conservación en la Amazonía peruana,https://www.radionacional.gob.pe/medio-ambiente/proyecto-de-conservacion-en-la-amazonia-peruana#1759813107239-pf39ixh6l,Se lanza un nuevo proyecto de conservación en la Amazonía peruana que busca proteger la biodiversidad y promover el desarrollo sostenible en las comunidades locales.,,Radio Nacional del Perú,2025-10-07T04:58:27.240Z,cmgg1fs0g000a112g93a1z2i9,Medio Ambiente,#22C55E
cmgg3abza00gex718j39g8rar,Educación: Nuevas tecnologías llegan a escuelas rurales,https://www.radionacional.gob.pe/educacion/nuevas-tecnologias-llegan-a-escuelas-rurales#1759813107238-lri0677wv,"El Ministerio de Educación implementa programas de tecnología educativa en escuelas rurales, llevando internet y equipos informáticos a comunidades alejadas para mejorar la calidad educativa.",,Radio Nacional del Perú,2025-10-07T04:58:27.239Z,cmgg1fs0f0008112gsse5oyp2,Sociedad,#F97316
cmgg3abz900gcx718b6higzn9,Ministerio de Salud reporta avances en campaña de vacunación,https://www.radionacional.gob.pe/salud/ministerio-de-salud-reporta-avances-en-campana-de-vacunacion#1759813107237-mnjxx8mo3,"El Ministerio de Salud informó sobre los avances en la campaña de vacunación contra diversas enfermedades, alcanzando importantes coberturas en las regiones más vulnerables del país.",,Radio Nacional del Perú,2025-10-07T04:58:27.238Z,cmgg1fs0f0007112gev7odmxo,Salud,#10B981
cmgg3abz700gax718n9rv1p1l,Cultura peruana celebra el Día Internacional de la Lengua Materna,https://www.radionacional.gob.pe/cultura/cultura-peruana-celebra-el-dia-internacional-de-la-lengua-materna#1759813107235-p07l6f7t2,"Diversas actividades culturales se realizan en todo el país para conmemorar el Día Internacional de la Lengua Materna, destacando la importancia de preservar las lenguas originarias del Perú.",,Radio Nacional del Perú,2025-10-07T04:58:27.236Z,cmgg1fs0b0000112g1dwxzwzw,Actualidad,#3B82F6
cmgg3abz500g8x718gey1k6gf,Gobierno anuncia nuevas medidas económicas para reactivar el país,https://www.radionacional.gob.pe/economia/gobierno-anuncia-nuevas-medidas-economicas-para-reactivar-el-pais#1759813107232-36i2peldv,"El Ministerio de Economía y Finanzas presentó un paquete de medidas destinadas a impulsar la reactivación económica del país, incluyendo incentivos fiscales y programas de apoyo a las pequeñas empresas.",,Radio Nacional del Perú,2025-10-07T04:58:27.233Z,cmgg1fs0c0002112gtz9dd9xz,Economía,#059669
cmgg3a5sx00f8x718akcz5550,"Miguel Ángel Russo, entrenador de Boca Juniors, en grave estado de salud",https://rpp.pe/deportes/futbol/miguel-angel-russo-entrenador-de-boca-juniors-en-grave-estado-de-salud-noticia-123460#1759813099233-7wxk37nho,"El entrenador de Boca Juniors, Miguel Ángel Russo, se encuentra en grave estado de salud y fue internado en un centro médico. El club emitió un comunicado informando sobre su situación.",,RPP Noticias,2025-10-07T04:58:19.234Z,cmgg1fs0f0007112gev7odmxo,Salud,#10B981
cmgg3a5sx00f6x718b50xqxf9,Crisis sanitaria en Brasil: lo que se sabe de la intoxicación masiva por metanol,https://rpp.pe/mundo/latinoamerica/crisis-sanitaria-en-brasil-lo-que-se-sabe-de-la-intoxicacion-masiva-por-metanol-noticia-123459#1759813099233-x6qzr101v,Las autoridades brasileñas investigan una intoxicación masiva por metanol que ha causado muertes y la caída del consumo de alcohol en el país. Se han reportado varios casos en diferentes estados.,,RPP Noticias,2025-10-07T04:58:19.233Z,cmgg1fs0c0003112g7epw4vrz,Deportes,#F59E0B
cmgg3a5sv00f2x718cxwtb7po,Con caras nuevas: Selección Peruana empezó sus entrenamientos pensando en duelo ante Chile,https://rpp.pe/deportes/futbol/con-caras-nuevas-seleccion-peruana-empezo-sus-entrenamientos-pensando-en-duelo-ante-chile-noticia-123457#1759813099231-0i03eka7d,"Con la presencia de 20 futbolistas, la Selección Peruana empezó sus entrenamientos en La Videna FPF con miras al partido amistoso ante Chile. Felipe Chávez de Bayern Munich dijo presente.",,RPP Noticias,2025-10-07T04:58:19.232Z,cmgg1fs0c0003112g7epw4vrz,Deportes,#F59E0B
cmgg3a5su00f0x7182kbh9dbr,Dirigentes transportistas acuerdan no continuar con el paro tras reunión con ministros,https://rpp.pe/politica/actualidad/dirigentes-transportistas-acuerdan-no-continuar-con-el-paro-tras-reunion-con-ministros-noticia-123456#1759813099230-75nsu7fo2,"Los representantes del sector sostuvieron una reunión con el jefe del Gabinete Ministerial, Eduardo Arana, y otros ministros en la que acordaron, entre otros puntos, la instalación de una mesa de trabajo.",,RPP Noticias,2025-10-07T04:58:19.231Z,cmgg1fs0b0001112g2lb2odtv,Política,#DC2626
cmgg3a5sq00ewx718yu8nxv6v,Medio ambiente: Proyecto de conservación en la Amazonía peruana,https://www.radionacional.gob.pe/medio-ambiente/proyecto-de-conservacion-en-la-amazonia-peruana#1759813099226-9j4q3ovuu,Se lanza un nuevo proyecto de conservación en la Amazonía peruana que busca proteger la biodiversidad y promover el desarrollo sostenible en las comunidades locales.,,Radio Nacional del Perú,2025-10-07T04:58:19.227Z,cmgg1fs0g000a112g93a1z2i9,Medio Ambiente,#22C55E
cmgg3a5sp00eux7183wmayymk,Educación: Nuevas tecnologías llegan a escuelas rurales,https://www.radionacional.gob.pe/educacion/nuevas-tecnologias-llegan-a-escuelas-rurales#1759813099225-hfkvknuua,"El Ministerio de Educación implementa programas de tecnología educativa en escuelas rurales, llevando internet y equipos informáticos a comunidades alejadas para mejorar la calidad educativa.",,Radio Nacional del Perú,2025-10-07T04:58:19.226Z,cmgg1fs0f0008112gsse5oyp2,Sociedad,#F97316
cmgg3a5so00esx718ho2e022e,Ministerio de Salud reporta avances en campaña de vacunación,https://www.radionacional.gob.pe/salud/ministerio-de-salud-reporta-avances-en-campana-de-vacunacion#1759813099224-j6ec1isi0,"El Ministerio de Salud informó sobre los avances en la campaña de vacunación contra diversas enfermedades, alcanzando importantes coberturas en las regiones más vulnerables del país.",,Radio Nacional del Perú,2025-10-07T04:58:19.225Z,cmgg1fs0f0007112gev7odmxo,Salud,#10B981
cmgg3a5sn00eqx718soemh1jl,Cultura peruana celebra el Día Internacional de la Lengua Materna,https://www.radionacional.gob.pe/cultura/cultura-peruana-celebra-el-dia-internacional-de-la-lengua-materna#1759813099223-xnhr8bz86,"Diversas actividades culturales se realizan en todo el país para conmemorar el Día Internacional de la Lengua Materna, destacando la importancia de preservar las lenguas originarias del Perú.",,Radio Nacional del Perú,2025-10-07T04:58:19.223Z,cmgg1fs0b0000112g1dwxzwzw,Actualidad,#3B82F6
cmgg3a5sl00eox71850aw5uh5,Gobierno anuncia nuevas medidas económicas para reactivar el país,https://www.radionacional.gob.pe/economia/gobierno-anuncia-nuevas-medidas-economicas-para-reactivar-el-pais#1759813099221-6ys04y4al,"El Ministerio de Economía y Finanzas presentó un paquete de medidas destinadas a impulsar la reactivación económica del país, incluyendo incentivos fiscales y programas de apoyo a las pequeñas empresas.",,Radio Nacional del Perú,2025-10-07T04:58:19.221Z,cmgg1fs0c0002112gtz9dd9xz,Economía,#059669
cmgg3a06q00dmx7181rp57jbl,Crisis sanitaria en Brasil: lo que se sabe de la intoxicación masiva por metanol,https://rpp.pe/mundo/latinoamerica/crisis-sanitaria-en-brasil-lo-que-se-sabe-de-la-intoxicacion-masiva-por-metanol-noticia-123459#1759813091954-mfgac2trp,Las autoridades brasileñas investigan una intoxicación masiva por metanol que ha causado muertes y la caída del consumo de alcohol en el país. Se han reportado varios casos en diferentes estados.,,RPP Noticias,2025-10-07T04:58:11.955Z,cmgg1fs0c0003112g7epw4vrz,Deportes,#F59E0B
cmgg3a06r00dox718o52xdcg1,"Miguel Ángel Russo, entrenador de Boca Juniors, en grave estado de salud",https://rpp.pe/deportes/futbol/miguel-angel-russo-entrenador-de-boca-juniors-en-grave-estado-de-salud-noticia-123460#1759813091955-h0vv1dnd3,"El entrenador de Boca Juniors, Miguel Ángel Russo, se encuentra en grave estado de salud y fue internado en un centro médico. El club emitió un comunicado informando sobre su situación.",,RPP Noticias,2025-10-07T04:58:11.955Z,cmgg1fs0f0007112gev7odmxo,Salud,#10B981
cmgg3a06p00dix718ptv8l426,Con caras nuevas: Selección Peruana empezó sus entrenamientos pensando en duelo ante Chile,https://rpp.pe/deportes/futbol/con-caras-nuevas-seleccion-peruana-empezo-sus-entrenamientos-pensando-en-duelo-ante-chile-noticia-123457#1759813091953-vkz5looql,"Con la presencia de 20 futbolistas, la Selección Peruana empezó sus entrenamientos en La Videna FPF con miras al partido amistoso ante Chile. Felipe Chávez de Bayern Munich dijo presente.",,RPP Noticias,2025-10-07T04:58:11.953Z,cmgg1fs0c0003112g7epw4vrz,Deportes,#F59E0B
cmgg3a06o00dgx718vt125u9y,Dirigentes transportistas acuerdan no continuar con el paro tras reunión con ministros,https://rpp.pe/politica/actualidad/dirigentes-transportistas-acuerdan-no-continuar-con-el-paro-tras-reunion-con-ministros-noticia-123456#1759813091952-l9wzcqzrz,"Los representantes del sector sostuvieron una reunión con el jefe del Gabinete Ministerial, Eduardo Arana, y otros ministros en la que acordaron, entre otros puntos, la instalación de una mesa de trabajo.",,RPP Noticias,2025-10-07T04:58:11.952Z,cmgg1fs0b0001112g2lb2odtv,Política,#DC2626
cmgg3a06k00dcx718hz7i69ys,Medio ambiente: Proyecto de conservación en la Amazonía peruana,https://www.radionacional.gob.pe/medio-ambiente/proyecto-de-conservacion-en-la-amazonia-peruana#1759813091948-7mihhd1j6,Se lanza un nuevo proyecto de conservación en la Amazonía peruana que busca proteger la biodiversidad y promover el desarrollo sostenible en las comunidades locales.,,Radio Nacional del Perú,2025-10-07T04:58:11.949Z,cmgg1fs0g000a112g93a1z2i9,Medio Ambiente,#22C55E
cmgg3a06j00dax718d4psnf0o,Educación: Nuevas tecnologías llegan a escuelas rurales,https://www.radionacional.gob.pe/educacion/nuevas-tecnologias-llegan-a-escuelas-rurales#1759813091947-ccgbpiwyk,"El Ministerio de Educación implementa programas de tecnología educativa en escuelas rurales, llevando internet y equipos informáticos a comunidades alejadas para mejorar la calidad educativa.",,Radio Nacional del Perú,2025-10-07T04:58:11.948Z,cmgg1fs0f0008112gsse5oyp2,Sociedad,#F97316
cmgg3a06i00d8x718xudp8oeo,Ministerio de Salud reporta avances en campaña de vacunación,https://www.radionacional.gob.pe/salud/ministerio-de-salud-reporta-avances-en-campana-de-vacunacion#1759813091946-gp6avkvf3,"El Ministerio de Salud informó sobre los avances en la campaña de vacunación contra diversas enfermedades, alcanzando importantes coberturas en las regiones más vulnerables del país.",,Radio Nacional del Perú,2025-10-07T04:58:11.947Z,cmgg1fs0f0007112gev7odmxo,Salud,#10B981
cmgg3a06h00d6x718g47xhd7w,Cultura peruana celebra el Día Internacional de la Lengua Materna,https://www.radionacional.gob.pe/cultura/cultura-peruana-celebra-el-dia-internacional-de-la-lengua-materna#1759813091945-2bxzeg761,"Diversas actividades culturales se realizan en todo el país para conmemorar el Día Internacional de la Lengua Materna, destacando la importancia de preservar las lenguas originarias del Perú.",,Radio Nacional del Perú,2025-10-07T04:58:11.946Z,cmgg1fs0b0000112g1dwxzwzw,Actualidad,#3B82F6
cmgg3a06f00d4x718mllhr3l9,Gobierno anuncia nuevas medidas económicas para reactivar el país,https://www.radionacional.gob.pe/economia/gobierno-anuncia-nuevas-medidas-economicas-para-reactivar-el-pais#1759813091943-z96zrtu52,"El Ministerio de Economía y Finanzas presentó un paquete de medidas destinadas a impulsar la reactivación económica del país, incluyendo incentivos fiscales y programas de apoyo a las pequeñas empresas.",,Radio Nacional del Perú,2025-10-07T04:58:11.944Z,cmgg1fs0c0002112gtz9dd9xz,Economía,#059669
cmgg39vzw00c4x718qnpjc5fb,"Miguel Ángel Russo, entrenador de Boca Juniors, en grave estado de salud",https://rpp.pe/deportes/futbol/miguel-angel-russo-entrenador-de-boca-juniors-en-grave-estado-de-salud-noticia-123460#1759813086524-piljuv9xk,"El entrenador de Boca Juniors, Miguel Ángel Russo, se encuentra en grave estado de salud y fue internado en un centro médico. El club emitió un comunicado informando sobre su situación.",,RPP Noticias,2025-10-07T04:58:06.525Z,cmgg1fs0f0007112gev7odmxo,Salud,#10B981
cmgg39vzv00byx718xoso010r,Con caras nuevas: Selección Peruana empezó sus entrenamientos pensando en duelo ante Chile,https://rpp.pe/deportes/futbol/con-caras-nuevas-seleccion-peruana-empezo-sus-entrenamientos-pensando-en-duelo-ante-chile-noticia-123457#1759813086523-rs6z3lmq7,"Con la presencia de 20 futbolistas, la Selección Peruana empezó sus entrenamientos en La Videna FPF con miras al partido amistoso ante Chile. Felipe Chávez de Bayern Munich dijo presente.",,RPP Noticias,2025-10-07T04:58:06.524Z,cmgg1fs0c0003112g7epw4vrz,Deportes,#F59E0B
cmgg39vzw00c2x718037rnz16,Crisis sanitaria en Brasil: lo que se sabe de la intoxicación masiva por metanol,https://rpp.pe/mundo/latinoamerica/crisis-sanitaria-en-brasil-lo-que-se-sabe-de-la-intoxicacion-masiva-por-metanol-noticia-123459#1759813086524-ys8qf0tdr,Las autoridades brasileñas investigan una intoxicación masiva por metanol que ha causado muertes y la caída del consumo de alcohol en el país. Se han reportado varios casos en diferentes estados.,,RPP Noticias,2025-10-07T04:58:06.524Z,cmgg1fs0c0003112g7epw4vrz,Deportes,#F59E0B
cmgg39vzv00bwx718yb132x6f,Dirigentes transportistas acuerdan no continuar con el paro tras reunión con ministros,https://rpp.pe/politica/actualidad/dirigentes-transportistas-acuerdan-no-continuar-con-el-paro-tras-reunion-con-ministros-noticia-123456#1759813086522-ws9bxqhba,"Los representantes del sector sostuvieron una reunión con el jefe del Gabinete Ministerial, Eduardo Arana, y otros ministros en la que acordaron, entre otros puntos, la instalación de una mesa de trabajo.",,RPP Noticias,2025-10-07T04:58:06.523Z,cmgg1fs0b0001112g2lb2odtv,Política,#DC2626
cmgg39vzs00bqx718uwauuvgo,Educación: Nuevas tecnologías llegan a escuelas rurales,https://www.radionacional.gob.pe/educacion/nuevas-tecnologias-llegan-a-escuelas-rurales#1759813086520-4ytafljtb,"El Ministerio de Educación implementa programas de tecnología educativa en escuelas rurales, llevando internet y equipos informáticos a comunidades alejadas para mejorar la calidad educativa.",,Radio Nacional del Perú,2025-10-07T04:58:06.521Z,cmgg1fs0f0008112gsse5oyp2,Sociedad,#F97316
cmgg39vzt00bsx7180pkgunsl,Medio ambiente: Proyecto de conservación en la Amazonía peruana,https://www.radionacional.gob.pe/medio-ambiente/proyecto-de-conservacion-en-la-amazonia-peruana#1759813086521-d5z33qt7w,Se lanza un nuevo proyecto de conservación en la Amazonía peruana que busca proteger la biodiversidad y promover el desarrollo sostenible en las comunidades locales.,,Radio Nacional del Perú,2025-10-07T04:58:06.521Z,cmgg1fs0g000a112g93a1z2i9,Medio Ambiente,#22C55E
cmgg39vzr00bmx7187ggmpvgq,Cultura peruana celebra el Día Internacional de la Lengua Materna,https://www.radionacional.gob.pe/cultura/cultura-peruana-celebra-el-dia-internacional-de-la-lengua-materna#1759813086519-hn2blo7g4,"Diversas actividades culturales se realizan en todo el país para conmemorar el Día Internacional de la Lengua Materna, destacando la importancia de preservar las lenguas originarias del Perú.",,Radio Nacional del Perú,2025-10-07T04:58:06.520Z,cmgg1fs0b0000112g1dwxzwzw,Actualidad,#3B82F6
cmgg39vzs00box718wtw7hjan,Ministerio de Salud reporta avances en campaña de vacunación,https://www.radionacional.gob.pe/salud/ministerio-de-salud-reporta-avances-en-campana-de-vacunacion#1759813086520-33gtkuh0d,"El Ministerio de Salud informó sobre los avances en la campaña de vacunación contra diversas enfermedades, alcanzando importantes coberturas en las regiones más vulnerables del país.",,Radio Nacional del Perú,2025-10-07T04:58:06.520Z,cmgg1fs0f0007112gev7odmxo,Salud,#10B981
cmgg39vzr00bkx718z817nexb,Gobierno anuncia nuevas medidas económicas para reactivar el país,https://www.radionacional.gob.pe/economia/gobierno-anuncia-nuevas-medidas-economicas-para-reactivar-el-pais#1759813086518-bsru06apg,"El Ministerio de Economía y Finanzas presentó un paquete de medidas destinadas a impulsar la reactivación económica del país, incluyendo incentivos fiscales y programas de apoyo a las pequeñas empresas.",,Radio Nacional del Perú,2025-10-07T04:58:06.519Z,cmgg1fs0c0002112gtz9dd9xz,Economía,#059669
cmgg36ksn00akx718r7bta45b,"Miguel Ángel Russo, entrenador de Boca Juniors, en grave estado de salud",https://rpp.pe/deportes/futbol/miguel-angel-russo-entrenador-de-boca-juniors-en-grave-estado-de-salud-noticia-123460#1759812932039-yp366giwb,"El entrenador de Boca Juniors, Miguel Ángel Russo, se encuentra en grave estado de salud y fue internado en un centro médico. El club emitió un comunicado informando sobre su situación.",,RPP Noticias,2025-10-07T04:55:32.039Z,cmgg1fs0f0007112gev7odmxo,Salud,#10B981
cmgg36ksm00aix718d9v32gfr,Crisis sanitaria en Brasil: lo que se sabe de la intoxicación masiva por metanol,https://rpp.pe/mundo/latinoamerica/crisis-sanitaria-en-brasil-lo-que-se-sabe-de-la-intoxicacion-masiva-por-metanol-noticia-123459#1759812932038-36x3t6024,Las autoridades brasileñas investigan una intoxicación masiva por metanol que ha causado muertes y la caída del consumo de alcohol en el país. Se han reportado varios casos en diferentes estados.,,RPP Noticias,2025-10-07T04:55:32.038Z,cmgg1fs0c0003112g7epw4vrz,Deportes,#F59E0B
cmgg36ksk00aex7187cxoiik4,Con caras nuevas: Selección Peruana empezó sus entrenamientos pensando en duelo ante Chile,https://rpp.pe/deportes/futbol/con-caras-nuevas-seleccion-peruana-empezo-sus-entrenamientos-pensando-en-duelo-ante-chile-noticia-123457#1759812932036-2ibu49ip8,"Con la presencia de 20 futbolistas, la Selección Peruana empezó sus entrenamientos en La Videna FPF con miras al partido amistoso ante Chile. Felipe Chávez de Bayern Munich dijo presente.",,RPP Noticias,2025-10-07T04:55:32.037Z,cmgg1fs0c0003112g7epw4vrz,Deportes,#F59E0B
cmgg36ksj00acx718x46kszuv,Dirigentes transportistas acuerdan no continuar con el paro tras reunión con ministros,https://rpp.pe/politica/actualidad/dirigentes-transportistas-acuerdan-no-continuar-con-el-paro-tras-reunion-con-ministros-noticia-123456#1759812932035-vrhllsxla,"Los representantes del sector sostuvieron una reunión con el jefe del Gabinete Ministerial, Eduardo Arana, y otros ministros en la que acordaron, entre otros puntos, la instalación de una mesa de trabajo.",,RPP Noticias,2025-10-07T04:55:32.036Z,cmgg1fs0b0001112g2lb2odtv,Política,#DC2626
cmgg36ksf00a8x718qkin9wiw,Medio ambiente: Proyecto de conservación en la Amazonía peruana,https://www.radionacional.gob.pe/medio-ambiente/proyecto-de-conservacion-en-la-amazonia-peruana#1759812932031-lkegrhh7m,Se lanza un nuevo proyecto de conservación en la Amazonía peruana que busca proteger la biodiversidad y promover el desarrollo sostenible en las comunidades locales.,,Radio Nacional del Perú,2025-10-07T04:55:32.031Z,cmgg1fs0g000a112g93a1z2i9,Medio Ambiente,#22C55E
cmgg36kse00a6x7189eadsi0w,Educación: Nuevas tecnologías llegan a escuelas rurales,https://www.radionacional.gob.pe/educacion/nuevas-tecnologias-llegan-a-escuelas-rurales#1759812932030-u2uayif0f,"El Ministerio de Educación implementa programas de tecnología educativa en escuelas rurales, llevando internet y equipos informáticos a comunidades alejadas para mejorar la calidad educativa.",,Radio Nacional del Perú,2025-10-07T04:55:32.030Z,cmgg1fs0f0008112gsse5oyp2,Sociedad,#F97316
cmgg36ksd00a4x718uzawnl5c,Ministerio de Salud reporta avances en campaña de vacunación,https://www.radionacional.gob.pe/salud/ministerio-de-salud-reporta-avances-en-campana-de-vacunacion#1759812932029-2q6q6uni1,"El Ministerio de Salud informó sobre los avances en la campaña de vacunación contra diversas enfermedades, alcanzando importantes coberturas en las regiones más vulnerables del país.",,Radio Nacional del Perú,2025-10-07T04:55:32.029Z,cmgg1fs0f0007112gev7odmxo,Salud,#10B981
cmgg36ksc00a2x718xybo00vb,Cultura peruana celebra el Día Internacional de la Lengua Materna,https://www.radionacional.gob.pe/cultura/cultura-peruana-celebra-el-dia-internacional-de-la-lengua-materna#1759812932028-gmi6cdfw9,"Diversas actividades culturales se realizan en todo el país para conmemorar el Día Internacional de la Lengua Materna, destacando la importancia de preservar las lenguas originarias del Perú.",,Radio Nacional del Perú,2025-10-07T04:55:32.028Z,cmgg1fs0b0000112g1dwxzwzw,Actualidad,#3B82F6
cmgg36ksa00a0x718ffqqogli,Gobierno anuncia nuevas medidas económicas para reactivar el país,https://www.radionacional.gob.pe/economia/gobierno-anuncia-nuevas-medidas-economicas-para-reactivar-el-pais#1759812932025-79a359zgn,"El Ministerio de Economía y Finanzas presentó un paquete de medidas destinadas a impulsar la reactivación económica del país, incluyendo incentivos fiscales y programas de apoyo a las pequeñas empresas.",,Radio Nacional del Perú,2025-10-07T04:55:32.026Z,cmgg1fs0c0002112gtz9dd9xz,Economía,#059669
cmgg35rcu0093x7188m2rrvxe,"Miguel Ángel Russo, entrenador de Boca Juniors, en grave estado de salud",https://rpp.pe/deportes/futbol/miguel-angel-russo-entrenador-de-boca-juniors-en-grave-estado-de-salud-noticia-123460#1759812893886-wqld9tvlg,"El entrenador de Boca Juniors, Miguel Ángel Russo, se encuentra en grave estado de salud y fue internado en un centro médico. El club emitió un comunicado informando sobre su situación.",,RPP Noticias,2025-10-07T04:54:53.886Z,cmgg1fs0f0007112gev7odmxo,Salud,#10B981
cmgg35rct0091x71852ng8cvs,Crisis sanitaria en Brasil: lo que se sabe de la intoxicación masiva por metanol,https://rpp.pe/mundo/latinoamerica/crisis-sanitaria-en-brasil-lo-que-se-sabe-de-la-intoxicacion-masiva-por-metanol-noticia-123459#1759812893885-8zxqou0bu,Las autoridades brasileñas investigan una intoxicación masiva por metanol que ha causado muertes y la caída del consumo de alcohol en el país. Se han reportado varios casos en diferentes estados.,,RPP Noticias,2025-10-07T04:54:53.885Z,cmgg1fs0c0003112g7epw4vrz,Deportes,#F59E0B
cmgg35rcs008xx718u4quww8a,Con caras nuevas: Selección Peruana empezó sus entrenamientos pensando en duelo ante Chile,https://rpp.pe/deportes/futbol/con-caras-nuevas-seleccion-peruana-empezo-sus-entrenamientos-pensando-en-duelo-ante-chile-noticia-123457#1759812893883-g5zg3i3bg,"Con la presencia de 20 futbolistas, la Selección Peruana empezó sus entrenamientos en La Videna FPF con miras al partido amistoso ante Chile. Felipe Chávez de Bayern Munich dijo presente.",,RPP Noticias,2025-10-07T04:54:53.884Z,cmgg1fs0c0003112g7epw4vrz,Deportes,#F59E0B
cmgg35rcr008vx7189nhta2xp,Dirigentes transportistas acuerdan no continuar con el paro tras reunión con ministros,https://rpp.pe/politica/actualidad/dirigentes-transportistas-acuerdan-no-continuar-con-el-paro-tras-reunion-con-ministros-noticia-123456#1759812893882-78gd1oot9,"Los representantes del sector sostuvieron una reunión con el jefe del Gabinete Ministerial, Eduardo Arana, y otros ministros en la que acordaron, entre otros puntos, la instalación de una mesa de trabajo.",,RPP Noticias,2025-10-07T04:54:53.883Z,cmgg1fs0b0001112g2lb2odtv,Política,#DC2626
cmgg35rcm008rx718lqxwftgu,Medio ambiente: Proyecto de conservación en la Amazonía peruana,https://www.radionacional.gob.pe/medio-ambiente/proyecto-de-conservacion-en-la-amazonia-peruana#1759812893878-q3g7ctu9f,Se lanza un nuevo proyecto de conservación en la Amazonía peruana que busca proteger la biodiversidad y promover el desarrollo sostenible en las comunidades locales.,,Radio Nacional del Perú,2025-10-07T04:54:53.879Z,cmgg1fs0g000a112g93a1z2i9,Medio Ambiente,#22C55E
cmgg35rcl008px718zgv6827y,Educación: Nuevas tecnologías llegan a escuelas rurales,https://www.radionacional.gob.pe/educacion/nuevas-tecnologias-llegan-a-escuelas-rurales#1759812893877-4ll8xj0lf,"El Ministerio de Educación implementa programas de tecnología educativa en escuelas rurales, llevando internet y equipos informáticos a comunidades alejadas para mejorar la calidad educativa.",,Radio Nacional del Perú,2025-10-07T04:54:53.878Z,cmgg1fs0f0008112gsse5oyp2,Sociedad,#F97316
cmgg35rck008nx718avj1s8s2,Ministerio de Salud reporta avances en campaña de vacunación,https://www.radionacional.gob.pe/salud/ministerio-de-salud-reporta-avances-en-campana-de-vacunacion#1759812893876-7doj4oafj,"El Ministerio de Salud informó sobre los avances en la campaña de vacunación contra diversas enfermedades, alcanzando importantes coberturas en las regiones más vulnerables del país.",,Radio Nacional del Perú,2025-10-07T04:54:53.877Z,cmgg1fs0f0007112gev7odmxo,Salud,#10B981
cmgg35rcj008lx7184o83p8i9,Cultura peruana celebra el Día Internacional de la Lengua Materna,https://www.radionacional.gob.pe/cultura/cultura-peruana-celebra-el-dia-internacional-de-la-lengua-materna#1759812893874-hq5afo1re,"Diversas actividades culturales se realizan en todo el país para conmemorar el Día Internacional de la Lengua Materna, destacando la importancia de preservar las lenguas originarias del Perú.",,Radio Nacional del Perú,2025-10-07T04:54:53.875Z,cmgg1fs0b0000112g1dwxzwzw,Actualidad,#3B82F6
cmgg35rcg008jx7186j3r23eo,Gobierno anuncia nuevas medidas económicas para reactivar el país,https://www.radionacional.gob.pe/economia/gobierno-anuncia-nuevas-medidas-economicas-para-reactivar-el-pais#1759812893872-nze8y6raa,"El Ministerio de Economía y Finanzas presentó un paquete de medidas destinadas a impulsar la reactivación económica del país, incluyendo incentivos fiscales y programas de apoyo a las pequeñas empresas.",,Radio Nacional del Perú,2025-10-07T04:54:53.873Z,cmgg1fs0c0002112gtz9dd9xz,Economía,#059669
cmgg35m70007nx718llm15iqn,"Miguel Ángel Russo, entrenador de Boca Juniors, en grave estado de salud",https://rpp.pe/deportes/futbol/miguel-angel-russo-entrenador-de-boca-juniors-en-grave-estado-de-salud-noticia-123460#1759812887196-y5ptsdrcw,"El entrenador de Boca Juniors, Miguel Ángel Russo, se encuentra en grave estado de salud y fue internado en un centro médico. El club emitió un comunicado informando sobre su situación.",,RPP Noticias,2025-10-07T04:54:47.196Z,cmgg1fs0f0007112gev7odmxo,Salud,#10B981
cmgg35m6z007lx7185u2jd9xc,Crisis sanitaria en Brasil: lo que se sabe de la intoxicación masiva por metanol,https://rpp.pe/mundo/latinoamerica/crisis-sanitaria-en-brasil-lo-que-se-sabe-de-la-intoxicacion-masiva-por-metanol-noticia-123459#1759812887195-trie7qctn,Las autoridades brasileñas investigan una intoxicación masiva por metanol que ha causado muertes y la caída del consumo de alcohol en el país. Se han reportado varios casos en diferentes estados.,,RPP Noticias,2025-10-07T04:54:47.195Z,cmgg1fs0c0003112g7epw4vrz,Deportes,#F59E0B
cmgg35m6y007hx7188aswtro3,Con caras nuevas: Selección Peruana empezó sus entrenamientos pensando en duelo ante Chile,https://rpp.pe/deportes/futbol/con-caras-nuevas-seleccion-peruana-empezo-sus-entrenamientos-pensando-en-duelo-ante-chile-noticia-123457#1759812887193-cs521zs9y,"Con la presencia de 20 futbolistas, la Selección Peruana empezó sus entrenamientos en La Videna FPF con miras al partido amistoso ante Chile. Felipe Chávez de Bayern Munich dijo presente.",,RPP Noticias,2025-10-07T04:54:47.194Z,cmgg1fs0c0003112g7epw4vrz,Deportes,#F59E0B
cmgg35m6x007fx718plabue2b,Dirigentes transportistas acuerdan no continuar con el paro tras reunión con ministros,https://rpp.pe/politica/actualidad/dirigentes-transportistas-acuerdan-no-continuar-con-el-paro-tras-reunion-con-ministros-noticia-123456#1759812887192-fz0804ztx,"Los representantes del sector sostuvieron una reunión con el jefe del Gabinete Ministerial, Eduardo Arana, y otros ministros en la que acordaron, entre otros puntos, la instalación de una mesa de trabajo.",,RPP Noticias,2025-10-07T04:54:47.193Z,cmgg1fs0b0001112g2lb2odtv,Política,#DC2626
cmgg35m6s0079x718vnlaex6t,Educación: Nuevas tecnologías llegan a escuelas rurales,https://www.radionacional.gob.pe/educacion/nuevas-tecnologias-llegan-a-escuelas-rurales#1759812887188-m6m786s59,"El Ministerio de Educación implementa programas de tecnología educativa en escuelas rurales, llevando internet y equipos informáticos a comunidades alejadas para mejorar la calidad educativa.",,Radio Nacional del Perú,2025-10-07T04:54:47.189Z,cmgg1fs0f0008112gsse5oyp2,Sociedad,#F97316
cmgg35m6t007bx718sk6grvkc,Medio ambiente: Proyecto de conservación en la Amazonía peruana,https://www.radionacional.gob.pe/medio-ambiente/proyecto-de-conservacion-en-la-amazonia-peruana#1759812887189-fc70y9a0c,Se lanza un nuevo proyecto de conservación en la Amazonía peruana que busca proteger la biodiversidad y promover el desarrollo sostenible en las comunidades locales.,,Radio Nacional del Perú,2025-10-07T04:54:47.189Z,cmgg1fs0g000a112g93a1z2i9,Medio Ambiente,#22C55E
cmgg35m6r0077x718wtnn7wfu,Ministerio de Salud reporta avances en campaña de vacunación,https://www.radionacional.gob.pe/salud/ministerio-de-salud-reporta-avances-en-campana-de-vacunacion#1759812887187-0yqud7fjc,"El Ministerio de Salud informó sobre los avances en la campaña de vacunación contra diversas enfermedades, alcanzando importantes coberturas en las regiones más vulnerables del país.",,Radio Nacional del Perú,2025-10-07T04:54:47.188Z,cmgg1fs0f0007112gev7odmxo,Salud,#10B981
cmgg35m6q0075x7186126wx5d,Cultura peruana celebra el Día Internacional de la Lengua Materna,https://www.radionacional.gob.pe/cultura/cultura-peruana-celebra-el-dia-internacional-de-la-lengua-materna#1759812887185-t0y7n4jgu,"Diversas actividades culturales se realizan en todo el país para conmemorar el Día Internacional de la Lengua Materna, destacando la importancia de preservar las lenguas originarias del Perú.",,Radio Nacional del Perú,2025-10-07T04:54:47.186Z,cmgg1fs0b0000112g1dwxzwzw,Actualidad,#3B82F6
cmgg35m6m0073x7183gud34g4,Gobierno anuncia nuevas medidas económicas para reactivar el país,https://www.radionacional.gob.pe/economia/gobierno-anuncia-nuevas-medidas-economicas-para-reactivar-el-pais#1759812887182-6acwu2ah1,"El Ministerio de Economía y Finanzas presentó un paquete de medidas destinadas a impulsar la reactivación económica del país, incluyendo incentivos fiscales y programas de apoyo a las pequeñas empresas.",,Radio Nacional del Perú,2025-10-07T04:54:47.183Z,cmgg1fs0c0002112gtz9dd9xz,Economía,#059669
cmgg351ar0067x718uhuymkeq,"Miguel Ángel Russo, entrenador de Boca Juniors, en grave estado de salud",https://rpp.pe/deportes/futbol/miguel-angel-russo-entrenador-de-boca-juniors-en-grave-estado-de-salud-noticia-123460#1759812860115-y4uoa6bnf,"El entrenador de Boca Juniors, Miguel Ángel Russo, se encuentra en grave estado de salud y fue internado en un centro médico. El club emitió un comunicado informando sobre su situación.",,RPP Noticias,2025-10-07T04:54:20.115Z,cmgg1fs0f0007112gev7odmxo,Salud,#10B981
cmgg351aq0065x718vv6dixe7,Crisis sanitaria en Brasil: lo que se sabe de la intoxicación masiva por metanol,https://rpp.pe/mundo/latinoamerica/crisis-sanitaria-en-brasil-lo-que-se-sabe-de-la-intoxicacion-masiva-por-metanol-noticia-123459#1759812860114-0yvamzn0v,Las autoridades brasileñas investigan una intoxicación masiva por metanol que ha causado muertes y la caída del consumo de alcohol en el país. Se han reportado varios casos en diferentes estados.,,RPP Noticias,2025-10-07T04:54:20.114Z,cmgg1fs0c0003112g7epw4vrz,Deportes,#F59E0B
cmgg351ao0061x718hg5rm4kw,Con caras nuevas: Selección Peruana empezó sus entrenamientos pensando en duelo ante Chile,https://rpp.pe/deportes/futbol/con-caras-nuevas-seleccion-peruana-empezo-sus-entrenamientos-pensando-en-duelo-ante-chile-noticia-123457#1759812860112-ixqm0b1yl,"Con la presencia de 20 futbolistas, la Selección Peruana empezó sus entrenamientos en La Videna FPF con miras al partido amistoso ante Chile. Felipe Chávez de Bayern Munich dijo presente.",,RPP Noticias,2025-10-07T04:54:20.113Z,cmgg1fs0c0003112g7epw4vrz,Deportes,#F59E0B
cmgg351an005zx718f3su0vg8,Dirigentes transportistas acuerdan no continuar con el paro tras reunión con ministros,https://rpp.pe/politica/actualidad/dirigentes-transportistas-acuerdan-no-continuar-con-el-paro-tras-reunion-con-ministros-noticia-123456#1759812860111-t05hknj8n,"Los representantes del sector sostuvieron una reunión con el jefe del Gabinete Ministerial, Eduardo Arana, y otros ministros en la que acordaron, entre otros puntos, la instalación de una mesa de trabajo.",,RPP Noticias,2025-10-07T04:54:20.112Z,cmgg1fs0b0001112g2lb2odtv,Política,#DC2626
cmgg351ai005vx718vys1m29o,Medio ambiente: Proyecto de conservación en la Amazonía peruana,https://www.radionacional.gob.pe/medio-ambiente/proyecto-de-conservacion-en-la-amazonia-peruana#1759812860106-8isdv6gvm,Se lanza un nuevo proyecto de conservación en la Amazonía peruana que busca proteger la biodiversidad y promover el desarrollo sostenible en las comunidades locales.,,Radio Nacional del Perú,2025-10-07T04:54:20.107Z,cmgg1fs0g000a112g93a1z2i9,Medio Ambiente,#22C55E
cmgg351ah005tx71849aiuxy6,Educación: Nuevas tecnologías llegan a escuelas rurales,https://www.radionacional.gob.pe/educacion/nuevas-tecnologias-llegan-a-escuelas-rurales#1759812860105-ha3ttxhhp,"El Ministerio de Educación implementa programas de tecnología educativa en escuelas rurales, llevando internet y equipos informáticos a comunidades alejadas para mejorar la calidad educativa.",,Radio Nacional del Perú,2025-10-07T04:54:20.106Z,cmgg1fs0f0008112gsse5oyp2,Sociedad,#F97316
cmgg351ag005rx718zagxod9w,Ministerio de Salud reporta avances en campaña de vacunación,https://www.radionacional.gob.pe/salud/ministerio-de-salud-reporta-avances-en-campana-de-vacunacion#1759812860104-cna13r7pd,"El Ministerio de Salud informó sobre los avances en la campaña de vacunación contra diversas enfermedades, alcanzando importantes coberturas en las regiones más vulnerables del país.",,Radio Nacional del Perú,2025-10-07T04:54:20.105Z,cmgg1fs0f0007112gev7odmxo,Salud,#10B981
cmgg351af005px718oejx0lgs,Cultura peruana celebra el Día Internacional de la Lengua Materna,https://www.radionacional.gob.pe/cultura/cultura-peruana-celebra-el-dia-internacional-de-la-lengua-materna#1759812860102-9mz8k5j2s,"Diversas actividades culturales se realizan en todo el país para conmemorar el Día Internacional de la Lengua Materna, destacando la importancia de preservar las lenguas originarias del Perú.",,Radio Nacional del Perú,2025-10-07T04:54:20.103Z,cmgg1fs0b0000112g1dwxzwzw,Actualidad,#3B82F6
cmgg351ac005nx718ta7qs4f3,Gobierno anuncia nuevas medidas económicas para reactivar el país,https://www.radionacional.gob.pe/economia/gobierno-anuncia-nuevas-medidas-economicas-para-reactivar-el-pais#1759812860100-2dzj8wvnz,"El Ministerio de Economía y Finanzas presentó un paquete de medidas destinadas a impulsar la reactivación económica del país, incluyendo incentivos fiscales y programas de apoyo a las pequeñas empresas.",,Radio Nacional del Perú,2025-10-07T04:54:20.101Z,cmgg1fs0c0002112gtz9dd9xz,Economía,#059669
cmgg34sod004px718b5x5p8vf,Crisis sanitaria en Brasil: lo que se sabe de la intoxicación masiva por metanol,https://rpp.pe/mundo/latinoamerica/crisis-sanitaria-en-brasil-lo-que-se-sabe-de-la-intoxicacion-masiva-por-metanol-noticia-123459#1759812848941-y7qb81ghq,Las autoridades brasileñas investigan una intoxicación masiva por metanol que ha causado muertes y la caída del consumo de alcohol en el país. Se han reportado varios casos en diferentes estados.,,RPP Noticias,2025-10-07T04:54:08.942Z,cmgg1fs0c0003112g7epw4vrz,Deportes,#F59E0B
cmgg34soe004rx718n1v1qa4g,"Miguel Ángel Russo, entrenador de Boca Juniors, en grave estado de salud",https://rpp.pe/deportes/futbol/miguel-angel-russo-entrenador-de-boca-juniors-en-grave-estado-de-salud-noticia-123460#1759812848942-8s0qg7682,"El entrenador de Boca Juniors, Miguel Ángel Russo, se encuentra en grave estado de salud y fue internado en un centro médico. El club emitió un comunicado informando sobre su situación.",,RPP Noticias,2025-10-07T04:54:08.942Z,cmgg1fs0f0007112gev7odmxo,Salud,#10B981
cmgg34soc004lx718w7z4f7jp,Con caras nuevas: Selección Peruana empezó sus entrenamientos pensando en duelo ante Chile,https://rpp.pe/deportes/futbol/con-caras-nuevas-seleccion-peruana-empezo-sus-entrenamientos-pensando-en-duelo-ante-chile-noticia-123457#1759812848940-h4aaq2u4v,"Con la presencia de 20 futbolistas, la Selección Peruana empezó sus entrenamientos en La Videna FPF con miras al partido amistoso ante Chile. Felipe Chávez de Bayern Munich dijo presente.",,RPP Noticias,2025-10-07T04:54:08.941Z,cmgg1fs0c0003112g7epw4vrz,Deportes,#F59E0B
cmgg34sob004jx7187bfqb95f,Dirigentes transportistas acuerdan no continuar con el paro tras reunión con ministros,https://rpp.pe/politica/actualidad/dirigentes-transportistas-acuerdan-no-continuar-con-el-paro-tras-reunion-con-ministros-noticia-123456#1759812848939-pasip40im,"Los representantes del sector sostuvieron una reunión con el jefe del Gabinete Ministerial, Eduardo Arana, y otros ministros en la que acordaron, entre otros puntos, la instalación de una mesa de trabajo.",,RPP Noticias,2025-10-07T04:54:08.940Z,cmgg1fs0b0001112g2lb2odtv,Política,#DC2626
cmgg34so8004fx718ikavmsiw,Medio ambiente: Proyecto de conservación en la Amazonía peruana,https://www.radionacional.gob.pe/medio-ambiente/proyecto-de-conservacion-en-la-amazonia-peruana#1759812848936-mta3q6amg,Se lanza un nuevo proyecto de conservación en la Amazonía peruana que busca proteger la biodiversidad y promover el desarrollo sostenible en las comunidades locales.,,Radio Nacional del Perú,2025-10-07T04:54:08.937Z,cmgg1fs0g000a112g93a1z2i9,Medio Ambiente,#22C55E
cmgg34so7004dx718o4vqi92y,Educación: Nuevas tecnologías llegan a escuelas rurales,https://www.radionacional.gob.pe/educacion/nuevas-tecnologias-llegan-a-escuelas-rurales#1759812848935-rnurjmdqs,"El Ministerio de Educación implementa programas de tecnología educativa en escuelas rurales, llevando internet y equipos informáticos a comunidades alejadas para mejorar la calidad educativa.",,Radio Nacional del Perú,2025-10-07T04:54:08.936Z,cmgg1fs0f0008112gsse5oyp2,Sociedad,#F97316
cmgg34so6004bx718t57ekzdg,Ministerio de Salud reporta avances en campaña de vacunación,https://www.radionacional.gob.pe/salud/ministerio-de-salud-reporta-avances-en-campana-de-vacunacion#1759812848934-c7xzyq6tf,"El Ministerio de Salud informó sobre los avances en la campaña de vacunación contra diversas enfermedades, alcanzando importantes coberturas en las regiones más vulnerables del país.",,Radio Nacional del Perú,2025-10-07T04:54:08.935Z,cmgg1fs0f0007112gev7odmxo,Salud,#10B981
cmgg34so50049x7186gvmo6gj,Cultura peruana celebra el Día Internacional de la Lengua Materna,https://www.radionacional.gob.pe/cultura/cultura-peruana-celebra-el-dia-internacional-de-la-lengua-materna#1759812848933-y7ex2m98u,"Diversas actividades culturales se realizan en todo el país para conmemorar el Día Internacional de la Lengua Materna, destacando la importancia de preservar las lenguas originarias del Perú.",,Radio Nacional del Perú,2025-10-07T04:54:08.934Z,cmgg1fs0b0000112g1dwxzwzw,Actualidad,#3B82F6
cmgg34so30047x718ui6sh8xi,Gobierno anuncia nuevas medidas económicas para reactivar el país,https://www.radionacional.gob.pe/economia/gobierno-anuncia-nuevas-medidas-economicas-para-reactivar-el-pais#1759812848931-s77ayhwob,"El Ministerio de Economía y Finanzas presentó un paquete de medidas destinadas a impulsar la reactivación económica del país, incluyendo incentivos fiscales y programas de apoyo a las pequeñas empresas.",,Radio Nacional del Perú,2025-10-07T04:54:08.932Z,cmgg1fs0c0002112gtz9dd9xz,Economía,#059669
cmgg33cyd003ex718fah29ep1,"Miguel Ángel Russo, entrenador de Boca Juniors, en grave estado de salud",https://rpp.pe/deportes/futbol/miguel-angel-russo-entrenador-de-boca-juniors-en-grave-estado-de-salud-noticia-123460#1759812781909-gj16eze7d,"El entrenador de Boca Juniors, Miguel Ángel Russo, se encuentra en grave estado de salud y fue internado en un centro médico. El club emitió un comunicado informando sobre su situación.",,RPP Noticias,2025-10-07T04:53:01.910Z,cmgg1fs0f0007112gev7odmxo,Salud,#10B981
cmgg33cyd003cx718jq9nn2w2,Crisis sanitaria en Brasil: lo que se sabe de la intoxicación masiva por metanol,https://rpp.pe/mundo/latinoamerica/crisis-sanitaria-en-brasil-lo-que-se-sabe-de-la-intoxicacion-masiva-por-metanol-noticia-123459#1759812781909-9sb3iz67t,Las autoridades brasileñas investigan una intoxicación masiva por metanol que ha causado muertes y la caída del consumo de alcohol en el país. Se han reportado varios casos en diferentes estados.,,RPP Noticias,2025-10-07T04:53:01.909Z,cmgg1fs0c0003112g7epw4vrz,Deportes,#F59E0B
cmgg33cyb0038x718bl50ndzw,Con caras nuevas: Selección Peruana empezó sus entrenamientos pensando en duelo ante Chile,https://rpp.pe/deportes/futbol/con-caras-nuevas-seleccion-peruana-empezo-sus-entrenamientos-pensando-en-duelo-ante-chile-noticia-123457#1759812781907-zbq6nmbkj,"Con la presencia de 20 futbolistas, la Selección Peruana empezó sus entrenamientos en La Videna FPF con miras al partido amistoso ante Chile. Felipe Chávez de Bayern Munich dijo presente.",,RPP Noticias,2025-10-07T04:53:01.908Z,cmgg1fs0c0003112g7epw4vrz,Deportes,#F59E0B
cmgg33cyb0036x718ut709egj,Dirigentes transportistas acuerdan no continuar con el paro tras reunión con ministros,https://rpp.pe/politica/actualidad/dirigentes-transportistas-acuerdan-no-continuar-con-el-paro-tras-reunion-con-ministros-noticia-123456#1759812781906-ap3vtrufl,"Los representantes del sector sostuvieron una reunión con el jefe del Gabinete Ministerial, Eduardo Arana, y otros ministros en la que acordaron, entre otros puntos, la instalación de una mesa de trabajo.",,RPP Noticias,2025-10-07T04:53:01.907Z,cmgg1fs0b0001112g2lb2odtv,Política,#DC2626
cmgg33cy70032x718oh1odus0,Medio ambiente: Proyecto de conservación en la Amazonía peruana,https://www.radionacional.gob.pe/medio-ambiente/proyecto-de-conservacion-en-la-amazonia-peruana#1759812781903-3j3dg7kn3,Se lanza un nuevo proyecto de conservación en la Amazonía peruana que busca proteger la biodiversidad y promover el desarrollo sostenible en las comunidades locales.,,Radio Nacional del Perú,2025-10-07T04:53:01.904Z,cmgg1fs0g000a112g93a1z2i9,Medio Ambiente,#22C55E
cmgg33cy70030x718vv9osoey,Educación: Nuevas tecnologías llegan a escuelas rurales,https://www.radionacional.gob.pe/educacion/nuevas-tecnologias-llegan-a-escuelas-rurales#1759812781902-tixxvxht7,"El Ministerio de Educación implementa programas de tecnología educativa en escuelas rurales, llevando internet y equipos informáticos a comunidades alejadas para mejorar la calidad educativa.",,Radio Nacional del Perú,2025-10-07T04:53:01.903Z,cmgg1fs0f0008112gsse5oyp2,Sociedad,#F97316
cmgg33cy6002yx718a4l9gzzs,Ministerio de Salud reporta avances en campaña de vacunación,https://www.radionacional.gob.pe/salud/ministerio-de-salud-reporta-avances-en-campana-de-vacunacion#1759812781902-l6fz7jbb2,"El Ministerio de Salud informó sobre los avances en la campaña de vacunación contra diversas enfermedades, alcanzando importantes coberturas en las regiones más vulnerables del país.",,Radio Nacional del Perú,2025-10-07T04:53:01.902Z,cmgg1fs0f0007112gev7odmxo,Salud,#10B981
cmgg33cy5002wx7189ikpnahs,Cultura peruana celebra el Día Internacional de la Lengua Materna,https://www.radionacional.gob.pe/cultura/cultura-peruana-celebra-el-dia-internacional-de-la-lengua-materna#1759812781900-igh36ygvm,"Diversas actividades culturales se realizan en todo el país para conmemorar el Día Internacional de la Lengua Materna, destacando la importancia de preservar las lenguas originarias del Perú.",,Radio Nacional del Perú,2025-10-07T04:53:01.901Z,cmgg1fs0b0000112g1dwxzwzw,Actualidad,#3B82F6
cmgg33cy3002ux718rencpi0c,Gobierno anuncia nuevas medidas económicas para reactivar el país,https://www.radionacional.gob.pe/economia/gobierno-anuncia-nuevas-medidas-economicas-para-reactivar-el-pais#1759812781899-jom1m40r5,"El Ministerio de Economía y Finanzas presentó un paquete de medidas destinadas a impulsar la reactivación económica del país, incluyendo incentivos fiscales y programas de apoyo a las pequeñas empresas.",,Radio Nacional del Perú,2025-10-07T04:53:01.899Z,cmgg1fs0c0002112gtz9dd9xz,Economía,#059669
cmgg31qbb0028x718so08yzoe,"Miguel Ángel Russo, entrenador de Boca Juniors, en grave estado de salud",https://rpp.pe/deportes/futbol/miguel-angel-russo-entrenador-de-boca-juniors-en-grave-estado-de-salud-noticia-123460#1759812705911-2zzuhwtox,"El entrenador de Boca Juniors, Miguel Ángel Russo, se encuentra en grave estado de salud y fue internado en un centro médico. El club emitió un comunicado informando sobre su situación.",,RPP Noticias,2025-10-07T04:51:45.912Z,cmgg1fs0f0007112gev7odmxo,Salud,#10B981
cmgg31qbb0026x718fob26izh,Crisis sanitaria en Brasil: lo que se sabe de la intoxicación masiva por metanol,https://rpp.pe/mundo/latinoamerica/crisis-sanitaria-en-brasil-lo-que-se-sabe-de-la-intoxicacion-masiva-por-metanol-noticia-123459#1759812705911-mgj41m5ip,Las autoridades brasileñas investigan una intoxicación masiva por metanol que ha causado muertes y la caída del consumo de alcohol en el país. Se han reportado varios casos en diferentes estados.,,RPP Noticias,2025-10-07T04:51:45.911Z,cmgg1fs0c0003112g7epw4vrz,Deportes,#F59E0B
cmgg31qb90020x7180snr2oka,Dirigentes transportistas acuerdan no continuar con el paro tras reunión con ministros,https://rpp.pe/politica/actualidad/dirigentes-transportistas-acuerdan-no-continuar-con-el-paro-tras-reunion-con-ministros-noticia-123456#1759812705909-90e62njc7,"Los representantes del sector sostuvieron una reunión con el jefe del Gabinete Ministerial, Eduardo Arana, y otros ministros en la que acordaron, entre otros puntos, la instalación de una mesa de trabajo.",,RPP Noticias,2025-10-07T04:51:45.910Z,cmgg1fs0b0001112g2lb2odtv,Política,#DC2626
cmgg31qba0022x718xg8g44lt,Con caras nuevas: Selección Peruana empezó sus entrenamientos pensando en duelo ante Chile,https://rpp.pe/deportes/futbol/con-caras-nuevas-seleccion-peruana-empezo-sus-entrenamientos-pensando-en-duelo-ante-chile-noticia-123457#1759812705910-sowqdkb3w,"Con la presencia de 20 futbolistas, la Selección Peruana empezó sus entrenamientos en La Videna FPF con miras al partido amistoso ante Chile. Felipe Chávez de Bayern Munich dijo presente.",,RPP Noticias,2025-10-07T04:51:45.910Z,cmgg1fs0c0003112g7epw4vrz,Deportes,#F59E0B
cmgg31qb7001ux718wbhsvycv,Educación: Nuevas tecnologías llegan a escuelas rurales,https://www.radionacional.gob.pe/educacion/nuevas-tecnologias-llegan-a-escuelas-rurales#1759812705907-1cvfp8kju,"El Ministerio de Educación implementa programas de tecnología educativa en escuelas rurales, llevando internet y equipos informáticos a comunidades alejadas para mejorar la calidad educativa.",,Radio Nacional del Perú,2025-10-07T04:51:45.908Z,cmgg1fs0f0008112gsse5oyp2,Sociedad,#F97316
cmgg31qb8001wx718upxrepbf,Medio ambiente: Proyecto de conservación en la Amazonía peruana,https://www.radionacional.gob.pe/medio-ambiente/proyecto-de-conservacion-en-la-amazonia-peruana#1759812705908-7csbx3gjg,Se lanza un nuevo proyecto de conservación en la Amazonía peruana que busca proteger la biodiversidad y promover el desarrollo sostenible en las comunidades locales.,,Radio Nacional del Perú,2025-10-07T04:51:45.908Z,cmgg1fs0g000a112g93a1z2i9,Medio Ambiente,#22C55E
cmgg31qb6001qx718piv4gela,Cultura peruana celebra el Día Internacional de la Lengua Materna,https://www.radionacional.gob.pe/cultura/cultura-peruana-celebra-el-dia-internacional-de-la-lengua-materna#1759812705906-5kxy9t33k,"Diversas actividades culturales se realizan en todo el país para conmemorar el Día Internacional de la Lengua Materna, destacando la importancia de preservar las lenguas originarias del Perú.",,Radio Nacional del Perú,2025-10-07T04:51:45.907Z,cmgg1fs0b0000112g1dwxzwzw,Actualidad,#3B82F6
cmgg31qb7001sx718qcvnczjv,Ministerio de Salud reporta avances en campaña de vacunación,https://www.radionacional.gob.pe/salud/ministerio-de-salud-reporta-avances-en-campana-de-vacunacion#1759812705907-dml06e4eg,"El Ministerio de Salud informó sobre los avances en la campaña de vacunación contra diversas enfermedades, alcanzando importantes coberturas en las regiones más vulnerables del país.",,Radio Nacional del Perú,2025-10-07T04:51:45.907Z,cmgg1fs0f0007112gev7odmxo,Salud,#10B981
cmgg31qb6001ox71897mn858i,Gobierno anuncia nuevas medidas económicas para reactivar el país,https://www.radionacional.gob.pe/economia/gobierno-anuncia-nuevas-medidas-economicas-para-reactivar-el-pais#1759812705906-56lfispja,"El Ministerio de Economía y Finanzas presentó un paquete de medidas destinadas a impulsar la reactivación económica del país, incluyendo incentivos fiscales y programas de apoyo a las pequeñas empresas.",,Radio Nacional del Perú,2025-10-07T04:51:45.906Z,cmgg1fs0c0002112gtz9dd9xz,Economía,#059669
cmgg2tr5k001bx718yl69uri9,Crisis sanitaria en Brasil: lo que se sabe de la intoxicación masiva por metanol,https://rpp.pe/mundo/latinoamerica/crisis-sanitaria-en-brasil-lo-que-se-sabe-de-la-intoxicacion-masiva-por-metanol-noticia-123459#1759812333752-fyze6lcob,Las autoridades brasileñas investigan una intoxicación masiva por metanol que ha causado muertes y la caída del consumo de alcohol en el país. Se han reportado varios casos en diferentes estados.,,RPP Noticias,2025-10-07T04:45:33.753Z,cmgg1fs0c0003112g7epw4vrz,Deportes,#F59E0B
cmgg2tr5l001dx718kxt76hqm,"Miguel Ángel Russo, entrenador de Boca Juniors, en grave estado de salud",https://rpp.pe/deportes/futbol/miguel-angel-russo-entrenador-de-boca-juniors-en-grave-estado-de-salud-noticia-123460#1759812333752-bfx2uxbzh,"El entrenador de Boca Juniors, Miguel Ángel Russo, se encuentra en grave estado de salud y fue internado en un centro médico. El club emitió un comunicado informando sobre su situación.",,RPP Noticias,2025-10-07T04:45:33.753Z,cmgg1fs0f0007112gev7odmxo,Salud,#10B981
cmgg2tr5j0017x7180lxswaeg,Con caras nuevas: Selección Peruana empezó sus entrenamientos pensando en duelo ante Chile,https://rpp.pe/deportes/futbol/con-caras-nuevas-seleccion-peruana-empezo-sus-entrenamientos-pensando-en-duelo-ante-chile-noticia-123457#1759812333751-h9jzqogdx,"Con la presencia de 20 futbolistas, la Selección Peruana empezó sus entrenamientos en La Videna FPF con miras al partido amistoso ante Chile. Felipe Chávez de Bayern Munich dijo presente.",,RPP Noticias,2025-10-07T04:45:33.752Z,cmgg1fs0c0003112g7epw4vrz,Deportes,#F59E0B
cmgg2tr5j0015x7184vi5izym,Dirigentes transportistas acuerdan no continuar con el paro tras reunión con ministros,https://rpp.pe/politica/actualidad/dirigentes-transportistas-acuerdan-no-continuar-con-el-paro-tras-reunion-con-ministros-noticia-123456#1759812333751-uou129tp4,"Los representantes del sector sostuvieron una reunión con el jefe del Gabinete Ministerial, Eduardo Arana, y otros ministros en la que acordaron, entre otros puntos, la instalación de una mesa de trabajo.",,RPP Noticias,2025-10-07T04:45:33.751Z,cmgg1fs0b0001112g2lb2odtv,Política,#DC2626
cmgg2tr5h0011x718a4yeu5nb,Medio ambiente: Proyecto de conservación en la Amazonía peruana,https://www.radionacional.gob.pe/medio-ambiente/proyecto-de-conservacion-en-la-amazonia-peruana#1759812333749-coa8s7va0,Se lanza un nuevo proyecto de conservación en la Amazonía peruana que busca proteger la biodiversidad y promover el desarrollo sostenible en las comunidades locales.,,Radio Nacional del Perú,2025-10-07T04:45:33.750Z,cmgg1fs0g000a112g93a1z2i9,Medio Ambiente,#22C55E
cmgg2tr5g000xx718vxv8uehf,Ministerio de Salud reporta avances en campaña de vacunación,https://www.radionacional.gob.pe/salud/ministerio-de-salud-reporta-avances-en-campana-de-vacunacion#1759812333748-q0u9cf9pf,"El Ministerio de Salud informó sobre los avances en la campaña de vacunación contra diversas enfermedades, alcanzando importantes coberturas en las regiones más vulnerables del país.",,Radio Nacional del Perú,2025-10-07T04:45:33.749Z,cmgg1fs0f0007112gev7odmxo,Salud,#10B981
cmgg2tr5h000zx718q02a17a6,Educación: Nuevas tecnologías llegan a escuelas rurales,https://www.radionacional.gob.pe/educacion/nuevas-tecnologias-llegan-a-escuelas-rurales#1759812333749-z7mevm4ya,"El Ministerio de Educación implementa programas de tecnología educativa en escuelas rurales, llevando internet y equipos informáticos a comunidades alejadas para mejorar la calidad educativa.",,Radio Nacional del Perú,2025-10-07T04:45:33.749Z,cmgg1fs0f0008112gsse5oyp2,Sociedad,#F97316
cmgg2tr5g000vx71843xjzjqu,Cultura peruana celebra el Día Internacional de la Lengua Materna,https://www.radionacional.gob.pe/cultura/cultura-peruana-celebra-el-dia-internacional-de-la-lengua-materna#1759812333748-jeil54cuf,"Diversas actividades culturales se realizan en todo el país para conmemorar el Día Internacional de la Lengua Materna, destacando la importancia de preservar las lenguas originarias del Perú.",,Radio Nacional del Perú,2025-10-07T04:45:33.748Z,cmgg1fs0b0000112g1dwxzwzw,Actualidad,#3B82F6
cmgg2tr5f000tx718vk1pxz4k,Gobierno anuncia nuevas medidas económicas para reactivar el país,https://www.radionacional.gob.pe/economia/gobierno-anuncia-nuevas-medidas-economicas-para-reactivar-el-pais#1759812333747-i7btw7hp9,"El Ministerio de Economía y Finanzas presentó un paquete de medidas destinadas a impulsar la reactivación económica del país, incluyendo incentivos fiscales y programas de apoyo a las pequeñas empresas.",,Radio Nacional del Perú,2025-10-07T04:45:33.747Z,cmgg1fs0c0002112gtz9dd9xz,Economía,#059669
cmgg2nywq000lx718h37hotyr,Crisis sanitaria en Brasil: lo que se sabe de la intoxicación masiva por metanol,https://rpp.pe/mundo/latinoamerica/crisis-sanitaria-en-brasil-lo-que-se-sabe-de-la-intoxicacion-masiva-por-metanol-noticia-123459#1759812063866-pqv5qt2bg,Las autoridades brasileñas investigan una intoxicación masiva por metanol que ha causado muertes y la caída del consumo de alcohol en el país. Se han reportado varios casos en diferentes estados.,,RPP Noticias,2025-10-07T04:41:03.867Z,cmgg1fs0c0003112g7epw4vrz,Deportes,#F59E0B
cmgg2nywr000nx718me0j5zmg,"Miguel Ángel Russo, entrenador de Boca Juniors, en grave estado de salud",https://rpp.pe/deportes/futbol/miguel-angel-russo-entrenador-de-boca-juniors-en-grave-estado-de-salud-noticia-123460#1759812063867-7stuclupk,"El entrenador de Boca Juniors, Miguel Ángel Russo, se encuentra en grave estado de salud y fue internado en un centro médico. El club emitió un comunicado informando sobre su situación.",,RPP Noticias,2025-10-07T04:41:03.867Z,cmgg1fs0f0007112gev7odmxo,Salud,#10B981
cmgg2nywp000fx718sepcawkm,Dirigentes transportistas acuerdan no continuar con el paro tras reunión con ministros,https://rpp.pe/politica/actualidad/dirigentes-transportistas-acuerdan-no-continuar-con-el-paro-tras-reunion-con-ministros-noticia-123456#1759812063865-xls5pjy8a,"Los representantes del sector sostuvieron una reunión con el jefe del Gabinete Ministerial, Eduardo Arana, y otros ministros en la que acordaron, entre otros puntos, la instalación de una mesa de trabajo.",,RPP Noticias,2025-10-07T04:41:03.866Z,cmgg1fs0b0001112g2lb2odtv,Política,#DC2626
cmgg2nywq000hx7181irw5b05,Con caras nuevas: Selección Peruana empezó sus entrenamientos pensando en duelo ante Chile,https://rpp.pe/deportes/futbol/con-caras-nuevas-seleccion-peruana-empezo-sus-entrenamientos-pensando-en-duelo-ante-chile-noticia-123457#1759812063866-x1lid0zrf,"Con la presencia de 20 futbolistas, la Selección Peruana empezó sus entrenamientos en La Videna FPF con miras al partido amistoso ante Chile. Felipe Chávez de Bayern Munich dijo presente.",,RPP Noticias,2025-10-07T04:41:03.866Z,cmgg1fs0c0003112g7epw4vrz,Deportes,#F59E0B
cmgg2nywm0007x71865sn99de,Ministerio de Salud reporta avances en campaña de vacunación,https://www.radionacional.gob.pe/salud/ministerio-de-salud-reporta-avances-en-campana-de-vacunacion#1759812063862-me1ea7g2t,"El Ministerio de Salud informó sobre los avances en la campaña de vacunación contra diversas enfermedades, alcanzando importantes coberturas en las regiones más vulnerables del país.",,Radio Nacional del Perú,2025-10-07T04:41:03.863Z,cmgg1fs0f0007112gev7odmxo,Salud,#10B981
cmgg2nywn0009x71822g4p4jf,Educación: Nuevas tecnologías llegan a escuelas rurales,https://www.radionacional.gob.pe/educacion/nuevas-tecnologias-llegan-a-escuelas-rurales#1759812063863-72ytbrvfq,"El Ministerio de Educación implementa programas de tecnología educativa en escuelas rurales, llevando internet y equipos informáticos a comunidades alejadas para mejorar la calidad educativa.",,Radio Nacional del Perú,2025-10-07T04:41:03.863Z,cmgg1fs0f0008112gsse5oyp2,Sociedad,#F97316
cmgg2nywn000bx718rapujz6t,Medio ambiente: Proyecto de conservación en la Amazonía peruana,https://www.radionacional.gob.pe/medio-ambiente/proyecto-de-conservacion-en-la-amazonia-peruana#1759812063863-g94e9hx5g,Se lanza un nuevo proyecto de conservación en la Amazonía peruana que busca proteger la biodiversidad y promover el desarrollo sostenible en las comunidades locales.,,Radio Nacional del Perú,2025-10-07T04:41:03.863Z,cmgg1fs0g000a112g93a1z2i9,Medio Ambiente,#22C55E
cmgg2nywm0005x718gglob40a,Cultura peruana celebra el Día Internacional de la Lengua Materna,https://www.radionacional.gob.pe/cultura/cultura-peruana-celebra-el-dia-internacional-de-la-lengua-materna#1759812063862-i7cm3nzqj,"Diversas actividades culturales se realizan en todo el país para conmemorar el Día Internacional de la Lengua Materna, destacando la importancia de preservar las lenguas originarias del Perú.",,Radio Nacional del Perú,2025-10-07T04:41:03.862Z,cmgg1fs0b0000112g1dwxzwzw,Actualidad,#3B82F6
cmgg2nywj0003x71858p4b1js,Gobierno anuncia nuevas medidas económicas para reactivar el país,https://www.radionacional.gob.pe/economia/gobierno-anuncia-nuevas-medidas-economicas-para-reactivar-el-pais#1759812063859-90if4dmw2,"El Ministerio de Economía y Finanzas presentó un paquete de medidas destinadas a impulsar la reactivación económica del país, incluyendo incentivos fiscales y programas de apoyo a las pequeñas empresas.",,Radio Nacional del Perú,2025-10-07T04:41:03.860Z,cmgg1fs0c0002112gtz9dd9xz,Economía,#059669
cmgg1sfwu00jv8u89kr9x9jcs,Medio ambiente: Proyecto de conservación en la Amazonía peruana,https://www.radionacional.gob.pe/medio-ambiente/proyecto-de-conservacion-en-la-amazonia-peruana#1759810592910-zqmjl8opg,Se lanza un nuevo proyecto de conservación en la Amazonía peruana que busca proteger la biodiversidad y promover el desarrollo sostenible en las comunidades locales.,,Radio Nacional del Perú,2025-10-07T04:16:32.911Z,cmgg1fs0g000a112g93a1z2i9,Medio Ambiente,#22C55E
cmgg1sfwu00jt8u89hxd6dlw1,Educación: Nuevas tecnologías llegan a escuelas rurales,https://www.radionacional.gob.pe/educacion/nuevas-tecnologias-llegan-a-escuelas-rurales#1759810592909-88qi4drf0,"El Ministerio de Educación implementa programas de tecnología educativa en escuelas rurales, llevando internet y equipos informáticos a comunidades alejadas para mejorar la calidad educativa.",,Radio Nacional del Perú,2025-10-07T04:16:32.910Z,cmgg1fs0f0008112gsse5oyp2,Sociedad,#F97316
cmgg1sfws00jp8u891lag6gkp,Cultura peruana celebra el Día Internacional de la Lengua Materna,https://www.radionacional.gob.pe/cultura/cultura-peruana-celebra-el-dia-internacional-de-la-lengua-materna#1759810592908-byymbwuur,"Diversas actividades culturales se realizan en todo el país para conmemorar el Día Internacional de la Lengua Materna, destacando la importancia de preservar las lenguas originarias del Perú.",,Radio Nacional del Perú,2025-10-07T04:16:32.909Z,cmgg1fs0b0000112g1dwxzwzw,Actualidad,#3B82F6
cmgg1sfwt00jr8u89yvooh44p,Ministerio de Salud reporta avances en campaña de vacunación,https://www.radionacional.gob.pe/salud/ministerio-de-salud-reporta-avances-en-campana-de-vacunacion#1759810592909-ow7yzucpc,"El Ministerio de Salud informó sobre los avances en la campaña de vacunación contra diversas enfermedades, alcanzando importantes coberturas en las regiones más vulnerables del país.",,Radio Nacional del Perú,2025-10-07T04:16:32.909Z,cmgg1fs0f0007112gev7odmxo,Salud,#10B981
cmgg1sfwr00jn8u89djs8k8uo,Gobierno anuncia nuevas medidas económicas para reactivar el país,https://www.radionacional.gob.pe/economia/gobierno-anuncia-nuevas-medidas-economicas-para-reactivar-el-pais#1759810592907-7h8u5xzfz,"El Ministerio de Economía y Finanzas presentó un paquete de medidas destinadas a impulsar la reactivación económica del país, incluyendo incentivos fiscales y programas de apoyo a las pequeñas empresas.",,Radio Nacional del Perú,2025-10-07T04:16:32.908Z,cmgg1fs0c0002112gtz9dd9xz,Economía,#059669
cmgg1sa2e00j78u89ls53d63a,"Miguel Ángel Russo, entrenador de Boca Juniors, en grave estado de salud",https://rpp.pe/deportes/futbol/miguel-angel-russo-entrenador-de-boca-juniors-en-grave-estado-de-salud-noticia-123460#1759810585334-424rlj2ng,"El entrenador de Boca Juniors, Miguel Ángel Russo, se encuentra en grave estado de salud y fue internado en un centro médico. El club emitió un comunicado informando sobre su situación.",,RPP Noticias,2025-10-07T04:16:25.334Z,cmgg1fs0f0007112gev7odmxo,Salud,#10B981
cmgg1sa2d00j58u89gyb1tnwl,Crisis sanitaria en Brasil: lo que se sabe de la intoxicación masiva por metanol,https://rpp.pe/mundo/latinoamerica/crisis-sanitaria-en-brasil-lo-que-se-sabe-de-la-intoxicacion-masiva-por-metanol-noticia-123459#1759810585333-8fsdb2yfi,Las autoridades brasileñas investigan una intoxicación masiva por metanol que ha causado muertes y la caída del consumo de alcohol en el país. Se han reportado varios casos en diferentes estados.,,RPP Noticias,2025-10-07T04:16:25.333Z,cmgg1fs0c0003112g7epw4vrz,Deportes,#F59E0B
cmgg1sa2c00j18u89ngkldy0z,Con caras nuevas: Selección Peruana empezó sus entrenamientos pensando en duelo ante Chile,https://rpp.pe/deportes/futbol/con-caras-nuevas-seleccion-peruana-empezo-sus-entrenamientos-pensando-en-duelo-ante-chile-noticia-123457#1759810585331-o6p5utvel,"Con la presencia de 20 futbolistas, la Selección Peruana empezó sus entrenamientos en La Videna FPF con miras al partido amistoso ante Chile. Felipe Chávez de Bayern Munich dijo presente.",,RPP Noticias,2025-10-07T04:16:25.332Z,cmgg1fs0c0003112g7epw4vrz,Deportes,#F59E0B
cmgg1sa2b00iz8u89csebey6e,Dirigentes transportistas acuerdan no continuar con el paro tras reunión con ministros,https://rpp.pe/politica/actualidad/dirigentes-transportistas-acuerdan-no-continuar-con-el-paro-tras-reunion-con-ministros-noticia-123456#1759810585331-nyucb9bfs,"Los representantes del sector sostuvieron una reunión con el jefe del Gabinete Ministerial, Eduardo Arana, y otros ministros en la que acordaron, entre otros puntos, la instalación de una mesa de trabajo.",,RPP Noticias,2025-10-07T04:16:25.331Z,cmgg1fs0b0001112g2lb2odtv,Política,#DC2626
cmgg1sa2700it8u89dhn2uhk3,Educación: Nuevas tecnologías llegan a escuelas rurales,https://www.radionacional.gob.pe/educacion/nuevas-tecnologias-llegan-a-escuelas-rurales#1759810585327-c81kr4lc7,"El Ministerio de Educación implementa programas de tecnología educativa en escuelas rurales, llevando internet y equipos informáticos a comunidades alejadas para mejorar la calidad educativa.",,Radio Nacional del Perú,2025-10-07T04:16:25.328Z,cmgg1fs0f0008112gsse5oyp2,Sociedad,#F97316
cmgg1sa2800iv8u890i9yaci4,Medio ambiente: Proyecto de conservación en la Amazonía peruana,https://www.radionacional.gob.pe/medio-ambiente/proyecto-de-conservacion-en-la-amazonia-peruana#1759810585328-nd3d72w4m,Se lanza un nuevo proyecto de conservación en la Amazonía peruana que busca proteger la biodiversidad y promover el desarrollo sostenible en las comunidades locales.,,Radio Nacional del Perú,2025-10-07T04:16:25.328Z,cmgg1fs0g000a112g93a1z2i9,Medio Ambiente,#22C55E
cmgg1sa2600ir8u89szrixyn2,Ministerio de Salud reporta avances en campaña de vacunación,https://www.radionacional.gob.pe/salud/ministerio-de-salud-reporta-avances-en-campana-de-vacunacion#1759810585326-an3wa4tjo,"El Ministerio de Salud informó sobre los avances en la campaña de vacunación contra diversas enfermedades, alcanzando importantes coberturas en las regiones más vulnerables del país.",,Radio Nacional del Perú,2025-10-07T04:16:25.327Z,cmgg1fs0f0007112gev7odmxo,Salud,#10B981
cmgg1sa2500ip8u896aylbesr,Cultura peruana celebra el Día Internacional de la Lengua Materna,https://www.radionacional.gob.pe/cultura/cultura-peruana-celebra-el-dia-internacional-de-la-lengua-materna#1759810585325-pxmtj21tl,"Diversas actividades culturales se realizan en todo el país para conmemorar el Día Internacional de la Lengua Materna, destacando la importancia de preservar las lenguas originarias del Perú.",,Radio Nacional del Perú,2025-10-07T04:16:25.326Z,cmgg1fs0b0000112g1dwxzwzw,Actualidad,#3B82F6
cmgg1sa2400in8u89fl535ziz,Gobierno anuncia nuevas medidas económicas para reactivar el país,https://www.radionacional.gob.pe/economia/gobierno-anuncia-nuevas-medidas-economicas-para-reactivar-el-pais#1759810585324-qjyrgjhox,"El Ministerio de Economía y Finanzas presentó un paquete de medidas destinadas a impulsar la reactivación económica del país, incluyendo incentivos fiscales y programas de apoyo a las pequeñas empresas.",,Radio Nacional del Perú,2025-10-07T04:16:25.325Z,cmgg1fs0c0002112gtz9dd9xz,Economía,#059669
cmgg1s75o00i78u890o0o6pi7,"Miguel Ángel Russo, entrenador de Boca Juniors, en grave estado de salud",https://rpp.pe/deportes/futbol/miguel-angel-russo-entrenador-de-boca-juniors-en-grave-estado-de-salud-noticia-123460#1759810581564-pycqsrb00,"El entrenador de Boca Juniors, Miguel Ángel Russo, se encuentra en grave estado de salud y fue internado en un centro médico. El club emitió un comunicado informando sobre su situación.",,RPP Noticias,2025-10-07T04:16:21.565Z,cmgg1fs0f0007112gev7odmxo,Salud,#10B981
cmgg1s75o00i58u89v2o55aj0,Crisis sanitaria en Brasil: lo que se sabe de la intoxicación masiva por metanol,https://rpp.pe/mundo/latinoamerica/crisis-sanitaria-en-brasil-lo-que-se-sabe-de-la-intoxicacion-masiva-por-metanol-noticia-123459#1759810581564-k8f6ik9b2,Las autoridades brasileñas investigan una intoxicación masiva por metanol que ha causado muertes y la caída del consumo de alcohol en el país. Se han reportado varios casos en diferentes estados.,,RPP Noticias,2025-10-07T04:16:21.564Z,cmgg1fs0c0003112g7epw4vrz,Deportes,#F59E0B
cmgg1s75n00i18u893ifgin2x,Con caras nuevas: Selección Peruana empezó sus entrenamientos pensando en duelo ante Chile,https://rpp.pe/deportes/futbol/con-caras-nuevas-seleccion-peruana-empezo-sus-entrenamientos-pensando-en-duelo-ante-chile-noticia-123457#1759810581562-buae98epd,"Con la presencia de 20 futbolistas, la Selección Peruana empezó sus entrenamientos en La Videna FPF con miras al partido amistoso ante Chile. Felipe Chávez de Bayern Munich dijo presente.",,RPP Noticias,2025-10-07T04:16:21.563Z,cmgg1fs0c0003112g7epw4vrz,Deportes,#F59E0B
cmgg1s75m00hz8u899mks7ut8,Dirigentes transportistas acuerdan no continuar con el paro tras reunión con ministros,https://rpp.pe/politica/actualidad/dirigentes-transportistas-acuerdan-no-continuar-con-el-paro-tras-reunion-con-ministros-noticia-123456#1759810581562-x9cydt3ha,"Los representantes del sector sostuvieron una reunión con el jefe del Gabinete Ministerial, Eduardo Arana, y otros ministros en la que acordaron, entre otros puntos, la instalación de una mesa de trabajo.",,RPP Noticias,2025-10-07T04:16:21.562Z,cmgg1fs0b0001112g2lb2odtv,Política,#DC2626
cmgg1s75j00ht8u89nqdw33vc,Educación: Nuevas tecnologías llegan a escuelas rurales,https://www.radionacional.gob.pe/educacion/nuevas-tecnologias-llegan-a-escuelas-rurales#1759810581559-77wvvokba,"El Ministerio de Educación implementa programas de tecnología educativa en escuelas rurales, llevando internet y equipos informáticos a comunidades alejadas para mejorar la calidad educativa.",,Radio Nacional del Perú,2025-10-07T04:16:21.560Z,cmgg1fs0f0008112gsse5oyp2,Sociedad,#F97316
cmgg1s75k00hv8u89o5d8xbaw,Medio ambiente: Proyecto de conservación en la Amazonía peruana,https://www.radionacional.gob.pe/medio-ambiente/proyecto-de-conservacion-en-la-amazonia-peruana#1759810581560-14qgt6maj,Se lanza un nuevo proyecto de conservación en la Amazonía peruana que busca proteger la biodiversidad y promover el desarrollo sostenible en las comunidades locales.,,Radio Nacional del Perú,2025-10-07T04:16:21.560Z,cmgg1fs0g000a112g93a1z2i9,Medio Ambiente,#22C55E
cmgg1s75i00hr8u89o7fm8uqj,Ministerio de Salud reporta avances en campaña de vacunación,https://www.radionacional.gob.pe/salud/ministerio-de-salud-reporta-avances-en-campana-de-vacunacion#1759810581558-fksaf7rtp,"El Ministerio de Salud informó sobre los avances en la campaña de vacunación contra diversas enfermedades, alcanzando importantes coberturas en las regiones más vulnerables del país.",,Radio Nacional del Perú,2025-10-07T04:16:21.559Z,cmgg1fs0f0007112gev7odmxo,Salud,#10B981
cmgg1s75h00hp8u897m4t66mg,Cultura peruana celebra el Día Internacional de la Lengua Materna,https://www.radionacional.gob.pe/cultura/cultura-peruana-celebra-el-dia-internacional-de-la-lengua-materna#1759810581557-kwraw7w9e,"Diversas actividades culturales se realizan en todo el país para conmemorar el Día Internacional de la Lengua Materna, destacando la importancia de preservar las lenguas originarias del Perú.",,Radio Nacional del Perú,2025-10-07T04:16:21.558Z,cmgg1fs0b0000112g1dwxzwzw,Actualidad,#3B82F6
cmgg1s75g00hn8u89m2l08no7,Gobierno anuncia nuevas medidas económicas para reactivar el país,https://www.radionacional.gob.pe/economia/gobierno-anuncia-nuevas-medidas-economicas-para-reactivar-el-pais#1759810581556-ho38sjibf,"El Ministerio de Economía y Finanzas presentó un paquete de medidas destinadas a impulsar la reactivación económica del país, incluyendo incentivos fiscales y programas de apoyo a las pequeñas empresas.",,Radio Nacional del Perú,2025-10-07T04:16:21.557Z,cmgg1fs0c0002112gtz9dd9xz,Economía,#059669
cmgg1rqv900h58u89yjrc5sjq,Crisis sanitaria en Brasil: lo que se sabe de la intoxicación masiva por metanol,https://rpp.pe/mundo/latinoamerica/crisis-sanitaria-en-brasil-lo-que-se-sabe-de-la-intoxicacion-masiva-por-metanol-noticia-123459#1759810560453-x0k621w08,Las autoridades brasileñas investigan una intoxicación masiva por metanol que ha causado muertes y la caída del consumo de alcohol en el país. Se han reportado varios casos en diferentes estados.,,RPP Noticias,2025-10-07T04:16:00.453Z,cmgg1fs0c0003112g7epw4vrz,Deportes,#F59E0B
cmgg1rqv900h78u8919oh8qe4,"Miguel Ángel Russo, entrenador de Boca Juniors, en grave estado de salud",https://rpp.pe/deportes/futbol/miguel-angel-russo-entrenador-de-boca-juniors-en-grave-estado-de-salud-noticia-123460#1759810560453-40jxrz6k7,"El entrenador de Boca Juniors, Miguel Ángel Russo, se encuentra en grave estado de salud y fue internado en un centro médico. El club emitió un comunicado informando sobre su situación.",,RPP Noticias,2025-10-07T04:16:00.453Z,cmgg1fs0f0007112gev7odmxo,Salud,#10B981
cmgg1rqv800gz8u895xmf2bg8,Dirigentes transportistas acuerdan no continuar con el paro tras reunión con ministros,https://rpp.pe/politica/actualidad/dirigentes-transportistas-acuerdan-no-continuar-con-el-paro-tras-reunion-con-ministros-noticia-123456#1759810560451-byd8smoh8,"Los representantes del sector sostuvieron una reunión con el jefe del Gabinete Ministerial, Eduardo Arana, y otros ministros en la que acordaron, entre otros puntos, la instalación de una mesa de trabajo.",,RPP Noticias,2025-10-07T04:16:00.452Z,cmgg1fs0b0001112g2lb2odtv,Política,#DC2626
cmgg1rqv800h18u8918qlkgdc,Con caras nuevas: Selección Peruana empezó sus entrenamientos pensando en duelo ante Chile,https://rpp.pe/deportes/futbol/con-caras-nuevas-seleccion-peruana-empezo-sus-entrenamientos-pensando-en-duelo-ante-chile-noticia-123457#1759810560452-zqpznte9r,"Con la presencia de 20 futbolistas, la Selección Peruana empezó sus entrenamientos en La Videna FPF con miras al partido amistoso ante Chile. Felipe Chávez de Bayern Munich dijo presente.",,RPP Noticias,2025-10-07T04:16:00.452Z,cmgg1fs0c0003112g7epw4vrz,Deportes,#F59E0B
cmgg1rqv600gt8u89lzk96mir,Educación: Nuevas tecnologías llegan a escuelas rurales,https://www.radionacional.gob.pe/educacion/nuevas-tecnologias-llegan-a-escuelas-rurales#1759810560450-g2in5qr3m,"El Ministerio de Educación implementa programas de tecnología educativa en escuelas rurales, llevando internet y equipos informáticos a comunidades alejadas para mejorar la calidad educativa.",,Radio Nacional del Perú,2025-10-07T04:16:00.451Z,cmgg1fs0f0008112gsse5oyp2,Sociedad,#F97316
cmgg1rqv600gv8u89tr096fdd,Medio ambiente: Proyecto de conservación en la Amazonía peruana,https://www.radionacional.gob.pe/medio-ambiente/proyecto-de-conservacion-en-la-amazonia-peruana#1759810560450-pgis0scb3,Se lanza un nuevo proyecto de conservación en la Amazonía peruana que busca proteger la biodiversidad y promover el desarrollo sostenible en las comunidades locales.,,Radio Nacional del Perú,2025-10-07T04:16:00.451Z,cmgg1fs0g000a112g93a1z2i9,Medio Ambiente,#22C55E
cmgg1rqv500gp8u89ytoguvga,Cultura peruana celebra el Día Internacional de la Lengua Materna,https://www.radionacional.gob.pe/cultura/cultura-peruana-celebra-el-dia-internacional-de-la-lengua-materna#1759810560449-qydbh7qdr,"Diversas actividades culturales se realizan en todo el país para conmemorar el Día Internacional de la Lengua Materna, destacando la importancia de preservar las lenguas originarias del Perú.",,Radio Nacional del Perú,2025-10-07T04:16:00.450Z,cmgg1fs0b0000112g1dwxzwzw,Actualidad,#3B82F6
cmgg1rqv600gr8u89lb2q73cl,Ministerio de Salud reporta avances en campaña de vacunación,https://www.radionacional.gob.pe/salud/ministerio-de-salud-reporta-avances-en-campana-de-vacunacion#1759810560450-bt0j4qex7,"El Ministerio de Salud informó sobre los avances en la campaña de vacunación contra diversas enfermedades, alcanzando importantes coberturas en las regiones más vulnerables del país.",,Radio Nacional del Perú,2025-10-07T04:16:00.450Z,cmgg1fs0f0007112gev7odmxo,Salud,#10B981
cmgg1rqv500gn8u89ukdg4jjw,Gobierno anuncia nuevas medidas económicas para reactivar el país,https://www.radionacional.gob.pe/economia/gobierno-anuncia-nuevas-medidas-economicas-para-reactivar-el-pais#1759810560449-jpjmhk6ho,"El Ministerio de Economía y Finanzas presentó un paquete de medidas destinadas a impulsar la reactivación económica del país, incluyendo incentivos fiscales y programas de apoyo a las pequeñas empresas.",,Radio Nacional del Perú,2025-10-07T04:16:00.449Z,cmgg1fs0c0002112gtz9dd9xz,Economía,#059669
cmgg1j1uj00g58u89933rcud9,Educación: Nuevas tecnologías llegan a escuelas rurales,https://www.radionacional.gob.pe/educacion/nuevas-tecnologias-llegan-a-escuelas-rurales#1759810154779-ib56qi5px,"El Ministerio de Educación implementa programas de tecnología educativa en escuelas rurales, llevando internet y equipos informáticos a comunidades alejadas para mejorar la calidad educativa.",,Radio Nacional del Perú,2025-10-07T04:09:14.780Z,cmgg1fs0f0008112gsse5oyp2,Sociedad,#F97316
cmgg1j1uk00g78u899uigq70l,Medio ambiente: Proyecto de conservación en la Amazonía peruana,https://www.radionacional.gob.pe/medio-ambiente/proyecto-de-conservacion-en-la-amazonia-peruana#1759810154780-f05zf28ln,Se lanza un nuevo proyecto de conservación en la Amazonía peruana que busca proteger la biodiversidad y promover el desarrollo sostenible en las comunidades locales.,,Radio Nacional del Perú,2025-10-07T04:09:14.780Z,cmgg1fs0g000a112g93a1z2i9,Medio Ambiente,#22C55E
cmgg1j1ui00g38u89hacva68f,Ministerio de Salud reporta avances en campaña de vacunación,https://www.radionacional.gob.pe/salud/ministerio-de-salud-reporta-avances-en-campana-de-vacunacion#1759810154778-v4qlylao2,"El Ministerio de Salud informó sobre los avances en la campaña de vacunación contra diversas enfermedades, alcanzando importantes coberturas en las regiones más vulnerables del país.",,Radio Nacional del Perú,2025-10-07T04:09:14.779Z,cmgg1fs0f0007112gev7odmxo,Salud,#10B981
cmgg1j1uh00fz8u8902ubrnsk,Gobierno anuncia nuevas medidas económicas para reactivar el país,https://www.radionacional.gob.pe/economia/gobierno-anuncia-nuevas-medidas-economicas-para-reactivar-el-pais#1759810154777-02tkk9ouk,"El Ministerio de Economía y Finanzas presentó un paquete de medidas destinadas a impulsar la reactivación económica del país, incluyendo incentivos fiscales y programas de apoyo a las pequeñas empresas.",,Radio Nacional del Perú,2025-10-07T04:09:14.778Z,cmgg1fs0c0002112gtz9dd9xz,Economía,#059669
cmgg1j1ui00g18u89t41d8vwi,Cultura peruana celebra el Día Internacional de la Lengua Materna,https://www.radionacional.gob.pe/cultura/cultura-peruana-celebra-el-dia-internacional-de-la-lengua-materna#1759810154778-e73pk17y4,"Diversas actividades culturales se realizan en todo el país para conmemorar el Día Internacional de la Lengua Materna, destacando la importancia de preservar las lenguas originarias del Perú.",,Radio Nacional del Perú,2025-10-07T04:09:14.778Z,cmgg1fs0b0000112g1dwxzwzw,Actualidad,#3B82F6
cmgg1j1ue00ft8u891pwys16m,Crisis sanitaria en Brasil: lo que se sabe de la intoxicación masiva por metanol,https://rpp.pe/mundo/latinoamerica/crisis-sanitaria-en-brasil-lo-que-se-sabe-de-la-intoxicacion-masiva-por-metanol-noticia-123459#1759810154774-0pbpj4gee,Las autoridades brasileñas investigan una intoxicación masiva por metanol que ha causado muertes y la caída del consumo de alcohol en el país. Se han reportado varios casos en diferentes estados.,,RPP Noticias,2025-10-07T04:09:14.775Z,cmgg1fs0c0003112g7epw4vrz,Deportes,#F59E0B
cmgg1j1uf00fv8u89tow6757r,"Miguel Ángel Russo, entrenador de Boca Juniors, en grave estado de salud",https://rpp.pe/deportes/futbol/miguel-angel-russo-entrenador-de-boca-juniors-en-grave-estado-de-salud-noticia-123460#1759810154775-7cptjr3vb,"El entrenador de Boca Juniors, Miguel Ángel Russo, se encuentra en grave estado de salud y fue internado en un centro médico. El club emitió un comunicado informando sobre su situación.",,RPP Noticias,2025-10-07T04:09:14.775Z,cmgg1fs0f0007112gev7odmxo,Salud,#10B981
cmgg1j1ud00fp8u894846dic8,Con caras nuevas: Selección Peruana empezó sus entrenamientos pensando en duelo ante Chile,https://rpp.pe/deportes/futbol/con-caras-nuevas-seleccion-peruana-empezo-sus-entrenamientos-pensando-en-duelo-ante-chile-noticia-123457#1759810154772-mog0buv7o,"Con la presencia de 20 futbolistas, la Selección Peruana empezó sus entrenamientos en La Videna FPF con miras al partido amistoso ante Chile. Felipe Chávez de Bayern Munich dijo presente.",,RPP Noticias,2025-10-07T04:09:14.773Z,cmgg1fs0c0003112g7epw4vrz,Deportes,#F59E0B
cmgg1j1uc00fn8u89kni94n2g,Dirigentes transportistas acuerdan no continuar con el paro tras reunión con ministros,https://rpp.pe/politica/actualidad/dirigentes-transportistas-acuerdan-no-continuar-con-el-paro-tras-reunion-con-ministros-noticia-123456#1759810154771-ap0optjn5,"Los representantes del sector sostuvieron una reunión con el jefe del Gabinete Ministerial, Eduardo Arana, y otros ministros en la que acordaron, entre otros puntos, la instalación de una mesa de trabajo.",,RPP Noticias,2025-10-07T04:09:14.772Z,cmgg1fs0b0001112g2lb2odtv,Política,#DC2626
cmgg1iviq00f78u89gaxpbz9w,Medio ambiente: Proyecto de conservación en la Amazonía peruana,https://www.radionacional.gob.pe/medio-ambiente/proyecto-de-conservacion-en-la-amazonia-peruana#1759810146578-chfhrl8x7,Se lanza un nuevo proyecto de conservación en la Amazonía peruana que busca proteger la biodiversidad y promover el desarrollo sostenible en las comunidades locales.,,Radio Nacional del Perú,2025-10-07T04:09:06.579Z,cmgg1fs0g000a112g93a1z2i9,Medio Ambiente,#22C55E
cmgg1ivip00f38u89tn079qse,Ministerio de Salud reporta avances en campaña de vacunación,https://www.radionacional.gob.pe/salud/ministerio-de-salud-reporta-avances-en-campana-de-vacunacion#1759810146577-ft8rw16x0,"El Ministerio de Salud informó sobre los avances en la campaña de vacunación contra diversas enfermedades, alcanzando importantes coberturas en las regiones más vulnerables del país.",,Radio Nacional del Perú,2025-10-07T04:09:06.578Z,cmgg1fs0f0007112gev7odmxo,Salud,#10B981
cmgg1iviq00f58u890obwykwm,Educación: Nuevas tecnologías llegan a escuelas rurales,https://www.radionacional.gob.pe/educacion/nuevas-tecnologias-llegan-a-escuelas-rurales#1759810146578-78spf3x7t,"El Ministerio de Educación implementa programas de tecnología educativa en escuelas rurales, llevando internet y equipos informáticos a comunidades alejadas para mejorar la calidad educativa.",,Radio Nacional del Perú,2025-10-07T04:09:06.578Z,cmgg1fs0f0008112gsse5oyp2,Sociedad,#F97316
cmgg1ivip00ez8u89rtvgicx5,Gobierno anuncia nuevas medidas económicas para reactivar el país,https://www.radionacional.gob.pe/economia/gobierno-anuncia-nuevas-medidas-economicas-para-reactivar-el-pais#1759810146577-82sb1upmk,"El Ministerio de Economía y Finanzas presentó un paquete de medidas destinadas a impulsar la reactivación económica del país, incluyendo incentivos fiscales y programas de apoyo a las pequeñas empresas.",,Radio Nacional del Perú,2025-10-07T04:09:06.577Z,cmgg1fs0c0002112gtz9dd9xz,Economía,#059669
cmgg1ivip00f18u89juzkbnsz,Cultura peruana celebra el Día Internacional de la Lengua Materna,https://www.radionacional.gob.pe/cultura/cultura-peruana-celebra-el-dia-internacional-de-la-lengua-materna#1759810146577-9ttj2aho0,"Diversas actividades culturales se realizan en todo el país para conmemorar el Día Internacional de la Lengua Materna, destacando la importancia de preservar las lenguas originarias del Perú.",,Radio Nacional del Perú,2025-10-07T04:09:06.577Z,cmgg1fs0b0000112g1dwxzwzw,Actualidad,#3B82F6
cmgg1ivin00et8u89pibiqjwi,Crisis sanitaria en Brasil: lo que se sabe de la intoxicación masiva por metanol,https://rpp.pe/mundo/latinoamerica/crisis-sanitaria-en-brasil-lo-que-se-sabe-de-la-intoxicacion-masiva-por-metanol-noticia-123459#1759810146575-3vuf25ziu,Las autoridades brasileñas investigan una intoxicación masiva por metanol que ha causado muertes y la caída del consumo de alcohol en el país. Se han reportado varios casos en diferentes estados.,,RPP Noticias,2025-10-07T04:09:06.576Z,cmgg1fs0c0003112g7epw4vrz,Deportes,#F59E0B
cmgg1ivin00ev8u896p3bkrps,"Miguel Ángel Russo, entrenador de Boca Juniors, en grave estado de salud",https://rpp.pe/deportes/futbol/miguel-angel-russo-entrenador-de-boca-juniors-en-grave-estado-de-salud-noticia-123460#1759810146575-51y72qtya,"El entrenador de Boca Juniors, Miguel Ángel Russo, se encuentra en grave estado de salud y fue internado en un centro médico. El club emitió un comunicado informando sobre su situación.",,RPP Noticias,2025-10-07T04:09:06.576Z,cmgg1fs0f0007112gev7odmxo,Salud,#10B981
cmgg1ivim00ep8u89p7qtwzox,Con caras nuevas: Selección Peruana empezó sus entrenamientos pensando en duelo ante Chile,https://rpp.pe/deportes/futbol/con-caras-nuevas-seleccion-peruana-empezo-sus-entrenamientos-pensando-en-duelo-ante-chile-noticia-123457#1759810146574-jcb8lw49k,"Con la presencia de 20 futbolistas, la Selección Peruana empezó sus entrenamientos en La Videna FPF con miras al partido amistoso ante Chile. Felipe Chávez de Bayern Munich dijo presente.",,RPP Noticias,2025-10-07T04:09:06.575Z,cmgg1fs0c0003112g7epw4vrz,Deportes,#F59E0B
cmgg1ivim00en8u892oicvh64,Dirigentes transportistas acuerdan no continuar con el paro tras reunión con ministros,https://rpp.pe/politica/actualidad/dirigentes-transportistas-acuerdan-no-continuar-con-el-paro-tras-reunion-con-ministros-noticia-123456#1759810146574-fp4kaq7v1,"Los representantes del sector sostuvieron una reunión con el jefe del Gabinete Ministerial, Eduardo Arana, y otros ministros en la que acordaron, entre otros puntos, la instalación de una mesa de trabajo.",,RPP Noticias,2025-10-07T04:09:06.574Z,cmgg1fs0b0001112g2lb2odtv,Política,#DC2626
cmgg1fhub00e78u89ayiyio3p,Medio ambiente: Proyecto de conservación en la Amazonía peruana,https://www.radionacional.gob.pe/medio-ambiente/proyecto-de-conservacion-en-la-amazonia-peruana#1759809988883-n0jldtkgu,Se lanza un nuevo proyecto de conservación en la Amazonía peruana que busca proteger la biodiversidad y promover el desarrollo sostenible en las comunidades locales.,,Radio Nacional del Perú,2025-10-07T04:06:28.884Z,cmgg1fs0g000a112g93a1z2i9,Medio Ambiente,#22C55E
cmgg1fhua00e38u89xsebsla0,Ministerio de Salud reporta avances en campaña de vacunación,https://www.radionacional.gob.pe/salud/ministerio-de-salud-reporta-avances-en-campana-de-vacunacion#1759809988882-weapzvau2,"El Ministerio de Salud informó sobre los avances en la campaña de vacunación contra diversas enfermedades, alcanzando importantes coberturas en las regiones más vulnerables del país.",,Radio Nacional del Perú,2025-10-07T04:06:28.883Z,cmgg1fs0f0007112gev7odmxo,Salud,#10B981
cmgg1fhub00e58u89uofq46l4,Educación: Nuevas tecnologías llegan a escuelas rurales,https://www.radionacional.gob.pe/educacion/nuevas-tecnologias-llegan-a-escuelas-rurales#1759809988883-5hsycrit1,"El Ministerio de Educación implementa programas de tecnología educativa en escuelas rurales, llevando internet y equipos informáticos a comunidades alejadas para mejorar la calidad educativa.",,Radio Nacional del Perú,2025-10-07T04:06:28.883Z,cmgg1fs0f0008112gsse5oyp2,Sociedad,#F97316
cmgg1fhu900e18u89kbgvqgeb,Cultura peruana celebra el Día Internacional de la Lengua Materna,https://www.radionacional.gob.pe/cultura/cultura-peruana-celebra-el-dia-internacional-de-la-lengua-materna#1759809988881-u7wogtcer,"Diversas actividades culturales se realizan en todo el país para conmemorar el Día Internacional de la Lengua Materna, destacando la importancia de preservar las lenguas originarias del Perú.",,Radio Nacional del Perú,2025-10-07T04:06:28.882Z,cmgg1fs0b0000112g1dwxzwzw,Actualidad,#3B82F6
cmgg1fhu800dz8u89x93js807,Gobierno anuncia nuevas medidas económicas para reactivar el país,https://www.radionacional.gob.pe/economia/gobierno-anuncia-nuevas-medidas-economicas-para-reactivar-el-pais#1759809988880-v3sahbgsi,"El Ministerio de Economía y Finanzas presentó un paquete de medidas destinadas a impulsar la reactivación económica del país, incluyendo incentivos fiscales y programas de apoyo a las pequeñas empresas.",,Radio Nacional del Perú,2025-10-07T04:06:28.881Z,cmgg1fs0c0002112gtz9dd9xz,Economía,#059669
cmgg1fhu600dv8u89sezb0yra,"Miguel Ángel Russo, entrenador de Boca Juniors, en grave estado de salud",https://rpp.pe/deportes/futbol/miguel-angel-russo-entrenador-de-boca-juniors-en-grave-estado-de-salud-noticia-123460#1759809988877-8u3okf5jc,"El entrenador de Boca Juniors, Miguel Ángel Russo, se encuentra en grave estado de salud y fue internado en un centro médico. El club emitió un comunicado informando sobre su situación.",,RPP Noticias,2025-10-07T04:06:28.878Z,cmgg1fs0f0007112gev7odmxo,Salud,#10B981
cmgg1fhu500dt8u89n7ik00xs,Crisis sanitaria en Brasil: lo que se sabe de la intoxicación masiva por metanol,https://rpp.pe/mundo/latinoamerica/crisis-sanitaria-en-brasil-lo-que-se-sabe-de-la-intoxicacion-masiva-por-metanol-noticia-123459#1759809988877-ntupdwayb,Las autoridades brasileñas investigan una intoxicación masiva por metanol que ha causado muertes y la caída del consumo de alcohol en el país. Se han reportado varios casos en diferentes estados.,,RPP Noticias,2025-10-07T04:06:28.877Z,cmgg1fs0c0003112g7epw4vrz,Deportes,#F59E0B
cmgg1fhu300dp8u89mq5kfxi8,Con caras nuevas: Selección Peruana empezó sus entrenamientos pensando en duelo ante Chile,https://rpp.pe/deportes/futbol/con-caras-nuevas-seleccion-peruana-empezo-sus-entrenamientos-pensando-en-duelo-ante-chile-noticia-123457#1759809988875-zt7x1oe1r,"Con la presencia de 20 futbolistas, la Selección Peruana empezó sus entrenamientos en La Videna FPF con miras al partido amistoso ante Chile. Felipe Chávez de Bayern Munich dijo presente.",,RPP Noticias,2025-10-07T04:06:28.875Z,cmgg1fs0c0003112g7epw4vrz,Deportes,#F59E0B
cmgg1fhu200dn8u89vtnmnm6p,Dirigentes transportistas acuerdan no continuar con el paro tras reunión con ministros,https://rpp.pe/politica/actualidad/dirigentes-transportistas-acuerdan-no-continuar-con-el-paro-tras-reunion-con-ministros-noticia-123456#1759809988873-hlrh2inih,"Los representantes del sector sostuvieron una reunión con el jefe del Gabinete Ministerial, Eduardo Arana, y otros ministros en la que acordaron, entre otros puntos, la instalación de una mesa de trabajo.",,RPP Noticias,2025-10-07T04:06:28.874Z,cmgg1fs0b0001112g2lb2odtv,Política,#DC2626
cmgg1f5tn00d58u89sgcwgvvf,Educación: Nuevas tecnologías llegan a escuelas rurales,https://www.radionacional.gob.pe/educacion/nuevas-tecnologias-llegan-a-escuelas-rurales#1759809973307-j80ms3vsf,"El Ministerio de Educación implementa programas de tecnología educativa en escuelas rurales, llevando internet y equipos informáticos a comunidades alejadas para mejorar la calidad educativa.",,Radio Nacional del Perú,2025-10-07T04:06:13.308Z,cmgg1fs0f0008112gsse5oyp2,Sociedad,#F97316
cmgg1f5to00d78u8972fq25gu,Medio ambiente: Proyecto de conservación en la Amazonía peruana,https://www.radionacional.gob.pe/medio-ambiente/proyecto-de-conservacion-en-la-amazonia-peruana#1759809973308-q6ux7eurw,Se lanza un nuevo proyecto de conservación en la Amazonía peruana que busca proteger la biodiversidad y promover el desarrollo sostenible en las comunidades locales.,,Radio Nacional del Perú,2025-10-07T04:06:13.308Z,cmgg1fs0g000a112g93a1z2i9,Medio Ambiente,#22C55E
cmgg1f5tm00d18u8947lca9wr,Cultura peruana celebra el Día Internacional de la Lengua Materna,https://www.radionacional.gob.pe/cultura/cultura-peruana-celebra-el-dia-internacional-de-la-lengua-materna#1759809973306-ja3peii6z,"Diversas actividades culturales se realizan en todo el país para conmemorar el Día Internacional de la Lengua Materna, destacando la importancia de preservar las lenguas originarias del Perú.",,Radio Nacional del Perú,2025-10-07T04:06:13.307Z,cmgg1fs0b0000112g1dwxzwzw,Actualidad,#3B82F6
cmgg1f5tn00d38u899u2ar5mb,Ministerio de Salud reporta avances en campaña de vacunación,https://www.radionacional.gob.pe/salud/ministerio-de-salud-reporta-avances-en-campana-de-vacunacion#1759809973307-6svyxw3im,"El Ministerio de Salud informó sobre los avances en la campaña de vacunación contra diversas enfermedades, alcanzando importantes coberturas en las regiones más vulnerables del país.",,Radio Nacional del Perú,2025-10-07T04:06:13.307Z,cmgg1fs0f0007112gev7odmxo,Salud,#10B981
cmgg1f5tl00cz8u892zx8puk5,Gobierno anuncia nuevas medidas económicas para reactivar el país,https://www.radionacional.gob.pe/economia/gobierno-anuncia-nuevas-medidas-economicas-para-reactivar-el-pais#1759809973305-bew4grkbb,"El Ministerio de Economía y Finanzas presentó un paquete de medidas destinadas a impulsar la reactivación económica del país, incluyendo incentivos fiscales y programas de apoyo a las pequeñas empresas.",,Radio Nacional del Perú,2025-10-07T04:06:13.306Z,cmgg1fs0c0002112gtz9dd9xz,Economía,#059669
cmgg1f5tj00cv8u89ehjal0f4,"Miguel Ángel Russo, entrenador de Boca Juniors, en grave estado de salud",https://rpp.pe/deportes/futbol/miguel-angel-russo-entrenador-de-boca-juniors-en-grave-estado-de-salud-noticia-123460#1759809973303-s8rqbjuj8,"El entrenador de Boca Juniors, Miguel Ángel Russo, se encuentra en grave estado de salud y fue internado en un centro médico. El club emitió un comunicado informando sobre su situación.",,RPP Noticias,2025-10-07T04:06:13.304Z,cmgg1fs0f0007112gev7odmxo,Salud,#10B981
cmgg1f5ti00ct8u890lkmtec6,Crisis sanitaria en Brasil: lo que se sabe de la intoxicación masiva por metanol,https://rpp.pe/mundo/latinoamerica/crisis-sanitaria-en-brasil-lo-que-se-sabe-de-la-intoxicacion-masiva-por-metanol-noticia-123459#1759809973301-uq9hd9mf7,Las autoridades brasileñas investigan una intoxicación masiva por metanol que ha causado muertes y la caída del consumo de alcohol en el país. Se han reportado varios casos en diferentes estados.,,RPP Noticias,2025-10-07T04:06:13.302Z,cmgg1fs0c0003112g7epw4vrz,Deportes,#F59E0B
cmgg1f5te00cp8u8971ivw2k8,Con caras nuevas: Selección Peruana empezó sus entrenamientos pensando en duelo ante Chile,https://rpp.pe/deportes/futbol/con-caras-nuevas-seleccion-peruana-empezo-sus-entrenamientos-pensando-en-duelo-ante-chile-noticia-123457#1759809973298-4x77jogri,"Con la presencia de 20 futbolistas, la Selección Peruana empezó sus entrenamientos en La Videna FPF con miras al partido amistoso ante Chile. Felipe Chávez de Bayern Munich dijo presente.",,RPP Noticias,2025-10-07T04:06:13.299Z,cmgg1fs0c0003112g7epw4vrz,Deportes,#F59E0B
cmgg1f5tc00cn8u8911xar32w,Dirigentes transportistas acuerdan no continuar con el paro tras reunión con ministros,https://rpp.pe/politica/actualidad/dirigentes-transportistas-acuerdan-no-continuar-con-el-paro-tras-reunion-con-ministros-noticia-123456#1759809973296-681s7jrf7,"Los representantes del sector sostuvieron una reunión con el jefe del Gabinete Ministerial, Eduardo Arana, y otros ministros en la que acordaron, entre otros puntos, la instalación de una mesa de trabajo.",,RPP Noticias,2025-10-07T04:06:13.297Z,cmgg1fs0b0001112g2lb2odtv,Política,#DC2626