id,titulo,url,contenido,imagen,fuente,fecha,categoriaId,categoriaNombre,categoriaColor
cmgg3w9v501w013gh3r5eehhn,Artículo de gestion.pe,https://gestion.pe//articulo-1#1759814130929-mz80z64vs,Contenido extraído usando selectores CSS personalizados...,,gestion.pe,2025-10-07T05:15:30.930Z,,Sin categoría,
cmgg3w9v401vw13ght6xxrjih,Artículo de www.infobae.com,https://www.infobae.com/peru//articulo-1#1759814130928-nnbs21fmd,Contenido extraído usando selectores CSS personalizados...,,www.infobae.com,2025-10-07T05:15:30.928Z,,Sin categoría,
cmgg3w9v301vs13ghe3jz3r96,Artículo de diariocorreo.pe,https://diariocorreo.pe//articulo-1#1759814130927-1b9eykftm,Contenido extraído usando selectores CSS personalizados...,,diariocorreo.pe,2025-10-07T05:15:30.927Z,,Sin categoría,
cmgg3w9v201vo13ghbyf5dkcm,Artículo de peru21.pe,https://peru21.pe//articulo-1#1759814130926-m68hxr7sw,Contenido extraído usando selectores CSS personalizados...,,peru21.pe,2025-10-07T05:15:30.926Z,,Sin categoría,
cmgg3w9v101vk13gh95d7il37,Artículo de larepublica.pe,https://larepublica.pe//articulo-1#1759814130925-yprfxzbvh,Contenido extraído usando selectores CSS personalizados...,,larepublica.pe,2025-10-07T05:15:30.925Z,,Sin categoría,
cmgg3w9v001vg13ghtm05dkfe,Artículo de elcomercio.pe,https://elcomercio.pe//articulo-1#1759814130923-r9hh9axmt,Contenido extraído usando selectores CSS personalizados...,,elcomercio.pe,2025-10-07T05:15:30.924Z,,Sin categoría,
cmgg3w9uy01vc13ghgdxkczvu,Artículo de www.youtube.com,https://www.youtube.com/channel/UCkZCoc42IipR1ucqJmIehsA/articulo-1#1759814130922-kbnd880n8,Contenido extraído usando selectores CSS personalizados...,,www.youtube.com,2025-10-07T05:15:30.923Z,,Sin categoría,
cmgg3w9ux01v813ghbvqknczp,Artículo de radios.com.pe,https://radios.com.pe/exitosa-lima//articulo-1#1759814130921-nef3o9zy7,Contenido extraído usando selectores CSS personalizados...,,radios.com.pe,2025-10-07T05:15:30.922Z,,Sin categoría,
cmgg3w9uw01v413ghzl6dhn4n,Artículo de streema.com,https://streema.com/radios/Radio_Noticias_Peru/articulo-1#1759814130920-xxadndrul,Contenido extraído usando selectores CSS personalizados...,,streema.com,2025-10-07T05:15:30.920Z,,Sin categoría,
cmgg3w9uv01v013ghm57bwogd,Artículo de radiouno.pe,https://radiouno.pe//articulo-1#1759814130918-894s0pkmz,Contenido extraído usando selectores CSS personalizados...,,radiouno.pe,2025-10-07T05:15:30.919Z,,Sin categoría,
cmgg3w9ut01uw13ghgnlqayn8,Artículo de canaln.pe,https://canaln.pe//articulo-1#1759814130917-gyua7u5xk,Contenido extraído usando selectores CSS personalizados...,,canaln.pe,2025-10-07T05:15:30.918Z,,Sin categoría,
cmgg3w9ur01us13ghiymdkkew,Artículo de www.exitosanoticias.pe,https://www.exitosanoticias.pe//articulo-1#1759814130915-6kuhyz4qm,Contenido extraído usando selectores CSS personalizados...,,www.exitosanoticias.pe,2025-10-07T05:15:30.916Z,,Sin categoría,
cmgg3w9uq01uo13ghiza6jyds,"Miguel Ángel Russo, entrenador de Boca Juniors, en grave estado de salud",https://rpp.pe/deportes/futbol/miguel-angel-russo-entrenador-de-boca-juniors-en-grave-estado-de-salud-noticia-123460#1759814130913-zmkd83b2l,"El entrenador de Boca Juniors, Miguel Ángel Russo, se encuentra en grave estado de salud y fue internado en un centro médico. El club emitió un comunicado informando sobre su situación.",,RPP Noticias,2025-10-07T05:15:30.914Z,cmgg1fs0f0007112gev7odmxo,Salud,#10B981
cmgg3w9uo01uk13gh8th8zznk,Corpac reconoce que hubo 'breve interrupción' en el funcionamiento del sistema de control radar,https://rpp.pe/lima/actualidad/corpac-reconoce-que-hubo-breve-interrupcion-en-el-funcionamiento-del-sistema-de-control-radar-noticia-123458#1759814130912-p1i00huvb,La Corporación Peruana de Aeropuertos y Aviación Comercial (Corpac) reconoció que hubo una breve interrupción en el funcionamiento del sistema de control radar en el aeropuerto Jorge Chávez.,,RPP Noticias,2025-10-07T05:15:30.913Z,,Sin categoría,
cmgg3w9up01um13ghrhw8bj0u,Crisis sanitaria en Brasil: lo que se sabe de la intoxicación masiva por metanol,https://rpp.pe/mundo/latinoamerica/crisis-sanitaria-en-brasil-lo-que-se-sabe-de-la-intoxicacion-masiva-por-metanol-noticia-123459#1759814130913-00kppzmg1,Las autoridades brasileñas investigan una intoxicación masiva por metanol que ha causado muertes y la caída del consumo de alcohol en el país. Se han reportado varios casos en diferentes estados.,,RPP Noticias,2025-10-07T05:15:30.913Z,cmgg1fs0c0003112g7epw4vrz,Deportes,#F59E0B
cmgg3w9un01ui13gh3ofqgjvb,Con caras nuevas: Selección Peruana empezó sus entrenamientos pensando en duelo ante Chile,https://rpp.pe/deportes/futbol/con-caras-nuevas-seleccion-peruana-empezo-sus-entrenamientos-pensando-en-duelo-ante-chile-noticia-123457#1759814130911-u0lg8mtie,"Con la presencia de 20 futbolistas, la Selección Peruana empezó sus entrenamientos en La Videna FPF con miras al partido amistoso ante Chile. Felipe Chávez de Bayern Munich dijo presente.",,RPP Noticias,2025-10-07T05:15:30.912Z,cmgg1fs0c0003112g7epw4vrz,Deportes,#F59E0B
cmgg3w9um01ug13gh1fzdivkh,Dirigentes transportistas acuerdan no continuar con el paro tras reunión con ministros,https://rpp.pe/politica/actualidad/dirigentes-transportistas-acuerdan-no-continuar-con-el-paro-tras-reunion-con-ministros-noticia-123456#1759814130910-7ecxtq502,"Los representantes del sector sostuvieron una reunión con el jefe del Gabinete Ministerial, Eduardo Arana, y otros ministros en la que acordaron, entre otros puntos, la instalación de una mesa de trabajo.",,RPP Noticias,2025-10-07T05:15:30.911Z,cmgg1fs0b0001112g2lb2odtv,Política,#DC2626
cmgg3w9ui01uc13ghgzn78bo3,Medio ambiente: Proyecto de conservación en la Amazonía peruana,https://www.radionacional.gob.pe/medio-ambiente/proyecto-de-conservacion-en-la-amazonia-peruana#1759814130906-dy0j7xhez,Se lanza un nuevo proyecto de conservación en la Amazonía peruana que busca proteger la biodiversidad y promover el desarrollo sostenible en las comunidades locales.,,Radio Nacional del Perú,2025-10-07T05:15:30.906Z,cmgg1fs0g000a112g93a1z2i9,Medio Ambiente,#22C55E
cmgg3w9uh01ua13gh0gmtl0f5,Educación: Nuevas tecnologías llegan a escuelas rurales,https://www.radionacional.gob.pe/educacion/nuevas-tecnologias-llegan-a-escuelas-rurales#1759814130905-6tzqeafjl,"El Ministerio de Educación implementa programas de tecnología educativa en escuelas rurales, llevando internet y equipos informáticos a comunidades alejadas para mejorar la calidad educativa.",,Radio Nacional del Perú,2025-10-07T05:15:30.905Z,cmgg1fs0f0008112gsse5oyp2,Sociedad,#F97316
cmgg3w9uf01u813ghlpkjmwrl,Ministerio de Salud reporta avances en campaña de vacunación,https://www.radionacional.gob.pe/salud/ministerio-de-salud-reporta-avances-en-campana-de-vacunacion#1759814130903-d6jxzwl34,"El Ministerio de Salud informó sobre los avances en la campaña de vacunación contra diversas enfermedades, alcanzando importantes coberturas en las regiones más vulnerables del país.",,Radio Nacional del Perú,2025-10-07T05:15:30.904Z,cmgg1fs0f0007112gev7odmxo,Salud,#10B981
cmgg3w9ue01u613ghwd5mhvdm,Cultura peruana celebra el Día Internacional de la Lengua Materna,https://www.radionacional.gob.pe/cultura/cultura-peruana-celebra-el-dia-internacional-de-la-lengua-materna#1759814130901-fzwglcuyt,"Diversas actividades culturales se realizan en todo el país para conmemorar el Día Internacional de la Lengua Materna, destacando la importancia de preservar las lenguas originarias del Perú.",,Radio Nacional del Perú,2025-10-07T05:15:30.902Z,cmgg1fs0b0000112g1dwxzwzw,Actualidad,#3B82F6
cmgg3w9ub01u413ghg275qoai,Gobierno anuncia nuevas medidas económicas para reactivar el país,https://www.radionacional.gob.pe/economia/gobierno-anuncia-nuevas-medidas-economicas-para-reactivar-el-pais#1759814130898-j5xdg0qvn,"El Ministerio de Economía y Finanzas presentó un paquete de medidas destinadas a impulsar la reactivación económica del país, incluyendo incentivos fiscales y programas de apoyo a las pequeñas empresas.",,Radio Nacional del Perú,2025-10-07T05:15:30.899Z,cmgg1fs0c0002112gtz9dd9xz,Economía,#059669
cmgg3w8dt01u013ghmwt042ga,Artículo de gestion.pe,https://gestion.pe//articulo-1#1759814129009-2hrmrtz1x,Contenido extraído usando selectores CSS personalizados...,,gestion.pe,2025-10-07T05:15:29.010Z,,Sin categoría,
cmgg3w8ds01tw13gh0x8h1w7k,Artículo de www.infobae.com,https://www.infobae.com/peru//articulo-1#1759814129008-blax9ixob,Contenido extraído usando selectores CSS personalizados...,,www.infobae.com,2025-10-07T05:15:29.009Z,,Sin categoría,
cmgg3w8dr01ts13ghj5u63ke5,Artículo de diariocorreo.pe,https://diariocorreo.pe//articulo-1#1759814129007-jhdnzmkxz,Contenido extraído usando selectores CSS personalizados...,,diariocorreo.pe,2025-10-07T05:15:29.007Z,,Sin categoría,
cmgg3w8dq01to13ghr9m9ws0x,Artículo de peru21.pe,https://peru21.pe//articulo-1#1759814129006-qqodqmjqp,Contenido extraído usando selectores CSS personalizados...,,peru21.pe,2025-10-07T05:15:29.006Z,,Sin categoría,
cmgg3w8dp01tk13gh4ordnppy,Artículo de larepublica.pe,https://larepublica.pe//articulo-1#1759814129004-w4iwlgg9j,Contenido extraído usando selectores CSS personalizados...,,larepublica.pe,2025-10-07T05:15:29.005Z,,Sin categoría,
cmgg3w8do01tg13gh5q1usq7n,Artículo de elcomercio.pe,https://elcomercio.pe//articulo-1#1759814129003-k8qfb2jix,Contenido extraído usando selectores CSS personalizados...,,elcomercio.pe,2025-10-07T05:15:29.004Z,,Sin categoría,
cmgg3w8dm01tc13gh8yvrwaum,Artículo de www.youtube.com,https://www.youtube.com/channel/UCkZCoc42IipR1ucqJmIehsA/articulo-1#1759814129002-6z0qo9xsv,Contenido extraído usando selectores CSS personalizados...,,www.youtube.com,2025-10-07T05:15:29.003Z,,Sin categoría,
cmgg3w8dl01t813ghtxdtybhw,Artículo de radios.com.pe,https://radios.com.pe/exitosa-lima//articulo-1#1759814129001-rr2ftzt85,Contenido extraído usando selectores CSS personalizados...,,radios.com.pe,2025-10-07T05:15:29.002Z,,Sin categoría,
cmgg3w8dk01t413ghnhtsr78j,Artículo de streema.com,https://streema.com/radios/Radio_Noticias_Peru/articulo-1#1759814129000-7cnxqcin1,Contenido extraído usando selectores CSS personalizados...,,streema.com,2025-10-07T05:15:29.000Z,,Sin categoría,
cmgg3w8di01t013ghgcmc21xf,Artículo de radiouno.pe,https://radiouno.pe//articulo-1#1759814128998-niuehvi2g,Contenido extraído usando selectores CSS personalizados...,,radiouno.pe,2025-10-07T05:15:28.999Z,,Sin categoría,
cmgg3w8dh01sw13ghtfiv3lzn,Artículo de canaln.pe,https://canaln.pe//articulo-1#1759814128997-rckjuu8e3,Contenido extraído usando selectores CSS personalizados...,,canaln.pe,2025-10-07T05:15:28.997Z,,Sin categoría,
cmgg3w8dg01ss13ghuvljcgku,Artículo de www.exitosanoticias.pe,https://www.exitosanoticias.pe//articulo-1#1759814128995-c4l2ryi5c,Contenido extraído usando selectores CSS personalizados...,,www.exitosanoticias.pe,2025-10-07T05:15:28.996Z,,Sin categoría,
cmgg3w8dd01sm13ghy1vpoe12,Crisis sanitaria en Brasil: lo que se sabe de la intoxicación masiva por metanol,https://rpp.pe/mundo/latinoamerica/crisis-sanitaria-en-brasil-lo-que-se-sabe-de-la-intoxicacion-masiva-por-metanol-noticia-123459#1759814128993-mzlp24dpe,Las autoridades brasileñas investigan una intoxicación masiva por metanol que ha causado muertes y la caída del consumo de alcohol en el país. Se han reportado varios casos en diferentes estados.,,RPP Noticias,2025-10-07T05:15:28.994Z,cmgg1fs0c0003112g7epw4vrz,Deportes,#F59E0B
cmgg3w8de01so13gh45ywnhw5,"Miguel Ángel Russo, entrenador de Boca Juniors, en grave estado de salud",https://rpp.pe/deportes/futbol/miguel-angel-russo-entrenador-de-boca-juniors-en-grave-estado-de-salud-noticia-123460#1759814128994-zfu59cc23,"El entrenador de Boca Juniors, Miguel Ángel Russo, se encuentra en grave estado de salud y fue internado en un centro médico. El club emitió un comunicado informando sobre su situación.",,RPP Noticias,2025-10-07T05:15:28.994Z,cmgg1fs0f0007112gev7odmxo,Salud,#10B981
cmgg3w8dc01sk13ghcn7gayd6,Corpac reconoce que hubo 'breve interrupción' en el funcionamiento del sistema de control radar,https://rpp.pe/lima/actualidad/corpac-reconoce-que-hubo-breve-interrupcion-en-el-funcionamiento-del-sistema-de-control-radar-noticia-123458#1759814128992-yulis64pv,La Corporación Peruana de Aeropuertos y Aviación Comercial (Corpac) reconoció que hubo una breve interrupción en el funcionamiento del sistema de control radar en el aeropuerto Jorge Chávez.,,RPP Noticias,2025-10-07T05:15:28.993Z,,Sin categoría,
cmgg3w8dc01si13ghbzikneun,Con caras nuevas: Selección Peruana empezó sus entrenamientos pensando en duelo ante Chile,https://rpp.pe/deportes/futbol/con-caras-nuevas-seleccion-peruana-empezo-sus-entrenamientos-pensando-en-duelo-ante-chile-noticia-123457#1759814128991-xr5uuhili,"Con la presencia de 20 futbolistas, la Selección Peruana empezó sus entrenamientos en La Videna FPF con miras al partido amistoso ante Chile. Felipe Chávez de Bayern Munich dijo presente.",,RPP Noticias,2025-10-07T05:15:28.992Z,cmgg1fs0c0003112g7epw4vrz,Deportes,#F59E0B
cmgg3w8db01sg13gh80o01p8k,Dirigentes transportistas acuerdan no continuar con el paro tras reunión con ministros,https://rpp.pe/politica/actualidad/dirigentes-transportistas-acuerdan-no-continuar-con-el-paro-tras-reunion-con-ministros-noticia-123456#1759814128991-ivw0cqxui,"Los representantes del sector sostuvieron una reunión con el jefe del Gabinete Ministerial, Eduardo Arana, y otros ministros en la que acordaron, entre otros puntos, la instalación de una mesa de trabajo.",,RPP Noticias,2025-10-07T05:15:28.991Z,cmgg1fs0b0001112g2lb2odtv,Política,#DC2626
cmgg3w8d601sc13gh38whqvr5,Medio ambiente: Proyecto de conservación en la Amazonía peruana,https://www.radionacional.gob.pe/medio-ambiente/proyecto-de-conservacion-en-la-amazonia-peruana#1759814128986-hp28coon0,Se lanza un nuevo proyecto de conservación en la Amazonía peruana que busca proteger la biodiversidad y promover el desarrollo sostenible en las comunidades locales.,,Radio Nacional del Perú,2025-10-07T05:15:28.987Z,cmgg1fs0g000a112g93a1z2i9,Medio Ambiente,#22C55E
cmgg3w8d501sa13gha3mrh0ch,Educación: Nuevas tecnologías llegan a escuelas rurales,https://www.radionacional.gob.pe/educacion/nuevas-tecnologias-llegan-a-escuelas-rurales#1759814128985-b87u4myxo,"El Ministerio de Educación implementa programas de tecnología educativa en escuelas rurales, llevando internet y equipos informáticos a comunidades alejadas para mejorar la calidad educativa.",,Radio Nacional del Perú,2025-10-07T05:15:28.986Z,cmgg1fs0f0008112gsse5oyp2,Sociedad,#F97316
cmgg3w8d401s813gh26mzmbg6,Ministerio de Salud reporta avances en campaña de vacunación,https://www.radionacional.gob.pe/salud/ministerio-de-salud-reporta-avances-en-campana-de-vacunacion#1759814128984-iv2juouxh,"El Ministerio de Salud informó sobre los avances en la campaña de vacunación contra diversas enfermedades, alcanzando importantes coberturas en las regiones más vulnerables del país.",,Radio Nacional del Perú,2025-10-07T05:15:28.985Z,cmgg1fs0f0007112gev7odmxo,Salud,#10B981
cmgg3w8d301s613ghpj138jc0,Cultura peruana celebra el Día Internacional de la Lengua Materna,https://www.radionacional.gob.pe/cultura/cultura-peruana-celebra-el-dia-internacional-de-la-lengua-materna#1759814128983-l0cdxirue,"Diversas actividades culturales se realizan en todo el país para conmemorar el Día Internacional de la Lengua Materna, destacando la importancia de preservar las lenguas originarias del Perú.",,Radio Nacional del Perú,2025-10-07T05:15:28.984Z,cmgg1fs0b0000112g1dwxzwzw,Actualidad,#3B82F6
cmgg3w8d101s413gh3l6uw9uq,Gobierno anuncia nuevas medidas económicas para reactivar el país,https://www.radionacional.gob.pe/economia/gobierno-anuncia-nuevas-medidas-economicas-para-reactivar-el-pais#1759814128980-8se0qq0nh,"El Ministerio de Economía y Finanzas presentó un paquete de medidas destinadas a impulsar la reactivación económica del país, incluyendo incentivos fiscales y programas de apoyo a las pequeñas empresas.",,Radio Nacional del Perú,2025-10-07T05:15:28.981Z,cmgg1fs0c0002112gtz9dd9xz,Economía,#059669
cmgg3w6af01s013ghjyd5qfl3,Artículo de gestion.pe,https://gestion.pe//articulo-1#1759814126294-ebnjxxzat,Contenido extraído usando selectores CSS personalizados...,,gestion.pe,2025-10-07T05:15:26.295Z,,Sin categoría,
cmgg3w6ad01rw13gh8fjpu59z,Artículo de www.infobae.com,https://www.infobae.com/peru//articulo-1#1759814126293-1zpcecl7a,Contenido extraído usando selectores CSS personalizados...,,www.infobae.com,2025-10-07T05:15:26.294Z,,Sin categoría,
cmgg3w6ac01rs13gh72i1h1y5,Artículo de diariocorreo.pe,https://diariocorreo.pe//articulo-1#1759814126292-kbw80n87k,Contenido extraído usando selectores CSS personalizados...,,diariocorreo.pe,2025-10-07T05:15:26.293Z,,Sin categoría,
cmgg3w6ab01ro13ghe9bw9e16,Artículo de peru21.pe,https://peru21.pe//articulo-1#1759814126291-fzbq9bc6t,Contenido extraído usando selectores CSS personalizados...,,peru21.pe,2025-10-07T05:15:26.292Z,,Sin categoría,
cmgg3w6aa01rk13ghz26m7732,Artículo de larepublica.pe,https://larepublica.pe//articulo-1#1759814126290-248m4uwfg,Contenido extraído usando selectores CSS personalizados...,,larepublica.pe,2025-10-07T05:15:26.290Z,,Sin categoría,
cmgg3w6a901rg13gh4fryha7q,Artículo de elcomercio.pe,https://elcomercio.pe//articulo-1#1759814126289-284vyyjfx,Contenido extraído usando selectores CSS personalizados...,,elcomercio.pe,2025-10-07T05:15:26.289Z,,Sin categoría,
cmgg3w6a801rc13gh49gz1c10,Artículo de www.youtube.com,https://www.youtube.com/channel/UCkZCoc42IipR1ucqJmIehsA/articulo-1#1759814126287-gzhv8llrv,Contenido extraído usando selectores CSS personalizados...,,www.youtube.com,2025-10-07T05:15:26.288Z,,Sin categoría,
cmgg3w6a601r813ghwr700yuw,Artículo de radios.com.pe,https://radios.com.pe/exitosa-lima//articulo-1#1759814126286-d2deamxm2,Contenido extraído usando selectores CSS personalizados...,,radios.com.pe,2025-10-07T05:15:26.287Z,,Sin categoría,
cmgg3w6a501r413ghx0vx59a2,Artículo de streema.com,https://streema.com/radios/Radio_Noticias_Peru/articulo-1#1759814126285-uh5ipmtyl,Contenido extraído usando selectores CSS personalizados...,,streema.com,2025-10-07T05:15:26.285Z,,Sin categoría,
cmgg3w6a401r013ghybyt8e7z,Artículo de radiouno.pe,https://radiouno.pe//articulo-1#1759814126284-7mx6hm4tz,Contenido extraído usando selectores CSS personalizados...,,radiouno.pe,2025-10-07T05:15:26.284Z,,Sin categoría,
cmgg3w6a201qw13ghe9u340ik,Artículo de canaln.pe,https://canaln.pe//articulo-1#1759814126282-75x0alyi3,Contenido extraído usando selectores CSS personalizados...,,canaln.pe,2025-10-07T05:15:26.283Z,,Sin categoría,
cmgg3w6a101qs13ghaee72fa9,Artículo de www.exitosanoticias.pe,https://www.exitosanoticias.pe//articulo-1#1759814126281-4lznmoqxb,Contenido extraído usando selectores CSS personalizados...,,www.exitosanoticias.pe,2025-10-07T05:15:26.282Z,,Sin categoría,
cmgg3w69z01qo13ghyed7m05z,"Miguel Ángel Russo, entrenador de Boca Juniors, en grave estado de salud",https://rpp.pe/deportes/futbol/miguel-angel-russo-entrenador-de-boca-juniors-en-grave-estado-de-salud-noticia-123460#1759814126279-dqovumr1r,"El entrenador de Boca Juniors, Miguel Ángel Russo, se encuentra en grave estado de salud y fue internado en un centro médico. El club emitió un comunicado informando sobre su situación.",,RPP Noticias,2025-10-07T05:15:26.280Z,cmgg1fs0f0007112gev7odmxo,Salud,#10B981
cmgg3w69y01qm13gh86mkf4hf,Crisis sanitaria en Brasil: lo que se sabe de la intoxicación masiva por metanol,https://rpp.pe/mundo/latinoamerica/crisis-sanitaria-en-brasil-lo-que-se-sabe-de-la-intoxicacion-masiva-por-metanol-noticia-123459#1759814126278-qkywmej9j,Las autoridades brasileñas investigan una intoxicación masiva por metanol que ha causado muertes y la caída del consumo de alcohol en el país. Se han reportado varios casos en diferentes estados.,,RPP Noticias,2025-10-07T05:15:26.279Z,cmgg1fs0c0003112g7epw4vrz,Deportes,#F59E0B
cmgg3w69y01qk13ghtmxu5wjn,Corpac reconoce que hubo 'breve interrupción' en el funcionamiento del sistema de control radar,https://rpp.pe/lima/actualidad/corpac-reconoce-que-hubo-breve-interrupcion-en-el-funcionamiento-del-sistema-de-control-radar-noticia-123458#1759814126278-ehk6pl2fe,La Corporación Peruana de Aeropuertos y Aviación Comercial (Corpac) reconoció que hubo una breve interrupción en el funcionamiento del sistema de control radar en el aeropuerto Jorge Chávez.,,RPP Noticias,2025-10-07T05:15:26.278Z,,Sin categoría,
cmgg3w69w01qg13ghe56er5fg,Dirigentes transportistas acuerdan no continuar con el paro tras reunión con ministros,https://rpp.pe/politica/actualidad/dirigentes-transportistas-acuerdan-no-continuar-con-el-paro-tras-reunion-con-ministros-noticia-123456#1759814126276-x9dn89l6v,"Los representantes del sector sostuvieron una reunión con el jefe del Gabinete Ministerial, Eduardo Arana, y otros ministros en la que acordaron, entre otros puntos, la instalación de una mesa de trabajo.",,RPP Noticias,2025-10-07T05:15:26.277Z,cmgg1fs0b0001112g2lb2odtv,Política,#DC2626
cmgg3w69x01qi13ghbtkoxkz3,Con caras nuevas: Selección Peruana empezó sus entrenamientos pensando en duelo ante Chile,https://rpp.pe/deportes/futbol/con-caras-nuevas-seleccion-peruana-empezo-sus-entrenamientos-pensando-en-duelo-ante-chile-noticia-123457#1759814126277-69uyxfiro,"Con la presencia de 20 futbolistas, la Selección Peruana empezó sus entrenamientos en La Videna FPF con miras al partido amistoso ante Chile. Felipe Chávez de Bayern Munich dijo presente.",,RPP Noticias,2025-10-07T05:15:26.277Z,cmgg1fs0c0003112g7epw4vrz,Deportes,#F59E0B
cmgg3w69r01qc13gh7ktg1956,Medio ambiente: Proyecto de conservación en la Amazonía peruana,https://www.radionacional.gob.pe/medio-ambiente/proyecto-de-conservacion-en-la-amazonia-peruana#1759814126271-5t6a71qmb,Se lanza un nuevo proyecto de conservación en la Amazonía peruana que busca proteger la biodiversidad y promover el desarrollo sostenible en las comunidades locales.,,Radio Nacional del Perú,2025-10-07T05:15:26.272Z,cmgg1fs0g000a112g93a1z2i9,Medio Ambiente,#22C55E
cmgg3w69q01qa13gh9olqlofc,Educación: Nuevas tecnologías llegan a escuelas rurales,https://www.radionacional.gob.pe/educacion/nuevas-tecnologias-llegan-a-escuelas-rurales#1759814126270-62bt3kge9,"El Ministerio de Educación implementa programas de tecnología educativa en escuelas rurales, llevando internet y equipos informáticos a comunidades alejadas para mejorar la calidad educativa.",,Radio Nacional del Perú,2025-10-07T05:15:26.271Z,cmgg1fs0f0008112gsse5oyp2,Sociedad,#F97316
cmgg3w69p01q813ghpopovye5,Ministerio de Salud reporta avances en campaña de vacunación,https://www.radionacional.gob.pe/salud/ministerio-de-salud-reporta-avances-en-campana-de-vacunacion#1759814126269-6r6iun559,"El Ministerio de Salud informó sobre los avances en la campaña de vacunación contra diversas enfermedades, alcanzando importantes coberturas en las regiones más vulnerables del país.",,Radio Nacional del Perú,2025-10-07T05:15:26.270Z,cmgg1fs0f0007112gev7odmxo,Salud,#10B981
cmgg3w69o01q613ghckfftsx5,Cultura peruana celebra el Día Internacional de la Lengua Materna,https://www.radionacional.gob.pe/cultura/cultura-peruana-celebra-el-dia-internacional-de-la-lengua-materna#1759814126268-slapzj63s,"Diversas actividades culturales se realizan en todo el país para conmemorar el Día Internacional de la Lengua Materna, destacando la importancia de preservar las lenguas originarias del Perú.",,Radio Nacional del Perú,2025-10-07T05:15:26.268Z,cmgg1fs0b0000112g1dwxzwzw,Actualidad,#3B82F6
cmgg3w69l01q413ghhmcxyuea,Gobierno anuncia nuevas medidas económicas para reactivar el país,https://www.radionacional.gob.pe/economia/gobierno-anuncia-nuevas-medidas-economicas-para-reactivar-el-pais#1759814126265-2yyre5ppl,"El Ministerio de Economía y Finanzas presentó un paquete de medidas destinadas a impulsar la reactivación económica del país, incluyendo incentivos fiscales y programas de apoyo a las pequeñas empresas.",,Radio Nacional del Perú,2025-10-07T05:15:26.266Z,cmgg1fs0c0002112gtz9dd9xz,Economía,#059669
cmgg3w50501q013ghom8br9v9,Artículo de gestion.pe,https://gestion.pe//articulo-1#1759814124629-ybujdb6sy,Contenido extraído usando selectores CSS personalizados...,,gestion.pe,2025-10-07T05:15:24.629Z,,Sin categoría,
cmgg3w50401pw13ghnu6hvkpp,Artículo de www.infobae.com,https://www.infobae.com/peru//articulo-1#1759814124628-taa3jul2p,Contenido extraído usando selectores CSS personalizados...,,www.infobae.com,2025-10-07T05:15:24.628Z,,Sin categoría,
cmgg3w50201ps13ghyhc9h7a6,Artículo de diariocorreo.pe,https://diariocorreo.pe//articulo-1#1759814124626-d6jdq8sa2,Contenido extraído usando selectores CSS personalizados...,,diariocorreo.pe,2025-10-07T05:15:24.627Z,,Sin categoría,
cmgg3w50101po13ghll1rlrm0,Artículo de peru21.pe,https://peru21.pe//articulo-1#1759814124625-wmztqvqbx,Contenido extraído usando selectores CSS personalizados...,,peru21.pe,2025-10-07T05:15:24.626Z,,Sin categoría,
cmgg3w50001pk13ghtds23jdk,Artículo de larepublica.pe,https://larepublica.pe//articulo-1#1759814124624-uzl7reg64,Contenido extraído usando selectores CSS personalizados...,,larepublica.pe,2025-10-07T05:15:24.625Z,,Sin categoría,
cmgg3w4zz01pg13ghndj5ruq8,Artículo de elcomercio.pe,https://elcomercio.pe//articulo-1#1759814124623-5rrir0r82,Contenido extraído usando selectores CSS personalizados...,,elcomercio.pe,2025-10-07T05:15:24.623Z,,Sin categoría,
cmgg3w4zy01pc13ghdhcqdp8i,Artículo de www.youtube.com,https://www.youtube.com/channel/UCkZCoc42IipR1ucqJmIehsA/articulo-1#1759814124622-nv6keof9t,Contenido extraído usando selectores CSS personalizados...,,www.youtube.com,2025-10-07T05:15:24.622Z,,Sin categoría,
cmgg3w4zw01p813ghmaa6xcuo,Artículo de radios.com.pe,https://radios.com.pe/exitosa-lima//articulo-1#1759814124620-rwb2t6oi9,Contenido extraído usando selectores CSS personalizados...,,radios.com.pe,2025-10-07T05:15:24.621Z,,Sin categoría,
cmgg3w4zv01p413ghtxr1jnqd,Artículo de streema.com,https://streema.com/radios/Radio_Noticias_Peru/articulo-1#1759814124619-g6131vkjw,Contenido extraído usando selectores CSS personalizados...,,streema.com,2025-10-07T05:15:24.620Z,,Sin categoría,
cmgg3w4zu01p013gh101vyu95,Artículo de radiouno.pe,https://radiouno.pe//articulo-1#1759814124618-cdsxeyi4w,Contenido extraído usando selectores CSS personalizados...,,radiouno.pe,2025-10-07T05:15:24.618Z,,Sin categoría,
cmgg3w4zs01ow13ghx9uq82wm,Artículo de canaln.pe,https://canaln.pe//articulo-1#1759814124616-9jiyvva4e,Contenido extraído usando selectores CSS personalizados...,,canaln.pe,2025-10-07T05:15:24.617Z,,Sin categoría,
cmgg3w4zr01os13ghu6igjr9g,Artículo de www.exitosanoticias.pe,https://www.exitosanoticias.pe//articulo-1#1759814124615-r135ntlm4,Contenido extraído usando selectores CSS personalizados...,,www.exitosanoticias.pe,2025-10-07T05:15:24.615Z,,Sin categoría,
cmgg3w4zo01om13ghh8d19n2i,Crisis sanitaria en Brasil: lo que se sabe de la intoxicación masiva por metanol,https://rpp.pe/mundo/latinoamerica/crisis-sanitaria-en-brasil-lo-que-se-sabe-de-la-intoxicacion-masiva-por-metanol-noticia-123459#1759814124612-ohu2cm6vr,Las autoridades brasileñas investigan una intoxicación masiva por metanol que ha causado muertes y la caída del consumo de alcohol en el país. Se han reportado varios casos en diferentes estados.,,RPP Noticias,2025-10-07T05:15:24.613Z,cmgg1fs0c0003112g7epw4vrz,Deportes,#F59E0B
cmgg3w4zp01oo13gh4wnlaqw5,"Miguel Ángel Russo, entrenador de Boca Juniors, en grave estado de salud",https://rpp.pe/deportes/futbol/miguel-angel-russo-entrenador-de-boca-juniors-en-grave-estado-de-salud-noticia-123460#1759814124613-7l1pozfm0,"El entrenador de Boca Juniors, Miguel Ángel Russo, se encuentra en grave estado de salud y fue internado en un centro médico. El club emitió un comunicado informando sobre su situación.",,RPP Noticias,2025-10-07T05:15:24.613Z,cmgg1fs0f0007112gev7odmxo,Salud,#10B981
cmgg3w4zo01ok13ghq5somsy1,Corpac reconoce que hubo 'breve interrupción' en el funcionamiento del sistema de control radar,https://rpp.pe/lima/actualidad/corpac-reconoce-que-hubo-breve-interrupcion-en-el-funcionamiento-del-sistema-de-control-radar-noticia-123458#1759814124611-a0ls39v2s,La Corporación Peruana de Aeropuertos y Aviación Comercial (Corpac) reconoció que hubo una breve interrupción en el funcionamiento del sistema de control radar en el aeropuerto Jorge Chávez.,,RPP Noticias,2025-10-07T05:15:24.612Z,,Sin categoría,
cmgg3w4zn01oi13gh7op7an4s,Con caras nuevas: Selección Peruana empezó sus entrenamientos pensando en duelo ante Chile,https://rpp.pe/deportes/futbol/con-caras-nuevas-seleccion-peruana-empezo-sus-entrenamientos-pensando-en-duelo-ante-chile-noticia-123457#1759814124611-bz45ppkw8,"Con la presencia de 20 futbolistas, la Selección Peruana empezó sus entrenamientos en La Videna FPF con miras al partido amistoso ante Chile. Felipe Chávez de Bayern Munich dijo presente.",,RPP Noticias,2025-10-07T05:15:24.611Z,cmgg1fs0c0003112g7epw4vrz,Deportes,#F59E0B
cmgg3w4zm01og13gho16h7lt4,Dirigentes transportistas acuerdan no continuar con el paro tras reunión con ministros,https://rpp.pe/politica/actualidad/dirigentes-transportistas-acuerdan-no-continuar-con-el-paro-tras-reunion-con-ministros-noticia-123456#1759814124610-z5ard992u,"Los representantes del sector sostuvieron una reunión con el jefe del Gabinete Ministerial, Eduardo Arana, y otros ministros en la que acordaron, entre otros puntos, la instalación de una mesa de trabajo.",,RPP Noticias,2025-10-07T05:15:24.610Z,cmgg1fs0b0001112g2lb2odtv,Política,#DC2626
cmgg3w4zi01oc13gh3kkc61vg,Medio ambiente: Proyecto de conservación en la Amazonía peruana,https://www.radionacional.gob.pe/medio-ambiente/proyecto-de-conservacion-en-la-amazonia-peruana#1759814124606-4f9w4n41j,Se lanza un nuevo proyecto de conservación en la Amazonía peruana que busca proteger la biodiversidad y promover el desarrollo sostenible en las comunidades locales.,,Radio Nacional del Perú,2025-10-07T05:15:24.606Z,cmgg1fs0g000a112g93a1z2i9,Medio Ambiente,#22C55E
cmgg3w4zh01oa13gh344d195m,Educación: Nuevas tecnologías llegan a escuelas rurales,https://www.radionacional.gob.pe/educacion/nuevas-tecnologias-llegan-a-escuelas-rurales#1759814124604-vdf11ei5w,"El Ministerio de Educación implementa programas de tecnología educativa en escuelas rurales, llevando internet y equipos informáticos a comunidades alejadas para mejorar la calidad educativa.",,Radio Nacional del Perú,2025-10-07T05:15:24.605Z,cmgg1fs0f0008112gsse5oyp2,Sociedad,#F97316
cmgg3w4zf01o813ghi1xkcvm1,Ministerio de Salud reporta avances en campaña de vacunación,https://www.radionacional.gob.pe/salud/ministerio-de-salud-reporta-avances-en-campana-de-vacunacion#1759814124603-b71czrqn0,"El Ministerio de Salud informó sobre los avances en la campaña de vacunación contra diversas enfermedades, alcanzando importantes coberturas en las regiones más vulnerables del país.",,Radio Nacional del Perú,2025-10-07T05:15:24.604Z,cmgg1fs0f0007112gev7odmxo,Salud,#10B981
cmgg3w4ze01o613gh814x62lb,Cultura peruana celebra el Día Internacional de la Lengua Materna,https://www.radionacional.gob.pe/cultura/cultura-peruana-celebra-el-dia-internacional-de-la-lengua-materna#1759814124602-8wspffgl1,"Diversas actividades culturales se realizan en todo el país para conmemorar el Día Internacional de la Lengua Materna, destacando la importancia de preservar las lenguas originarias del Perú.",,Radio Nacional del Perú,2025-10-07T05:15:24.603Z,cmgg1fs0b0000112g1dwxzwzw,Actualidad,#3B82F6
cmgg3w4zc01o413gh3jyykkmz,Gobierno anuncia nuevas medidas económicas para reactivar el país,https://www.radionacional.gob.pe/economia/gobierno-anuncia-nuevas-medidas-economicas-para-reactivar-el-pais#1759814124599-8zdhq6lag,"El Ministerio de Economía y Finanzas presentó un paquete de medidas destinadas a impulsar la reactivación económica del país, incluyendo incentivos fiscales y programas de apoyo a las pequeñas empresas.",,Radio Nacional del Perú,2025-10-07T05:15:24.600Z,cmgg1fs0c0002112gtz9dd9xz,Economía,#059669
cmgg3w3op01o013ghuvrye6l7,Artículo de gestion.pe,https://gestion.pe//articulo-1#1759814122921-joz7y34ey,Contenido extraído usando selectores CSS personalizados...,,gestion.pe,2025-10-07T05:15:22.922Z,,Sin categoría,
cmgg3w3oo01nw13gh6xf2b6by,Artículo de www.infobae.com,https://www.infobae.com/peru//articulo-1#1759814122920-j11dgy0le,Contenido extraído usando selectores CSS personalizados...,,www.infobae.com,2025-10-07T05:15:22.921Z,,Sin categoría,
cmgg3w3on01ns13gh56agi7n5,Artículo de diariocorreo.pe,https://diariocorreo.pe//articulo-1#1759814122919-3x6oda1qt,Contenido extraído usando selectores CSS personalizados...,,diariocorreo.pe,2025-10-07T05:15:22.919Z,,Sin categoría,
cmgg3w3om01no13ghq2owam0r,Artículo de peru21.pe,https://peru21.pe//articulo-1#1759814122918-8bheo115u,Contenido extraído usando selectores CSS personalizados...,,peru21.pe,2025-10-07T05:15:22.918Z,,Sin categoría,
cmgg3w3ol01nk13gh0pkqgurb,Artículo de larepublica.pe,https://larepublica.pe//articulo-1#1759814122917-ugub9ru5y,Contenido extraído usando selectores CSS personalizados...,,larepublica.pe,2025-10-07T05:15:22.917Z,,Sin categoría,
cmgg3w3ok01ng13gh191tk82s,Artículo de elcomercio.pe,https://elcomercio.pe//articulo-1#1759814122916-ejpn0ejef,Contenido extraído usando selectores CSS personalizados...,,elcomercio.pe,2025-10-07T05:15:22.916Z,,Sin categoría,
cmgg3w3oj01nc13gh5k0gckkb,Artículo de www.youtube.com,https://www.youtube.com/channel/UCkZCoc42IipR1ucqJmIehsA/articulo-1#1759814122915-bft8b5jmb,Contenido extraído usando selectores CSS personalizados...,,www.youtube.com,2025-10-07T05:15:22.915Z,,Sin categoría,
cmgg3w3oh01n813ghb76pteax,Artículo de radios.com.pe,https://radios.com.pe/exitosa-lima//articulo-1#1759814122913-cftlopksc,Contenido extraído usando selectores CSS personalizados...,,radios.com.pe,2025-10-07T05:15:22.914Z,,Sin categoría,
cmgg3w3og01n413ghpiwfz3ob,Artículo de streema.com,https://streema.com/radios/Radio_Noticias_Peru/articulo-1#1759814122912-sgkqswlpz,Contenido extraído usando selectores CSS personalizados...,,streema.com,2025-10-07T05:15:22.913Z,,Sin categoría,
cmgg3w3of01n013gh7x0ur08q,Artículo de radiouno.pe,https://radiouno.pe//articulo-1#1759814122911-wk48ccpr2,Contenido extraído usando selectores CSS personalizados...,,radiouno.pe,2025-10-07T05:15:22.911Z,,Sin categoría,
cmgg3w3od01mw13ghqp8h3orv,Artículo de canaln.pe,https://canaln.pe//articulo-1#1759814122909-xc6r0mpk4,Contenido extraído usando selectores CSS personalizados...,,canaln.pe,2025-10-07T05:15:22.910Z,,Sin categoría,
cmgg3w3oc01ms13ghy32n2i77,Artículo de www.exitosanoticias.pe,https://www.exitosanoticias.pe//articulo-1#1759814122908-5y131nmt1,Contenido extraído usando selectores CSS personalizados...,,www.exitosanoticias.pe,2025-10-07T05:15:22.908Z,,Sin categoría,
cmgg3w3oa01mo13gh95r3qmqx,"Miguel Ángel Russo, entrenador de Boca Juniors, en grave estado de salud",https://rpp.pe/deportes/futbol/miguel-angel-russo-entrenador-de-boca-juniors-en-grave-estado-de-salud-noticia-123460#1759814122906-mfv2lanej,"El entrenador de Boca Juniors, Miguel Ángel Russo, se encuentra en grave estado de salud y fue internado en un centro médico. El club emitió un comunicado informando sobre su situación.",,RPP Noticias,2025-10-07T05:15:22.907Z,cmgg1fs0f0007112gev7odmxo,Salud,#10B981
cmgg3w3o901mm13ghacy2psqd,Crisis sanitaria en Brasil: lo que se sabe de la intoxicación masiva por metanol,https://rpp.pe/mundo/latinoamerica/crisis-sanitaria-en-brasil-lo-que-se-sabe-de-la-intoxicacion-masiva-por-metanol-noticia-123459#1759814122905-912kvb7c6,Las autoridades brasileñas investigan una intoxicación masiva por metanol que ha causado muertes y la caída del consumo de alcohol en el país. Se han reportado varios casos en diferentes estados.,,RPP Noticias,2025-10-07T05:15:22.906Z,cmgg1fs0c0003112g7epw4vrz,Deportes,#F59E0B
cmgg3w3o801mk13ghzi02qs9c,Corpac reconoce que hubo 'breve interrupción' en el funcionamiento del sistema de control radar,https://rpp.pe/lima/actualidad/corpac-reconoce-que-hubo-breve-interrupcion-en-el-funcionamiento-del-sistema-de-control-radar-noticia-123458#1759814122904-atinl2ldj,La Corporación Peruana de Aeropuertos y Aviación Comercial (Corpac) reconoció que hubo una breve interrupción en el funcionamiento del sistema de control radar en el aeropuerto Jorge Chávez.,,RPP Noticias,2025-10-07T05:15:22.905Z,,Sin categoría,
cmgg3w3o801mi13ghdrnodicl,Con caras nuevas: Selección Peruana empezó sus entrenamientos pensando en duelo ante Chile,https://rpp.pe/deportes/futbol/con-caras-nuevas-seleccion-peruana-empezo-sus-entrenamientos-pensando-en-duelo-ante-chile-noticia-123457#1759814122904-j9bvtu4dn,"Con la presencia de 20 futbolistas, la Selección Peruana empezó sus entrenamientos en La Videna FPF con miras al partido amistoso ante Chile. Felipe Chávez de Bayern Munich dijo presente.",,RPP Noticias,2025-10-07T05:15:22.904Z,cmgg1fs0c0003112g7epw4vrz,Deportes,#F59E0B
cmgg3w3o701mg13ghkwp3jmf6,Dirigentes transportistas acuerdan no continuar con el paro tras reunión con ministros,https://rpp.pe/politica/actualidad/dirigentes-transportistas-acuerdan-no-continuar-con-el-paro-tras-reunion-con-ministros-noticia-123456#1759814122903-ucs5xw1e9,"Los representantes del sector sostuvieron una reunión con el jefe del Gabinete Ministerial, Eduardo Arana, y otros ministros en la que acordaron, entre otros puntos, la instalación de una mesa de trabajo.",,RPP Noticias,2025-10-07T05:15:22.903Z,cmgg1fs0b0001112g2lb2odtv,Política,#DC2626
cmgg3w3o201mc13ghbtv5irvk,Medio ambiente: Proyecto de conservación en la Amazonía peruana,https://www.radionacional.gob.pe/medio-ambiente/proyecto-de-conservacion-en-la-amazonia-peruana#1759814122898-j76ktkrow,Se lanza un nuevo proyecto de conservación en la Amazonía peruana que busca proteger la biodiversidad y promover el desarrollo sostenible en las comunidades locales.,,Radio Nacional del Perú,2025-10-07T05:15:22.899Z,cmgg1fs0g000a112g93a1z2i9,Medio Ambiente,#22C55E
cmgg3w3o101ma13gh5btnuee5,Educación: Nuevas tecnologías llegan a escuelas rurales,https://www.radionacional.gob.pe/educacion/nuevas-tecnologias-llegan-a-escuelas-rurales#1759814122897-obkcsbtmq,"El Ministerio de Educación implementa programas de tecnología educativa en escuelas rurales, llevando internet y equipos informáticos a comunidades alejadas para mejorar la calidad educativa.",,Radio Nacional del Perú,2025-10-07T05:15:22.897Z,cmgg1fs0f0008112gsse5oyp2,Sociedad,#F97316
cmgg3w3o001m813gh6lkaoiua,Ministerio de Salud reporta avances en campaña de vacunación,https://www.radionacional.gob.pe/salud/ministerio-de-salud-reporta-avances-en-campana-de-vacunacion#1759814122896-n3n7isbg7,"El Ministerio de Salud informó sobre los avances en la campaña de vacunación contra diversas enfermedades, alcanzando importantes coberturas en las regiones más vulnerables del país.",,Radio Nacional del Perú,2025-10-07T05:15:22.896Z,cmgg1fs0f0007112gev7odmxo,Salud,#10B981
cmgg3w3nz01m613ghomjp2udg,Cultura peruana celebra el Día Internacional de la Lengua Materna,https://www.radionacional.gob.pe/cultura/cultura-peruana-celebra-el-dia-internacional-de-la-lengua-materna#1759814122894-phaosoalp,"Diversas actividades culturales se realizan en todo el país para conmemorar el Día Internacional de la Lengua Materna, destacando la importancia de preservar las lenguas originarias del Perú.",,Radio Nacional del Perú,2025-10-07T05:15:22.895Z,cmgg1fs0b0000112g1dwxzwzw,Actualidad,#3B82F6
cmgg3w3nx01m413ghpubuwnu2,Gobierno anuncia nuevas medidas económicas para reactivar el país,https://www.radionacional.gob.pe/economia/gobierno-anuncia-nuevas-medidas-economicas-para-reactivar-el-pais#1759814122892-haxax56jh,"El Ministerio de Economía y Finanzas presentó un paquete de medidas destinadas a impulsar la reactivación económica del país, incluyendo incentivos fiscales y programas de apoyo a las pequeñas empresas.",,Radio Nacional del Perú,2025-10-07T05:15:22.893Z,cmgg1fs0c0002112gtz9dd9xz,Economía,#059669
cmgg3w2bm01m013ghnpuvvoik,Artículo de gestion.pe,https://gestion.pe//articulo-1#1759814121154-125lmi5qe,Contenido extraído usando selectores CSS personalizados...,,gestion.pe,2025-10-07T05:15:21.155Z,,Sin categoría,
cmgg3w2bl01lw13ghodrzwz3k,Artículo de www.infobae.com,https://www.infobae.com/peru//articulo-1#1759814121153-mp7g9gs7f,Contenido extraído usando selectores CSS personalizados...,,www.infobae.com,2025-10-07T05:15:21.154Z,,Sin categoría,
cmgg3w2bk01ls13ghl782yptf,Artículo de diariocorreo.pe,https://diariocorreo.pe//articulo-1#1759814121152-w4qsodi58,Contenido extraído usando selectores CSS personalizados...,,diariocorreo.pe,2025-10-07T05:15:21.152Z,,Sin categoría,
cmgg3w2bj01lo13ghoit7ay09,Artículo de peru21.pe,https://peru21.pe//articulo-1#1759814121151-vnthcdca4,Contenido extraído usando selectores CSS personalizados...,,peru21.pe,2025-10-07T05:15:21.151Z,,Sin categoría,
cmgg3w2bi01lk13ghj6f4vtaw,Artículo de larepublica.pe,https://larepublica.pe//articulo-1#1759814121150-4wu355jez,Contenido extraído usando selectores CSS personalizados...,,larepublica.pe,2025-10-07T05:15:21.150Z,,Sin categoría,
cmgg3w2bh01lg13gholxi0znz,Artículo de elcomercio.pe,https://elcomercio.pe//articulo-1#1759814121148-y7hlprtfg,Contenido extraído usando selectores CSS personalizados...,,elcomercio.pe,2025-10-07T05:15:21.149Z,,Sin categoría,
cmgg3w2bf01lc13ghnudx36en,Artículo de www.youtube.com,https://www.youtube.com/channel/UCkZCoc42IipR1ucqJmIehsA/articulo-1#1759814121147-libh0uwt3,Contenido extraído usando selectores CSS personalizados...,,www.youtube.com,2025-10-07T05:15:21.147Z,,Sin categoría,
cmgg3w2be01l813ghb2ci08wl,Artículo de radios.com.pe,https://radios.com.pe/exitosa-lima//articulo-1#1759814121146-hahjn64s2,Contenido extraído usando selectores CSS personalizados...,,radios.com.pe,2025-10-07T05:15:21.146Z,,Sin categoría,
cmgg3w2bc01l413ghhbcins4q,Artículo de streema.com,https://streema.com/radios/Radio_Noticias_Peru/articulo-1#1759814121144-0ntl18ghw,Contenido extraído usando selectores CSS personalizados...,,streema.com,2025-10-07T05:15:21.145Z,,Sin categoría,
cmgg3w2bb01l013gh0mp37i7g,Artículo de radiouno.pe,https://radiouno.pe//articulo-1#1759814121143-t91n0gna9,Contenido extraído usando selectores CSS personalizados...,,radiouno.pe,2025-10-07T05:15:21.144Z,,Sin categoría,
cmgg3w2ba01kw13gh1831cos0,Artículo de canaln.pe,https://canaln.pe//articulo-1#1759814121142-rt0e8vzhk,Contenido extraído usando selectores CSS personalizados...,,canaln.pe,2025-10-07T05:15:21.142Z,,Sin categoría,
cmgg3w2b801ks13ghdbdt2k5g,Artículo de www.exitosanoticias.pe,https://www.exitosanoticias.pe//articulo-1#1759814121140-ojk2v8pau,Contenido extraído usando selectores CSS personalizados...,,www.exitosanoticias.pe,2025-10-07T05:15:21.141Z,,Sin categoría,
cmgg3w2b601ko13gh5zlfm13b,"Miguel Ángel Russo, entrenador de Boca Juniors, en grave estado de salud",https://rpp.pe/deportes/futbol/miguel-angel-russo-entrenador-de-boca-juniors-en-grave-estado-de-salud-noticia-123460#1759814121138-ddpmx568v,"El entrenador de Boca Juniors, Miguel Ángel Russo, se encuentra en grave estado de salud y fue internado en un centro médico. El club emitió un comunicado informando sobre su situación.",,RPP Noticias,2025-10-07T05:15:21.139Z,cmgg1fs0f0007112gev7odmxo,Salud,#10B981
cmgg3w2b601km13ghmn307cik,Crisis sanitaria en Brasil: lo que se sabe de la intoxicación masiva por metanol,https://rpp.pe/mundo/latinoamerica/crisis-sanitaria-en-brasil-lo-que-se-sabe-de-la-intoxicacion-masiva-por-metanol-noticia-123459#1759814121138-ajfzchxg8,Las autoridades brasileñas investigan una intoxicación masiva por metanol que ha causado muertes y la caída del consumo de alcohol en el país. Se han reportado varios casos en diferentes estados.,,RPP Noticias,2025-10-07T05:15:21.138Z,cmgg1fs0c0003112g7epw4vrz,Deportes,#F59E0B
cmgg3w2b401ki13ghmx5lsl3m,Con caras nuevas: Selección Peruana empezó sus entrenamientos pensando en duelo ante Chile,https://rpp.pe/deportes/futbol/con-caras-nuevas-seleccion-peruana-empezo-sus-entrenamientos-pensando-en-duelo-ante-chile-noticia-123457#1759814121136-5xim51y4j,"Con la presencia de 20 futbolistas, la Selección Peruana empezó sus entrenamientos en La Videna FPF con miras al partido amistoso ante Chile. Felipe Chávez de Bayern Munich dijo presente.",,RPP Noticias,2025-10-07T05:15:21.137Z,cmgg1fs0c0003112g7epw4vrz,Deportes,#F59E0B
cmgg3w2b501kk13ghdwnt81d8,Corpac reconoce que hubo 'breve interrupción' en el funcionamiento del sistema de control radar,https://rpp.pe/lima/actualidad/corpac-reconoce-que-hubo-breve-interrupcion-en-el-funcionamiento-del-sistema-de-control-radar-noticia-123458#1759814121137-w6b86pbmn,La Corporación Peruana de Aeropuertos y Aviación Comercial (Corpac) reconoció que hubo una breve interrupción en el funcionamiento del sistema de control radar en el aeropuerto Jorge Chávez.,,RPP Noticias,2025-10-07T05:15:21.137Z,,Sin categoría,
cmgg3w2b301kg13ghea55h3pl,Dirigentes transportistas acuerdan no continuar con el paro tras reunión con ministros,https://rpp.pe/politica/actualidad/dirigentes-transportistas-acuerdan-no-continuar-con-el-paro-tras-reunion-con-ministros-noticia-123456#1759814121135-xt20x3yfc,"Los representantes del sector sostuvieron una reunión con el jefe del Gabinete Ministerial, Eduardo Arana, y otros ministros en la que acordaron, entre otros puntos, la instalación de una mesa de trabajo.",,RPP Noticias,2025-10-07T05:15:21.136Z,cmgg1fs0b0001112g2lb2odtv,Política,#DC2626
cmgg3w2ay01ka13ghzx369xac,Educación: Nuevas tecnologías llegan a escuelas rurales,https://www.radionacional.gob.pe/educacion/nuevas-tecnologias-llegan-a-escuelas-rurales#1759814121130-kzper5mpl,"El Ministerio de Educación implementa programas de tecnología educativa en escuelas rurales, llevando internet y equipos informáticos a comunidades alejadas para mejorar la calidad educativa.",,Radio Nacional del Perú,2025-10-07T05:15:21.131Z,cmgg1fs0f0008112gsse5oyp2,Sociedad,#F97316
cmgg3w2az01kc13ghwgzus37t,Medio ambiente: Proyecto de conservación en la Amazonía peruana,https://www.radionacional.gob.pe/medio-ambiente/proyecto-de-conservacion-en-la-amazonia-peruana#1759814121131-yfdnf5o16,Se lanza un nuevo proyecto de conservación en la Amazonía peruana que busca proteger la biodiversidad y promover el desarrollo sostenible en las comunidades locales.,,Radio Nacional del Perú,2025-10-07T05:15:21.131Z,cmgg1fs0g000a112g93a1z2i9,Medio Ambiente,#22C55E
cmgg3w2ax01k813ghr6e8252n,Ministerio de Salud reporta avances en campaña de vacunación,https://www.radionacional.gob.pe/salud/ministerio-de-salud-reporta-avances-en-campana-de-vacunacion#1759814121129-jsggj8iy5,"El Ministerio de Salud informó sobre los avances en la campaña de vacunación contra diversas enfermedades, alcanzando importantes coberturas en las regiones más vulnerables del país.",,Radio Nacional del Perú,2025-10-07T05:15:21.129Z,cmgg1fs0f0007112gev7odmxo,Salud,#10B981
cmgg3w2av01k613ghqyiiskdp,Cultura peruana celebra el Día Internacional de la Lengua Materna,https://www.radionacional.gob.pe/cultura/cultura-peruana-celebra-el-dia-internacional-de-la-lengua-materna#1759814121127-k5s2p7n4p,"Diversas actividades culturales se realizan en todo el país para conmemorar el Día Internacional de la Lengua Materna, destacando la importancia de preservar las lenguas originarias del Perú.",,Radio Nacional del Perú,2025-10-07T05:15:21.128Z,cmgg1fs0b0000112g1dwxzwzw,Actualidad,#3B82F6
cmgg3w2as01k413gh4ui0550b,Gobierno anuncia nuevas medidas económicas para reactivar el país,https://www.radionacional.gob.pe/economia/gobierno-anuncia-nuevas-medidas-economicas-para-reactivar-el-pais#1759814121124-k9rrs41vt,"El Ministerio de Economía y Finanzas presentó un paquete de medidas destinadas a impulsar la reactivación económica del país, incluyendo incentivos fiscales y programas de apoyo a las pequeñas empresas.",,Radio Nacional del Perú,2025-10-07T05:15:21.125Z,cmgg1fs0c0002112gtz9dd9xz,Economía,#059669
cmgg3vzy701k013ghmqdpk6fq,Artículo de gestion.pe,https://gestion.pe//articulo-1#1759814118079-3416rf8iz,Contenido extraído usando selectores CSS personalizados...,,gestion.pe,2025-10-07T05:15:18.080Z,,Sin categoría,
cmgg3vzy601jw13ghuo8tbli0,Artículo de www.infobae.com,https://www.infobae.com/peru//articulo-1#1759814118078-rb7t4sjs0,Contenido extraído usando selectores CSS personalizados...,,www.infobae.com,2025-10-07T05:15:18.079Z,,Sin categoría,
cmgg3vzy501js13ghzrm1f0xj,Artículo de diariocorreo.pe,https://diariocorreo.pe//articulo-1#1759814118077-66lofe46c,Contenido extraído usando selectores CSS personalizados...,,diariocorreo.pe,2025-10-07T05:15:18.078Z,,Sin categoría,
cmgg3vzy401jo13ghiob6te26,Artículo de peru21.pe,https://peru21.pe//articulo-1#1759814118076-9xn1vb5bp,Contenido extraído usando selectores CSS personalizados...,,peru21.pe,2025-10-07T05:15:18.076Z,,Sin categoría,
cmgg3vzy301jk13ghfbdflh61,Artículo de larepublica.pe,https://larepublica.pe//articulo-1#1759814118075-cq9ritatu,Contenido extraído usando selectores CSS personalizados...,,larepublica.pe,2025-10-07T05:15:18.075Z,,Sin categoría,
cmgg3vzy201jg13gh4i8nmti5,Artículo de elcomercio.pe,https://elcomercio.pe//articulo-1#1759814118074-elvz576lt,Contenido extraído usando selectores CSS personalizados...,,elcomercio.pe,2025-10-07T05:15:18.074Z,,Sin categoría,
cmgg3vzy001jc13ghl0yw53m2,Artículo de www.youtube.com,https://www.youtube.com/channel/UCkZCoc42IipR1ucqJmIehsA/articulo-1#1759814118072-x3g50f22c,Contenido extraído usando selectores CSS personalizados...,,www.youtube.com,2025-10-07T05:15:18.073Z,,Sin categoría,
cmgg3vzxz01j813gh5f9b8war,Artículo de radios.com.pe,https://radios.com.pe/exitosa-lima//articulo-1#1759814118071-ul4dd3yqa,Contenido extraído usando selectores CSS personalizados...,,radios.com.pe,2025-10-07T05:15:18.072Z,,Sin categoría,
cmgg3vzxy01j413ghav5y26g2,Artículo de streema.com,https://streema.com/radios/Radio_Noticias_Peru/articulo-1#1759814118070-0csopjn49,Contenido extraído usando selectores CSS personalizados...,,streema.com,2025-10-07T05:15:18.070Z,,Sin categoría,
cmgg3vzxx01j013ghzsvfd3ia,Artículo de radiouno.pe,https://radiouno.pe//articulo-1#1759814118069-rr3qimmxz,Contenido extraído usando selectores CSS personalizados...,,radiouno.pe,2025-10-07T05:15:18.069Z,,Sin categoría,
cmgg3vzxv01iw13ghp8m8eydo,Artículo de canaln.pe,https://canaln.pe//articulo-1#1759814118067-rela4e7ev,Contenido extraído usando selectores CSS personalizados...,,canaln.pe,2025-10-07T05:15:18.068Z,,Sin categoría,
cmgg3vzxu01is13ghep6q1aup,Artículo de www.exitosanoticias.pe,https://www.exitosanoticias.pe//articulo-1#1759814118066-h2nnjls0q,Contenido extraído usando selectores CSS personalizados...,,www.exitosanoticias.pe,2025-10-07T05:15:18.066Z,,Sin categoría,
cmgg3vzxs01io13ghe6uro6dq,"Miguel Ángel Russo, entrenador de Boca Juniors, en grave estado de salud",https://rpp.pe/deportes/futbol/miguel-angel-russo-entrenador-de-boca-juniors-en-grave-estado-de-salud-noticia-123460#1759814118064-9hs3tgz9t,"El entrenador de Boca Juniors, Miguel Ángel Russo, se encuentra en grave estado de salud y fue internado en un centro médico. El club emitió un comunicado informando sobre su situación.",,RPP Noticias,2025-10-07T05:15:18.065Z,cmgg1fs0f0007112gev7odmxo,Salud,#10B981
cmgg3vzxr01im13ghvcsq29lf,Crisis sanitaria en Brasil: lo que se sabe de la intoxicación masiva por metanol,https://rpp.pe/mundo/latinoamerica/crisis-sanitaria-en-brasil-lo-que-se-sabe-de-la-intoxicacion-masiva-por-metanol-noticia-123459#1759814118063-bdukv93em,Las autoridades brasileñas investigan una intoxicación masiva por metanol que ha causado muertes y la caída del consumo de alcohol en el país. Se han reportado varios casos en diferentes estados.,,RPP Noticias,2025-10-07T05:15:18.064Z,cmgg1fs0c0003112g7epw4vrz,Deportes,#F59E0B
cmgg3vzxr01ik13ghncdv0djc,Corpac reconoce que hubo 'breve interrupción' en el funcionamiento del sistema de control radar,https://rpp.pe/lima/actualidad/corpac-reconoce-que-hubo-breve-interrupcion-en-el-funcionamiento-del-sistema-de-control-radar-noticia-123458#1759814118062-6u2eb0h1q,La Corporación Peruana de Aeropuertos y Aviación Comercial (Corpac) reconoció que hubo una breve interrupción en el funcionamiento del sistema de control radar en el aeropuerto Jorge Chávez.,,RPP Noticias,2025-10-07T05:15:18.063Z,,Sin categoría,
cmgg3vzxq01ii13ghzrb2yhzo,Con caras nuevas: Selección Peruana empezó sus entrenamientos pensando en duelo ante Chile,https://rpp.pe/deportes/futbol/con-caras-nuevas-seleccion-peruana-empezo-sus-entrenamientos-pensando-en-duelo-ante-chile-noticia-123457#1759814118062-isxyveqoh,"Con la presencia de 20 futbolistas, la Selección Peruana empezó sus entrenamientos en La Videna FPF con miras al partido amistoso ante Chile. Felipe Chávez de Bayern Munich dijo presente.",,RPP Noticias,2025-10-07T05:15:18.062Z,cmgg1fs0c0003112g7epw4vrz,Deportes,#F59E0B
cmgg3vzxp01ig13ghevlpev2c,Dirigentes transportistas acuerdan no continuar con el paro tras reunión con ministros,https://rpp.pe/politica/actualidad/dirigentes-transportistas-acuerdan-no-continuar-con-el-paro-tras-reunion-con-ministros-noticia-123456#1759814118061-nqvf5s608,"Los representantes del sector sostuvieron una reunión con el jefe del Gabinete Ministerial, Eduardo Arana, y otros ministros en la que acordaron, entre otros puntos, la instalación de una mesa de trabajo.",,RPP Noticias,2025-10-07T05:15:18.061Z,cmgg1fs0b0001112g2lb2odtv,Política,#DC2626
cmgg3vzxk01ic13ghj6zk1cc1,Medio ambiente: Proyecto de conservación en la Amazonía peruana,https://www.radionacional.gob.pe/medio-ambiente/proyecto-de-conservacion-en-la-amazonia-peruana#1759814118056-zxw9srqmx,Se lanza un nuevo proyecto de conservación en la Amazonía peruana que busca proteger la biodiversidad y promover el desarrollo sostenible en las comunidades locales.,,Radio Nacional del Perú,2025-10-07T05:15:18.057Z,cmgg1fs0g000a112g93a1z2i9,Medio Ambiente,#22C55E
cmgg3vzxj01ia13ghytz7vyqe,Educación: Nuevas tecnologías llegan a escuelas rurales,https://www.radionacional.gob.pe/educacion/nuevas-tecnologias-llegan-a-escuelas-rurales#1759814118055-k5ggq089h,"El Ministerio de Educación implementa programas de tecnología educativa en escuelas rurales, llevando internet y equipos informáticos a comunidades alejadas para mejorar la calidad educativa.",,Radio Nacional del Perú,2025-10-07T05:15:18.056Z,cmgg1fs0f0008112gsse5oyp2,Sociedad,#F97316
cmgg3vzxi01i813gh4ag1l90z,Ministerio de Salud reporta avances en campaña de vacunación,https://www.radionacional.gob.pe/salud/ministerio-de-salud-reporta-avances-en-campana-de-vacunacion#1759814118054-6it2ybjem,"El Ministerio de Salud informó sobre los avances en la campaña de vacunación contra diversas enfermedades, alcanzando importantes coberturas en las regiones más vulnerables del país.",,Radio Nacional del Perú,2025-10-07T05:15:18.055Z,cmgg1fs0f0007112gev7odmxo,Salud,#10B981
cmgg3vzxg01i613ghkibkqgdx,Cultura peruana celebra el Día Internacional de la Lengua Materna,https://www.radionacional.gob.pe/cultura/cultura-peruana-celebra-el-dia-internacional-de-la-lengua-materna#1759814118052-4ittne0n1,"Diversas actividades culturales se realizan en todo el país para conmemorar el Día Internacional de la Lengua Materna, destacando la importancia de preservar las lenguas originarias del Perú.",,Radio Nacional del Perú,2025-10-07T05:15:18.053Z,cmgg1fs0b0000112g1dwxzwzw,Actualidad,#3B82F6
cmgg3vzxd01i413ghwpbjy9w6,Gobierno anuncia nuevas medidas económicas para reactivar el país,https://www.radionacional.gob.pe/economia/gobierno-anuncia-nuevas-medidas-economicas-para-reactivar-el-pais#1759814118049-of36z9t2e,"El Ministerio de Economía y Finanzas presentó un paquete de medidas destinadas a impulsar la reactivación económica del país, incluyendo incentivos fiscales y programas de apoyo a las pequeñas empresas.",,Radio Nacional del Perú,2025-10-07T05:15:18.049Z,cmgg1fs0c0002112gtz9dd9xz,Economía,#059669
cmgg3vprl01i013ghh9goag74,Artículo de gestion.pe,https://gestion.pe//articulo-1#1759814104881-qg3aejm2b,Contenido extraído usando selectores CSS personalizados...,,gestion.pe,2025-10-07T05:15:04.882Z,,Sin categoría,
cmgg3vprk01hw13gh9i4egmsw,Artículo de www.infobae.com,https://www.infobae.com/peru//articulo-1#1759814104880-wcaq1z0u6,Contenido extraído usando selectores CSS personalizados...,,www.infobae.com,2025-10-07T05:15:04.881Z,,Sin categoría,
cmgg3vprj01hs13ghbhqwscy1,Artículo de diariocorreo.pe,https://diariocorreo.pe//articulo-1#1759814104879-vfy9nb39y,Contenido extraído usando selectores CSS personalizados...,,diariocorreo.pe,2025-10-07T05:15:04.880Z,,Sin categoría,
cmgg3vpri01ho13ghbsqddj5s,Artículo de peru21.pe,https://peru21.pe//articulo-1#1759814104878-x6zhl4bb6,Contenido extraído usando selectores CSS personalizados...,,peru21.pe,2025-10-07T05:15:04.879Z,,Sin categoría,
cmgg3vprh01hk13ghbnq6lw2m,Artículo de larepublica.pe,https://larepublica.pe//articulo-1#1759814104877-114x5lo8h,Contenido extraído usando selectores CSS personalizados...,,larepublica.pe,2025-10-07T05:15:04.878Z,,Sin categoría,
cmgg3vprg01hg13ghw5c3sq7o,Artículo de elcomercio.pe,https://elcomercio.pe//articulo-1#1759814104876-vb12kehnp,Contenido extraído usando selectores CSS personalizados...,,elcomercio.pe,2025-10-07T05:15:04.876Z,,Sin categoría,
cmgg3vprf01hc13ghngr96dib,Artículo de www.youtube.com,https://www.youtube.com/channel/UCkZCoc42IipR1ucqJmIehsA/articulo-1#1759814104875-ib462v8k8,Contenido extraído usando selectores CSS personalizados...,,www.youtube.com,2025-10-07T05:15:04.875Z,,Sin categoría,
cmgg3vpre01h813ghubk8n6dt,Artículo de radios.com.pe,https://radios.com.pe/exitosa-lima//articulo-1#1759814104873-lq0ru32np,Contenido extraído usando selectores CSS personalizados...,,radios.com.pe,2025-10-07T05:15:04.874Z,,Sin categoría,
cmgg3vprc01h413ghioi2dauo,Artículo de streema.com,https://streema.com/radios/Radio_Noticias_Peru/articulo-1#1759814104872-6syx4k1i2,Contenido extraído usando selectores CSS personalizados...,,streema.com,2025-10-07T05:15:04.873Z,,Sin categoría,
cmgg3vprb01h013ghl5nkcwx9,Artículo de radiouno.pe,https://radiouno.pe//articulo-1#1759814104871-0j407y0rm,Contenido extraído usando selectores CSS personalizados...,,radiouno.pe,2025-10-07T05:15:04.871Z,,Sin categoría,
cmgg3vpra01gw13ghoujdwhl3,Artículo de canaln.pe,https://canaln.pe//articulo-1#1759814104869-27lknrfyr,Contenido extraído usando selectores CSS personalizados...,,canaln.pe,2025-10-07T05:15:04.870Z,,Sin categoría,
cmgg3vpr801gs13ghb268ks2i,Artículo de www.exitosanoticias.pe,https://www.exitosanoticias.pe//articulo-1#1759814104868-dpd6yna6u,Contenido extraído usando selectores CSS personalizados...,,www.exitosanoticias.pe,2025-10-07T05:15:04.868Z,,Sin categoría,
cmgg3vpr601go13ghmmhq00jn,"Miguel Ángel Russo, entrenador de Boca Juniors, en grave estado de salud",https://rpp.pe/deportes/futbol/miguel-angel-russo-entrenador-de-boca-juniors-en-grave-estado-de-salud-noticia-123460#1759814104866-wjgccidm2,"El entrenador de Boca Juniors, Miguel Ángel Russo, se encuentra en grave estado de salud y fue internado en un centro médico. El club emitió un comunicado informando sobre su situación.",,RPP Noticias,2025-10-07T05:15:04.867Z,cmgg1fs0f0007112gev7odmxo,Salud,#10B981
cmgg3vpr601gm13ghhej6vbud,Crisis sanitaria en Brasil: lo que se sabe de la intoxicación masiva por metanol,https://rpp.pe/mundo/latinoamerica/crisis-sanitaria-en-brasil-lo-que-se-sabe-de-la-intoxicacion-masiva-por-metanol-noticia-123459#1759814104865-hv5tn1w12,Las autoridades brasileñas investigan una intoxicación masiva por metanol que ha causado muertes y la caída del consumo de alcohol en el país. Se han reportado varios casos en diferentes estados.,,RPP Noticias,2025-10-07T05:15:04.866Z,cmgg1fs0c0003112g7epw4vrz,Deportes,#F59E0B
cmgg3vpr401gi13ghzwnqulpa,Con caras nuevas: Selección Peruana empezó sus entrenamientos pensando en duelo ante Chile,https://rpp.pe/deportes/futbol/con-caras-nuevas-seleccion-peruana-empezo-sus-entrenamientos-pensando-en-duelo-ante-chile-noticia-123457#1759814104864-j7dpdsurn,"Con la presencia de 20 futbolistas, la Selección Peruana empezó sus entrenamientos en La Videna FPF con miras al partido amistoso ante Chile. Felipe Chávez de Bayern Munich dijo presente.",,RPP Noticias,2025-10-07T05:15:04.865Z,cmgg1fs0c0003112g7epw4vrz,Deportes,#F59E0B
cmgg3vpr501gk13ghp0cuccwl,Corpac reconoce que hubo 'breve interrupción' en el funcionamiento del sistema de control radar,https://rpp.pe/lima/actualidad/corpac-reconoce-que-hubo-breve-interrupcion-en-el-funcionamiento-del-sistema-de-control-radar-noticia-123458#1759814104865-ekft2nx4h,La Corporación Peruana de Aeropuertos y Aviación Comercial (Corpac) reconoció que hubo una breve interrupción en el funcionamiento del sistema de control radar en el aeropuerto Jorge Chávez.,,RPP Noticias,2025-10-07T05:15:04.865Z,,Sin categoría,
cmgg3vpr301gg13gh7iy2lmlc,Dirigentes transportistas acuerdan no continuar con el paro tras reunión con ministros,https://rpp.pe/politica/actualidad/dirigentes-transportistas-acuerdan-no-continuar-con-el-paro-tras-reunion-con-ministros-noticia-123456#1759814104863-i8kz3fxel,"Los representantes del sector sostuvieron una reunión con el jefe del Gabinete Ministerial, Eduardo Arana, y otros ministros en la que acordaron, entre otros puntos, la instalación de una mesa de trabajo.",,RPP Noticias,2025-10-07T05:15:04.864Z,cmgg1fs0b0001112g2lb2odtv,Política,#DC2626
cmgg3vpr001gc13gha69h1bn7,Medio ambiente: Proyecto de conservación en la Amazonía peruana,https://www.radionacional.gob.pe/medio-ambiente/proyecto-de-conservacion-en-la-amazonia-peruana#1759814104860-u27letp2l,Se lanza un nuevo proyecto de conservación en la Amazonía peruana que busca proteger la biodiversidad y promover el desarrollo sostenible en las comunidades locales.,,Radio Nacional del Perú,2025-10-07T05:15:04.860Z,cmgg1fs0g000a112g93a1z2i9,Medio Ambiente,#22C55E
cmgg3vpqz01ga13gh68nl5j7v,Educación: Nuevas tecnologías llegan a escuelas rurales,https://www.radionacional.gob.pe/educacion/nuevas-tecnologias-llegan-a-escuelas-rurales#1759814104859-kv0l2it1p,"El Ministerio de Educación implementa programas de tecnología educativa en escuelas rurales, llevando internet y equipos informáticos a comunidades alejadas para mejorar la calidad educativa.",,Radio Nacional del Perú,2025-10-07T05:15:04.859Z,cmgg1fs0f0008112gsse5oyp2,Sociedad,#F97316
cmgg3vpqy01g813ghi92dhhay,Ministerio de Salud reporta avances en campaña de vacunación,https://www.radionacional.gob.pe/salud/ministerio-de-salud-reporta-avances-en-campana-de-vacunacion#1759814104857-tc2x541eb,"El Ministerio de Salud informó sobre los avances en la campaña de vacunación contra diversas enfermedades, alcanzando importantes coberturas en las regiones más vulnerables del país.",,Radio Nacional del Perú,2025-10-07T05:15:04.858Z,cmgg1fs0f0007112gev7odmxo,Salud,#10B981
cmgg3vpqw01g613ghy6h6tuyc,Cultura peruana celebra el Día Internacional de la Lengua Materna,https://www.radionacional.gob.pe/cultura/cultura-peruana-celebra-el-dia-internacional-de-la-lengua-materna#1759814104856-7cfqxkem6,"Diversas actividades culturales se realizan en todo el país para conmemorar el Día Internacional de la Lengua Materna, destacando la importancia de preservar las lenguas originarias del Perú.",,Radio Nacional del Perú,2025-10-07T05:15:04.857Z,cmgg1fs0b0000112g1dwxzwzw,Actualidad,#3B82F6
cmgg3vpqu01g413ghd6yxjpyo,Gobierno anuncia nuevas medidas económicas para reactivar el país,https://www.radionacional.gob.pe/economia/gobierno-anuncia-nuevas-medidas-economicas-para-reactivar-el-pais#1759814104854-tuzcrhx81,"El Ministerio de Economía y Finanzas presentó un paquete de medidas destinadas a impulsar la reactivación económica del país, incluyendo incentivos fiscales y programas de apoyo a las pequeñas empresas.",,Radio Nacional del Perú,2025-10-07T05:15:04.855Z,cmgg1fs0c0002112gtz9dd9xz,Economía,#059669
cmgg3v7z601g013ghgt0cvt66,Artículo de gestion.pe,https://gestion.pe//articulo-1#1759814081826-3w1rfgodv,Contenido extraído usando selectores CSS personalizados...,,gestion.pe,2025-10-07T05:14:41.826Z,,Sin categoría,
cmgg3v7z501fw13ghehhuoq07,Artículo de www.infobae.com,https://www.infobae.com/peru//articulo-1#1759814081825-whlbyglw6,Contenido extraído usando selectores CSS personalizados...,,www.infobae.com,2025-10-07T05:14:41.825Z,,Sin categoría,
cmgg3v7z401fs13ghejmhxjmv,Artículo de diariocorreo.pe,https://diariocorreo.pe//articulo-1#1759814081824-enfrtxvtp,Contenido extraído usando selectores CSS personalizados...,,diariocorreo.pe,2025-10-07T05:14:41.824Z,,Sin categoría,
cmgg3v7z301fo13gheu0mwpsy,Artículo de peru21.pe,https://peru21.pe//articulo-1#1759814081823-5mlhykv7r,Contenido extraído usando selectores CSS personalizados...,,peru21.pe,2025-10-07T05:14:41.823Z,,Sin categoría,
cmgg3v7z201fk13ghpqhw4a3e,Artículo de larepublica.pe,https://larepublica.pe//articulo-1#1759814081822-1vugzh6pi,Contenido extraído usando selectores CSS personalizados...,,larepublica.pe,2025-10-07T05:14:41.822Z,,Sin categoría,
cmgg3v7z001fg13ghywxjlxkh,Artículo de elcomercio.pe,https://elcomercio.pe//articulo-1#1759814081820-750fqn26a,Contenido extraído usando selectores CSS personalizados...,,elcomercio.pe,2025-10-07T05:14:41.821Z,,Sin categoría,
cmgg3v7yz01fc13ghhwwlx2fq,Artículo de www.youtube.com,https://www.youtube.com/channel/UCkZCoc42IipR1ucqJmIehsA/articulo-1#1759814081819-6sefqxz2f,Contenido extraído usando selectores CSS personalizados...,,www.youtube.com,2025-10-07T05:14:41.820Z,,Sin categoría,
cmgg3v7yy01f813ghlfceain9,Artículo de radios.com.pe,https://radios.com.pe/exitosa-lima//articulo-1#1759814081818-a8mhrph25,Contenido extraído usando selectores CSS personalizados...,,radios.com.pe,2025-10-07T05:14:41.819Z,,Sin categoría,
cmgg3v7yx01f413ghh1i5suic,Artículo de streema.com,https://streema.com/radios/Radio_Noticias_Peru/articulo-1#1759814081817-ywjdrl1yk,Contenido extraído usando selectores CSS personalizados...,,streema.com,2025-10-07T05:14:41.818Z,,Sin categoría,
cmgg3v7yw01f013ghsb08ac9m,Artículo de radiouno.pe,https://radiouno.pe//articulo-1#1759814081816-0hhqaicj7,Contenido extraído usando selectores CSS personalizados...,,radiouno.pe,2025-10-07T05:14:41.817Z,,Sin categoría,
cmgg3v7yv01ew13ghwtwy03ef,Artículo de canaln.pe,https://canaln.pe//articulo-1#1759814081815-rxu4uyio8,Contenido extraído usando selectores CSS personalizados...,,canaln.pe,2025-10-07T05:14:41.816Z,,Sin categoría,
cmgg3v7yu01es13gh49e604uf,Artículo de www.exitosanoticias.pe,https://www.exitosanoticias.pe//articulo-1#1759814081814-cj8ky1lar,Contenido extraído usando selectores CSS personalizados...,,www.exitosanoticias.pe,2025-10-07T05:14:41.814Z,,Sin categoría,
cmgg3v7ys01eo13ghtkevmt0h,"Miguel Ángel Russo, entrenador de Boca Juniors, en grave estado de salud",https://rpp.pe/deportes/futbol/miguel-angel-russo-entrenador-de-boca-juniors-en-grave-estado-de-salud-noticia-123460#1759814081812-dl9zan79w,"El entrenador de Boca Juniors, Miguel Ángel Russo, se encuentra en grave estado de salud y fue internado en un centro médico. El club emitió un comunicado informando sobre su situación.",,RPP Noticias,2025-10-07T05:14:41.813Z,cmgg1fs0f0007112gev7odmxo,Salud,#10B981
cmgg3v7yr01ek13ghcfuh7okz,Corpac reconoce que hubo 'breve interrupción' en el funcionamiento del sistema de control radar,https://rpp.pe/lima/actualidad/corpac-reconoce-que-hubo-breve-interrupcion-en-el-funcionamiento-del-sistema-de-control-radar-noticia-123458#1759814081811-34pz6aab0,La Corporación Peruana de Aeropuertos y Aviación Comercial (Corpac) reconoció que hubo una breve interrupción en el funcionamiento del sistema de control radar en el aeropuerto Jorge Chávez.,,RPP Noticias,2025-10-07T05:14:41.812Z,,Sin categoría,
cmgg3v7ys01em13ghzvh7mlbr,Crisis sanitaria en Brasil: lo que se sabe de la intoxicación masiva por metanol,https://rpp.pe/mundo/latinoamerica/crisis-sanitaria-en-brasil-lo-que-se-sabe-de-la-intoxicacion-masiva-por-metanol-noticia-123459#1759814081812-xsqzwg066,Las autoridades brasileñas investigan una intoxicación masiva por metanol que ha causado muertes y la caída del consumo de alcohol en el país. Se han reportado varios casos en diferentes estados.,,RPP Noticias,2025-10-07T05:14:41.812Z,cmgg1fs0c0003112g7epw4vrz,Deportes,#F59E0B
cmgg3v7yr01ei13ghp38tghzt,Con caras nuevas: Selección Peruana empezó sus entrenamientos pensando en duelo ante Chile,https://rpp.pe/deportes/futbol/con-caras-nuevas-seleccion-peruana-empezo-sus-entrenamientos-pensando-en-duelo-ante-chile-noticia-123457#1759814081811-bg4zv1vqz,"Con la presencia de 20 futbolistas, la Selección Peruana empezó sus entrenamientos en La Videna FPF con miras al partido amistoso ante Chile. Felipe Chávez de Bayern Munich dijo presente.",,RPP Noticias,2025-10-07T05:14:41.811Z,cmgg1fs0c0003112g7epw4vrz,Deportes,#F59E0B
cmgg3v7yq01eg13ghw1q8pe51,Dirigentes transportistas acuerdan no continuar con el paro tras reunión con ministros,https://rpp.pe/politica/actualidad/dirigentes-transportistas-acuerdan-no-continuar-con-el-paro-tras-reunion-con-ministros-noticia-123456#1759814081810-b4vaz0hvi,"Los representantes del sector sostuvieron una reunión con el jefe del Gabinete Ministerial, Eduardo Arana, y otros ministros en la que acordaron, entre otros puntos, la instalación de una mesa de trabajo.",,RPP Noticias,2025-10-07T05:14:41.810Z,cmgg1fs0b0001112g2lb2odtv,Política,#DC2626
cmgg3v7ym01ea13ghloi9hndk,Educación: Nuevas tecnologías llegan a escuelas rurales,https://www.radionacional.gob.pe/educacion/nuevas-tecnologias-llegan-a-escuelas-rurales#1759814081806-hw5tlro2i,"El Ministerio de Educación implementa programas de tecnología educativa en escuelas rurales, llevando internet y equipos informáticos a comunidades alejadas para mejorar la calidad educativa.",,Radio Nacional del Perú,2025-10-07T05:14:41.807Z,cmgg1fs0f0008112gsse5oyp2,Sociedad,#F97316
cmgg3v7yn01ec13ghps3w8qsc,Medio ambiente: Proyecto de conservación en la Amazonía peruana,https://www.radionacional.gob.pe/medio-ambiente/proyecto-de-conservacion-en-la-amazonia-peruana#1759814081807-8l721klni,Se lanza un nuevo proyecto de conservación en la Amazonía peruana que busca proteger la biodiversidad y promover el desarrollo sostenible en las comunidades locales.,,Radio Nacional del Perú,2025-10-07T05:14:41.807Z,cmgg1fs0g000a112g93a1z2i9,Medio Ambiente,#22C55E
cmgg3v7yl01e813ghxgvjcfo2,Ministerio de Salud reporta avances en campaña de vacunación,https://www.radionacional.gob.pe/salud/ministerio-de-salud-reporta-avances-en-campana-de-vacunacion#1759814081805-5oxk4g6s8,"El Ministerio de Salud informó sobre los avances en la campaña de vacunación contra diversas enfermedades, alcanzando importantes coberturas en las regiones más vulnerables del país.",,Radio Nacional del Perú,2025-10-07T05:14:41.806Z,cmgg1fs0f0007112gev7odmxo,Salud,#10B981
cmgg3v7yk01e613ghjzhwgkkz,Cultura peruana celebra el Día Internacional de la Lengua Materna,https://www.radionacional.gob.pe/cultura/cultura-peruana-celebra-el-dia-internacional-de-la-lengua-materna#1759814081804-9lcs35428,"Diversas actividades culturales se realizan en todo el país para conmemorar el Día Internacional de la Lengua Materna, destacando la importancia de preservar las lenguas originarias del Perú.",,Radio Nacional del Perú,2025-10-07T05:14:41.805Z,cmgg1fs0b0000112g1dwxzwzw,Actualidad,#3B82F6
cmgg3v7yj01e413gh6jtkd8eh,Gobierno anuncia nuevas medidas económicas para reactivar el país,https://www.radionacional.gob.pe/economia/gobierno-anuncia-nuevas-medidas-economicas-para-reactivar-el-pais#1759814081802-qem9w1hp9,"El Ministerio de Economía y Finanzas presentó un paquete de medidas destinadas a impulsar la reactivación económica del país, incluyendo incentivos fiscales y programas de apoyo a las pequeñas empresas.",,Radio Nacional del Perú,2025-10-07T05:14:41.803Z,cmgg1fs0c0002112gtz9dd9xz,Economía,#059669
cmgg3v6pe01e013gh99bpsnxl,Artículo de gestion.pe,https://gestion.pe//articulo-1#1759814080178-n194kess2,Contenido extraído usando selectores CSS personalizados...,,gestion.pe,2025-10-07T05:14:40.179Z,,Sin categoría,
cmgg3v6pd01dw13ghjr4hi280,Artículo de www.infobae.com,https://www.infobae.com/peru//articulo-1#1759814080177-oq3kckkb9,Contenido extraído usando selectores CSS personalizados...,,www.infobae.com,2025-10-07T05:14:40.178Z,,Sin categoría,
cmgg3v6pc01ds13ghls630lix,Artículo de diariocorreo.pe,https://diariocorreo.pe//articulo-1#1759814080176-2k9x6tfy5,Contenido extraído usando selectores CSS personalizados...,,diariocorreo.pe,2025-10-07T05:14:40.177Z,,Sin categoría,
cmgg3v6pb01do13ghcnug60dd,Artículo de peru21.pe,https://peru21.pe//articulo-1#1759814080175-wtbyxug2b,Contenido extraído usando selectores CSS personalizados...,,peru21.pe,2025-10-07T05:14:40.176Z,,Sin categoría,
cmgg3v6pa01dk13ghr4xzm8fb,Artículo de larepublica.pe,https://larepublica.pe//articulo-1#1759814080174-aer10bh5e,Contenido extraído usando selectores CSS personalizados...,,larepublica.pe,2025-10-07T05:14:40.175Z,,Sin categoría,
cmgg3v6p901dg13ghbwt6enq8,Artículo de elcomercio.pe,https://elcomercio.pe//articulo-1#1759814080173-bx5l5v9ll,Contenido extraído usando selectores CSS personalizados...,,elcomercio.pe,2025-10-07T05:14:40.173Z,,Sin categoría,
cmgg3v6p801dc13ghtv3chaio,Artículo de www.youtube.com,https://www.youtube.com/channel/UCkZCoc42IipR1ucqJmIehsA/articulo-1#1759814080172-8tqo411dv,Contenido extraído usando selectores CSS personalizados...,,www.youtube.com,2025-10-07T05:14:40.172Z,,Sin categoría,
cmgg3v6p701d813ghdrae93o0,Artículo de radios.com.pe,https://radios.com.pe/exitosa-lima//articulo-1#1759814080171-6qrpd7heu,Contenido extraído usando selectores CSS personalizados...,,radios.com.pe,2025-10-07T05:14:40.171Z,,Sin categoría,
cmgg3v6p601d413ghstlw825m,Artículo de streema.com,https://streema.com/radios/Radio_Noticias_Peru/articulo-1#1759814080170-dd655drj5,Contenido extraído usando selectores CSS personalizados...,,streema.com,2025-10-07T05:14:40.170Z,,Sin categoría,
cmgg3v6p501d013gh6xdohmxl,Artículo de radiouno.pe,https://radiouno.pe//articulo-1#1759814080169-ycjke80tz,Contenido extraído usando selectores CSS personalizados...,,radiouno.pe,2025-10-07T05:14:40.169Z,,Sin categoría,
cmgg3v6p301cw13ghdxg5sjux,Artículo de canaln.pe,https://canaln.pe//articulo-1#1759814080167-mjwsfyc5j,Contenido extraído usando selectores CSS personalizados...,,canaln.pe,2025-10-07T05:14:40.168Z,,Sin categoría,
cmgg3v6p201cs13ghnmq7zhif,Artículo de www.exitosanoticias.pe,https://www.exitosanoticias.pe//articulo-1#1759814080166-thbn5pvim,Contenido extraído usando selectores CSS personalizados...,,www.exitosanoticias.pe,2025-10-07T05:14:40.167Z,,Sin categoría,
cmgg3v6p001cm13gh2crnp1as,Crisis sanitaria en Brasil: lo que se sabe de la intoxicación masiva por metanol,https://rpp.pe/mundo/latinoamerica/crisis-sanitaria-en-brasil-lo-que-se-sabe-de-la-intoxicacion-masiva-por-metanol-noticia-123459#1759814080164-35pmgis42,Las autoridades brasileñas investigan una intoxicación masiva por metanol que ha causado muertes y la caída del consumo de alcohol en el país. Se han reportado varios casos en diferentes estados.,,RPP Noticias,2025-10-07T05:14:40.165Z,cmgg1fs0c0003112g7epw4vrz,Deportes,#F59E0B
cmgg3v6p101co13ghiqk84lrq,"Miguel Ángel Russo, entrenador de Boca Juniors, en grave estado de salud",https://rpp.pe/deportes/futbol/miguel-angel-russo-entrenador-de-boca-juniors-en-grave-estado-de-salud-noticia-123460#1759814080165-7010w1q5k,"El entrenador de Boca Juniors, Miguel Ángel Russo, se encuentra en grave estado de salud y fue internado en un centro médico. El club emitió un comunicado informando sobre su situación.",,RPP Noticias,2025-10-07T05:14:40.165Z,cmgg1fs0f0007112gev7odmxo,Salud,#10B981
cmgg3v6oz01ci13gh0q84zklr,Con caras nuevas: Selección Peruana empezó sus entrenamientos pensando en duelo ante Chile,https://rpp.pe/deportes/futbol/con-caras-nuevas-seleccion-peruana-empezo-sus-entrenamientos-pensando-en-duelo-ante-chile-noticia-123457#1759814080163-fz52kt6u6,"Con la presencia de 20 futbolistas, la Selección Peruana empezó sus entrenamientos en La Videna FPF con miras al partido amistoso ante Chile. Felipe Chávez de Bayern Munich dijo presente.",,RPP Noticias,2025-10-07T05:14:40.164Z,cmgg1fs0c0003112g7epw4vrz,Deportes,#F59E0B
cmgg3v6p001ck13ghz575o6rb,Corpac reconoce que hubo 'breve interrupción' en el funcionamiento del sistema de control radar,https://rpp.pe/lima/actualidad/corpac-reconoce-que-hubo-breve-interrupcion-en-el-funcionamiento-del-sistema-de-control-radar-noticia-123458#1759814080164-bc8j6f347,La Corporación Peruana de Aeropuertos y Aviación Comercial (Corpac) reconoció que hubo una breve interrupción en el funcionamiento del sistema de control radar en el aeropuerto Jorge Chávez.,,RPP Noticias,2025-10-07T05:14:40.164Z,,Sin categoría,
cmgg3v6oy01cg13gh0dylghny,Dirigentes transportistas acuerdan no continuar con el paro tras reunión con ministros,https://rpp.pe/politica/actualidad/dirigentes-transportistas-acuerdan-no-continuar-con-el-paro-tras-reunion-con-ministros-noticia-123456#1759814080162-3q7hz9mpc,"Los representantes del sector sostuvieron una reunión con el jefe del Gabinete Ministerial, Eduardo Arana, y otros ministros en la que acordaron, entre otros puntos, la instalación de una mesa de trabajo.",,RPP Noticias,2025-10-07T05:14:40.163Z,cmgg1fs0b0001112g2lb2odtv,Política,#DC2626
cmgg3v6ov01cc13gh7ntgz6da,Medio ambiente: Proyecto de conservación en la Amazonía peruana,https://www.radionacional.gob.pe/medio-ambiente/proyecto-de-conservacion-en-la-amazonia-peruana#1759814080159-25ozmvm45,Se lanza un nuevo proyecto de conservación en la Amazonía peruana que busca proteger la biodiversidad y promover el desarrollo sostenible en las comunidades locales.,,Radio Nacional del Perú,2025-10-07T05:14:40.160Z,cmgg1fs0g000a112g93a1z2i9,Medio Ambiente,#22C55E
cmgg3v6ov01ca13gharpy8x04,Educación: Nuevas tecnologías llegan a escuelas rurales,https://www.radionacional.gob.pe/educacion/nuevas-tecnologias-llegan-a-escuelas-rurales#1759814080159-2fpchzn6d,"El Ministerio de Educación implementa programas de tecnología educativa en escuelas rurales, llevando internet y equipos informáticos a comunidades alejadas para mejorar la calidad educativa.",,Radio Nacional del Perú,2025-10-07T05:14:40.159Z,cmgg1fs0f0008112gsse5oyp2,Sociedad,#F97316
cmgg3v6ou01c813ghaeniv2ij,Ministerio de Salud reporta avances en campaña de vacunación,https://www.radionacional.gob.pe/salud/ministerio-de-salud-reporta-avances-en-campana-de-vacunacion#1759814080158-a89ue3lde,"El Ministerio de Salud informó sobre los avances en la campaña de vacunación contra diversas enfermedades, alcanzando importantes coberturas en las regiones más vulnerables del país.",,Radio Nacional del Perú,2025-10-07T05:14:40.158Z,cmgg1fs0f0007112gev7odmxo,Salud,#10B981
cmgg3v6ot01c613gh93qvv43f,Cultura peruana celebra el Día Internacional de la Lengua Materna,https://www.radionacional.gob.pe/cultura/cultura-peruana-celebra-el-dia-internacional-de-la-lengua-materna#1759814080156-umwhy3qdz,"Diversas actividades culturales se realizan en todo el país para conmemorar el Día Internacional de la Lengua Materna, destacando la importancia de preservar las lenguas originarias del Perú.",,Radio Nacional del Perú,2025-10-07T05:14:40.157Z,cmgg1fs0b0000112g1dwxzwzw,Actualidad,#3B82F6
cmgg3v6or01c413ghjafr3jho,Gobierno anuncia nuevas medidas económicas para reactivar el país,https://www.radionacional.gob.pe/economia/gobierno-anuncia-nuevas-medidas-economicas-para-reactivar-el-pais#1759814080155-xsb1ynwbv,"El Ministerio de Economía y Finanzas presentó un paquete de medidas destinadas a impulsar la reactivación económica del país, incluyendo incentivos fiscales y programas de apoyo a las pequeñas empresas.",,Radio Nacional del Perú,2025-10-07T05:14:40.155Z,cmgg1fs0c0002112gtz9dd9xz,Economía,#059669
cmgg3v5aa01c013ghbtuji6m6,Artículo de gestion.pe,https://gestion.pe//articulo-1#1759814078338-5ypgk8vs8,Contenido extraído usando selectores CSS personalizados...,,gestion.pe,2025-10-07T05:14:38.338Z,,Sin categoría,
cmgg3v5a901bw13ghwjqpig7e,Artículo de www.infobae.com,https://www.infobae.com/peru//articulo-1#1759814078337-lhswuzeqw,Contenido extraído usando selectores CSS personalizados...,,www.infobae.com,2025-10-07T05:14:38.337Z,,Sin categoría,
cmgg3v5a701bo13ghx6qi8x27,Artículo de peru21.pe,https://peru21.pe//articulo-1#1759814078335-emivpop5d,Contenido extraído usando selectores CSS personalizados...,,peru21.pe,2025-10-07T05:14:38.336Z,,Sin categoría,
cmgg3v5a801bs13gh2ksa2f98,Artículo de diariocorreo.pe,https://diariocorreo.pe//articulo-1#1759814078336-607c2b03s,Contenido extraído usando selectores CSS personalizados...,,diariocorreo.pe,2025-10-07T05:14:38.336Z,,Sin categoría,
cmgg3v5a601bk13ghxs17v0z9,Artículo de larepublica.pe,https://larepublica.pe//articulo-1#1759814078334-epqer9ip3,Contenido extraído usando selectores CSS personalizados...,,larepublica.pe,2025-10-07T05:14:38.335Z,,Sin categoría,
cmgg3v5a501bg13ghu82uz2m3,Artículo de elcomercio.pe,https://elcomercio.pe//articulo-1#1759814078333-e1k7msppm,Contenido extraído usando selectores CSS personalizados...,,elcomercio.pe,2025-10-07T05:14:38.334Z,,Sin categoría,
cmgg3v5a501bc13ghfoueh03u,Artículo de www.youtube.com,https://www.youtube.com/channel/UCkZCoc42IipR1ucqJmIehsA/articulo-1#1759814078332-67vls1myi,Contenido extraído usando selectores CSS personalizados...,,www.youtube.com,2025-10-07T05:14:38.333Z,,Sin categoría,
cmgg3v5a301b413ghm5g68ktm,Artículo de streema.com,https://streema.com/radios/Radio_Noticias_Peru/articulo-1#1759814078331-yv1odxcxu,Contenido extraído usando selectores CSS personalizados...,,streema.com,2025-10-07T05:14:38.332Z,,Sin categoría,
cmgg3v5a401b813ghrvwx1917,Artículo de radios.com.pe,https://radios.com.pe/exitosa-lima//articulo-1#1759814078332-hkwb2mk05,Contenido extraído usando selectores CSS personalizados...,,radios.com.pe,2025-10-07T05:14:38.332Z,,Sin categoría,
cmgg3v5a201b013ghga4dyfc6,Artículo de radiouno.pe,https://radiouno.pe//articulo-1#1759814078330-7e8rq0lft,Contenido extraído usando selectores CSS personalizados...,,radiouno.pe,2025-10-07T05:14:38.331Z,,Sin categoría,
cmgg3v5a101aw13gh6holnorr,Artículo de canaln.pe,https://canaln.pe//articulo-1#1759814078329-zfrqfhep4,Contenido extraído usando selectores CSS personalizados...,,canaln.pe,2025-10-07T05:14:38.330Z,,Sin categoría,
cmgg3v5a101as13ghc16xsnlj,Artículo de www.exitosanoticias.pe,https://www.exitosanoticias.pe//articulo-1#1759814078329-g861zpqcl,Contenido extraído usando selectores CSS personalizados...,,www.exitosanoticias.pe,2025-10-07T05:14:38.329Z,,Sin categoría,
cmgg3v59z01am13gh6u07etpc,Crisis sanitaria en Brasil: lo que se sabe de la intoxicación masiva por metanol,https://rpp.pe/mundo/latinoamerica/crisis-sanitaria-en-brasil-lo-que-se-sabe-de-la-intoxicacion-masiva-por-metanol-noticia-123459#1759814078327-j2wwh2hci,Las autoridades brasileñas investigan una intoxicación masiva por metanol que ha causado muertes y la caída del consumo de alcohol en el país. Se han reportado varios casos en diferentes estados.,,RPP Noticias,2025-10-07T05:14:38.328Z,cmgg1fs0c0003112g7epw4vrz,Deportes,#F59E0B
cmgg3v5a001ao13ghtj4aoj26,"Miguel Ángel Russo, entrenador de Boca Juniors, en grave estado de salud",https://rpp.pe/deportes/futbol/miguel-angel-russo-entrenador-de-boca-juniors-en-grave-estado-de-salud-noticia-123460#1759814078328-k54ebt37k,"El entrenador de Boca Juniors, Miguel Ángel Russo, se encuentra en grave estado de salud y fue internado en un centro médico. El club emitió un comunicado informando sobre su situación.",,RPP Noticias,2025-10-07T05:14:38.328Z,cmgg1fs0f0007112gev7odmxo,Salud,#10B981
cmgg3v59x01ai13ghzjccmlam,Con caras nuevas: Selección Peruana empezó sus entrenamientos pensando en duelo ante Chile,https://rpp.pe/deportes/futbol/con-caras-nuevas-seleccion-peruana-empezo-sus-entrenamientos-pensando-en-duelo-ante-chile-noticia-123457#1759814078325-ia9odlw0c,"Con la presencia de 20 futbolistas, la Selección Peruana empezó sus entrenamientos en La Videna FPF con miras al partido amistoso ante Chile. Felipe Chávez de Bayern Munich dijo presente.",,RPP Noticias,2025-10-07T05:14:38.326Z,cmgg1fs0c0003112g7epw4vrz,Deportes,#F59E0B
cmgg3v59y01ak13ghfb0a20hr,Corpac reconoce que hubo 'breve interrupción' en el funcionamiento del sistema de control radar,https://rpp.pe/lima/actualidad/corpac-reconoce-que-hubo-breve-interrupcion-en-el-funcionamiento-del-sistema-de-control-radar-noticia-123458#1759814078326-ya2qwlnhu,La Corporación Peruana de Aeropuertos y Aviación Comercial (Corpac) reconoció que hubo una breve interrupción en el funcionamiento del sistema de control radar en el aeropuerto Jorge Chávez.,,RPP Noticias,2025-10-07T05:14:38.326Z,,Sin categoría,
cmgg3v59x01ag13gh55wcjthc,Dirigentes transportistas acuerdan no continuar con el paro tras reunión con ministros,https://rpp.pe/politica/actualidad/dirigentes-transportistas-acuerdan-no-continuar-con-el-paro-tras-reunion-con-ministros-noticia-123456#1759814078325-f12bg1s1l,"Los representantes del sector sostuvieron una reunión con el jefe del Gabinete Ministerial, Eduardo Arana, y otros ministros en la que acordaron, entre otros puntos, la instalación de una mesa de trabajo.",,RPP Noticias,2025-10-07T05:14:38.325Z,cmgg1fs0b0001112g2lb2odtv,Política,#DC2626
cmgg3v59u01aa13ghg4gqu84p,Educación: Nuevas tecnologías llegan a escuelas rurales,https://www.radionacional.gob.pe/educacion/nuevas-tecnologias-llegan-a-escuelas-rurales#1759814078322-m1hu9o245,"El Ministerio de Educación implementa programas de tecnología educativa en escuelas rurales, llevando internet y equipos informáticos a comunidades alejadas para mejorar la calidad educativa.",,Radio Nacional del Perú,2025-10-07T05:14:38.323Z,cmgg1fs0f0008112gsse5oyp2,Sociedad,#F97316
cmgg3v59v01ac13ghyoxsfppd,Medio ambiente: Proyecto de conservación en la Amazonía peruana,https://www.radionacional.gob.pe/medio-ambiente/proyecto-de-conservacion-en-la-amazonia-peruana#1759814078323-8qjtyr9xw,Se lanza un nuevo proyecto de conservación en la Amazonía peruana que busca proteger la biodiversidad y promover el desarrollo sostenible en las comunidades locales.,,Radio Nacional del Perú,2025-10-07T05:14:38.323Z,cmgg1fs0g000a112g93a1z2i9,Medio Ambiente,#22C55E
cmgg3v59u01a813ghlfi1o8l1,Ministerio de Salud reporta avances en campaña de vacunación,https://www.radionacional.gob.pe/salud/ministerio-de-salud-reporta-avances-en-campana-de-vacunacion#1759814078322-98eweiaep,"El Ministerio de Salud informó sobre los avances en la campaña de vacunación contra diversas enfermedades, alcanzando importantes coberturas en las regiones más vulnerables del país.",,Radio Nacional del Perú,2025-10-07T05:14:38.322Z,cmgg1fs0f0007112gev7odmxo,Salud,#10B981
cmgg3v59t01a613ghh11m33lm,Cultura peruana celebra el Día Internacional de la Lengua Materna,https://www.radionacional.gob.pe/cultura/cultura-peruana-celebra-el-dia-internacional-de-la-lengua-materna#1759814078321-5zz1akpeh,"Diversas actividades culturales se realizan en todo el país para conmemorar el Día Internacional de la Lengua Materna, destacando la importancia de preservar las lenguas originarias del Perú.",,Radio Nacional del Perú,2025-10-07T05:14:38.321Z,cmgg1fs0b0000112g1dwxzwzw,Actualidad,#3B82F6
cmgg3v59s01a413ghy7p11kh8,Gobierno anuncia nuevas medidas económicas para reactivar el país,https://www.radionacional.gob.pe/economia/gobierno-anuncia-nuevas-medidas-economicas-para-reactivar-el-pais#1759814078320-ximk37bbw,"El Ministerio de Economía y Finanzas presentó un paquete de medidas destinadas a impulsar la reactivación económica del país, incluyendo incentivos fiscales y programas de apoyo a las pequeñas empresas.",,Radio Nacional del Perú,2025-10-07T05:14:38.320Z,cmgg1fs0c0002112gtz9dd9xz,Economía,#059669
cmgg3v2z201a013gh6m23s8nf,Artículo de gestion.pe,https://gestion.pe//articulo-1#1759814075342-8d7z0axnu,Contenido extraído usando selectores CSS personalizados...,,gestion.pe,2025-10-07T05:14:35.342Z,,Sin categoría,
cmgg3v2z0019s13ghfgoiapxy,Artículo de diariocorreo.pe,https://diariocorreo.pe//articulo-1#1759814075340-t6fns33eq,Contenido extraído usando selectores CSS personalizados...,,diariocorreo.pe,2025-10-07T05:14:35.341Z,,Sin categoría,
cmgg3v2z1019w13ghoq2qsgbv,Artículo de www.infobae.com,https://www.infobae.com/peru//articulo-1#1759814075341-fxdbmfyle,Contenido extraído usando selectores CSS personalizados...,,www.infobae.com,2025-10-07T05:14:35.341Z,,Sin categoría,
cmgg3v2yz019o13ghuwg91rnr,Artículo de peru21.pe,https://peru21.pe//articulo-1#1759814075339-6xcegskgx,Contenido extraído usando selectores CSS personalizados...,,peru21.pe,2025-10-07T05:14:35.340Z,,Sin categoría,
cmgg3v2yz019k13gh5cedvu5s,Artículo de larepublica.pe,https://larepublica.pe//articulo-1#1759814075338-cvb0qhyk4,Contenido extraído usando selectores CSS personalizados...,,larepublica.pe,2025-10-07T05:14:35.339Z,,Sin categoría,
cmgg3v2yy019g13ghdbgtdvbd,Artículo de elcomercio.pe,https://elcomercio.pe//articulo-1#1759814075338-m1hrqcmvw,Contenido extraído usando selectores CSS personalizados...,,elcomercio.pe,2025-10-07T05:14:35.338Z,,Sin categoría,
cmgg3v2yx019c13ghv7kruztd,Artículo de www.youtube.com,https://www.youtube.com/channel/UCkZCoc42IipR1ucqJmIehsA/articulo-1#1759814075337-awm99fnw1,Contenido extraído usando selectores CSS personalizados...,,www.youtube.com,2025-10-07T05:14:35.337Z,,Sin categoría,
cmgg3v2yv019413ghapp2mjq5,Artículo de streema.com,https://streema.com/radios/Radio_Noticias_Peru/articulo-1#1759814075335-47le1ua59,Contenido extraído usando selectores CSS personalizados...,,streema.com,2025-10-07T05:14:35.336Z,,Sin categoría,
cmgg3v2yw019813gh6wladzpo,Artículo de radios.com.pe,https://radios.com.pe/exitosa-lima//articulo-1#1759814075336-m5znico70,Contenido extraído usando selectores CSS personalizados...,,radios.com.pe,2025-10-07T05:14:35.336Z,,Sin categoría,
cmgg3v2yu019013gh28ew1ckb,Artículo de radiouno.pe,https://radiouno.pe//articulo-1#1759814075334-tnm3vzagf,Contenido extraído usando selectores CSS personalizados...,,radiouno.pe,2025-10-07T05:14:35.335Z,,Sin categoría,
cmgg3v2yt018w13gh8nbof4ja,Artículo de canaln.pe,https://canaln.pe//articulo-1#1759814075333-i9tz8uxaz,Contenido extraído usando selectores CSS personalizados...,,canaln.pe,2025-10-07T05:14:35.334Z,,Sin categoría,
cmgg3v2ys018s13ghhqi2xtps,Artículo de www.exitosanoticias.pe,https://www.exitosanoticias.pe//articulo-1#1759814075332-y60a4oa25,Contenido extraído usando selectores CSS personalizados...,,www.exitosanoticias.pe,2025-10-07T05:14:35.333Z,,Sin categoría,
cmgg3v2yr018o13ghb09uvdn3,"Miguel Ángel Russo, entrenador de Boca Juniors, en grave estado de salud",https://rpp.pe/deportes/futbol/miguel-angel-russo-entrenador-de-boca-juniors-en-grave-estado-de-salud-noticia-123460#1759814075331-6kyhwbf0n,"El entrenador de Boca Juniors, Miguel Ángel Russo, se encuentra en grave estado de salud y fue internado en un centro médico. El club emitió un comunicado informando sobre su situación.",,RPP Noticias,2025-10-07T05:14:35.332Z,cmgg1fs0f0007112gev7odmxo,Salud,#10B981
cmgg3v2yq018k13ghz8wau3rt,Corpac reconoce que hubo 'breve interrupción' en el funcionamiento del sistema de control radar,https://rpp.pe/lima/actualidad/corpac-reconoce-que-hubo-breve-interrupcion-en-el-funcionamiento-del-sistema-de-control-radar-noticia-123458#1759814075330-mqipxgh5z,La Corporación Peruana de Aeropuertos y Aviación Comercial (Corpac) reconoció que hubo una breve interrupción en el funcionamiento del sistema de control radar en el aeropuerto Jorge Chávez.,,RPP Noticias,2025-10-07T05:14:35.331Z,,Sin categoría,
cmgg3v2yr018m13ghiz5bk8ft,Crisis sanitaria en Brasil: lo que se sabe de la intoxicación masiva por metanol,https://rpp.pe/mundo/latinoamerica/crisis-sanitaria-en-brasil-lo-que-se-sabe-de-la-intoxicacion-masiva-por-metanol-noticia-123459#1759814075331-5ygn0k7ni,Las autoridades brasileñas investigan una intoxicación masiva por metanol que ha causado muertes y la caída del consumo de alcohol en el país. Se han reportado varios casos en diferentes estados.,,RPP Noticias,2025-10-07T05:14:35.331Z,cmgg1fs0c0003112g7epw4vrz,Deportes,#F59E0B
cmgg3v2yp018g13ghghx86sp9,Dirigentes transportistas acuerdan no continuar con el paro tras reunión con ministros,https://rpp.pe/politica/actualidad/dirigentes-transportistas-acuerdan-no-continuar-con-el-paro-tras-reunion-con-ministros-noticia-123456#1759814075329-x84ozaimi,"Los representantes del sector sostuvieron una reunión con el jefe del Gabinete Ministerial, Eduardo Arana, y otros ministros en la que acordaron, entre otros puntos, la instalación de una mesa de trabajo.",,RPP Noticias,2025-10-07T05:14:35.330Z,cmgg1fs0b0001112g2lb2odtv,Política,#DC2626
cmgg3v2yq018i13ghygqzhgdf,Con caras nuevas: Selección Peruana empezó sus entrenamientos pensando en duelo ante Chile,https://rpp.pe/deportes/futbol/con-caras-nuevas-seleccion-peruana-empezo-sus-entrenamientos-pensando-en-duelo-ante-chile-noticia-123457#1759814075330-6e85grfw7,"Con la presencia de 20 futbolistas, la Selección Peruana empezó sus entrenamientos en La Videna FPF con miras al partido amistoso ante Chile. Felipe Chávez de Bayern Munich dijo presente.",,RPP Noticias,2025-10-07T05:14:35.330Z,cmgg1fs0c0003112g7epw4vrz,Deportes,#F59E0B
cmgg3v2yg018c13ghrwo1z5qz,Medio ambiente: Proyecto de conservación en la Amazonía peruana,https://www.radionacional.gob.pe/medio-ambiente/proyecto-de-conservacion-en-la-amazonia-peruana#1759814075320-fi8fmdpgi,Se lanza un nuevo proyecto de conservación en la Amazonía peruana que busca proteger la biodiversidad y promover el desarrollo sostenible en las comunidades locales.,,Radio Nacional del Perú,2025-10-07T05:14:35.321Z,cmgg1fs0g000a112g93a1z2i9,Medio Ambiente,#22C55E
cmgg3v2yf018813ghfjj29dz7,Ministerio de Salud reporta avances en campaña de vacunación,https://www.radionacional.gob.pe/salud/ministerio-de-salud-reporta-avances-en-campana-de-vacunacion#1759814075319-2d4i9pdpx,"El Ministerio de Salud informó sobre los avances en la campaña de vacunación contra diversas enfermedades, alcanzando importantes coberturas en las regiones más vulnerables del país.",,Radio Nacional del Perú,2025-10-07T05:14:35.320Z,cmgg1fs0f0007112gev7odmxo,Salud,#10B981
cmgg3v2yg018a13ghv59k2loc,Educación: Nuevas tecnologías llegan a escuelas rurales,https://www.radionacional.gob.pe/educacion/nuevas-tecnologias-llegan-a-escuelas-rurales#1759814075319-bjpo322ye,"El Ministerio de Educación implementa programas de tecnología educativa en escuelas rurales, llevando internet y equipos informáticos a comunidades alejadas para mejorar la calidad educativa.",,Radio Nacional del Perú,2025-10-07T05:14:35.320Z,cmgg1fs0f0008112gsse5oyp2,Sociedad,#F97316
cmgg3v2ye018613ghd49og8u1,Cultura peruana celebra el Día Internacional de la Lengua Materna,https://www.radionacional.gob.pe/cultura/cultura-peruana-celebra-el-dia-internacional-de-la-lengua-materna#1759814075318-dtoi8m0e5,"Diversas actividades culturales se realizan en todo el país para conmemorar el Día Internacional de la Lengua Materna, destacando la importancia de preservar las lenguas originarias del Perú.",,Radio Nacional del Perú,2025-10-07T05:14:35.319Z,cmgg1fs0b0000112g1dwxzwzw,Actualidad,#3B82F6
cmgg3v2ye018413gh6mjkly0u,Gobierno anuncia nuevas medidas económicas para reactivar el país,https://www.radionacional.gob.pe/economia/gobierno-anuncia-nuevas-medidas-economicas-para-reactivar-el-pais#1759814075317-91vb99dpn,"El Ministerio de Economía y Finanzas presentó un paquete de medidas destinadas a impulsar la reactivación económica del país, incluyendo incentivos fiscales y programas de apoyo a las pequeñas empresas.",,Radio Nacional del Perú,2025-10-07T05:14:35.318Z,cmgg1fs0c0002112gtz9dd9xz,Economía,#059669
cmgg3o9ig017z13gh3fu9m5sw,Artículo de gestion.pe,https://gestion.pe//articulo-1#1759813757224-0v7uw377k,Contenido extraído usando selectores CSS personalizados...,,gestion.pe,2025-10-07T05:09:17.225Z,,Sin categoría,
cmgg3o9if017v13gh8emswvm2,Artículo de www.infobae.com,https://www.infobae.com/peru//articulo-1#1759813757223-kg140xi46,Contenido extraído usando selectores CSS personalizados...,,www.infobae.com,2025-10-07T05:09:17.224Z,,Sin categoría,
cmgg3o9ie017r13ghj9bb7re5,Artículo de diariocorreo.pe,https://diariocorreo.pe//articulo-1#1759813757222-uzydocmnw,Contenido extraído usando selectores CSS personalizados...,,diariocorreo.pe,2025-10-07T05:09:17.223Z,,Sin categoría,
cmgg3o9id017n13gh1dfk0nin,Artículo de peru21.pe,https://peru21.pe//articulo-1#1759813757221-y7dewsx3m,Contenido extraído usando selectores CSS personalizados...,,peru21.pe,2025-10-07T05:09:17.221Z,,Sin categoría,
cmgg3o9ic017j13gh76gdit1z,Artículo de larepublica.pe,https://larepublica.pe//articulo-1#1759813757220-f3vrkankj,Contenido extraído usando selectores CSS personalizados...,,larepublica.pe,2025-10-07T05:09:17.220Z,,Sin categoría,
cmgg3o9ia017f13ghufzu94gv,Artículo de elcomercio.pe,https://elcomercio.pe//articulo-1#1759813757218-hj6u85zyb,Contenido extraído usando selectores CSS personalizados...,,elcomercio.pe,2025-10-07T05:09:17.219Z,,Sin categoría,
cmgg3o9i9017b13ghar3ce200,Artículo de www.youtube.com,https://www.youtube.com/channel/UCkZCoc42IipR1ucqJmIehsA/articulo-1#1759813757217-tfbgy47nl,Contenido extraído usando selectores CSS personalizados...,,www.youtube.com,2025-10-07T05:09:17.218Z,,Sin categoría,
cmgg3o9i8017713ghy65nax4e,Artículo de radios.com.pe,https://radios.com.pe/exitosa-lima//articulo-1#1759813757216-bqwgi82fb,Contenido extraído usando selectores CSS personalizados...,,radios.com.pe,2025-10-07T05:09:17.217Z,,Sin categoría,
cmgg3o9i7017313gh4ncztp4r,Artículo de streema.com,https://streema.com/radios/Radio_Noticias_Peru/articulo-1#1759813757215-1r5tgmuz9,Contenido extraído usando selectores CSS personalizados...,,streema.com,2025-10-07T05:09:17.215Z,,Sin categoría,
cmgg3o9i6016z13ghym02graq,Artículo de radiouno.pe,https://radiouno.pe//articulo-1#1759813757213-xi4a7890r,Contenido extraído usando selectores CSS personalizados...,,radiouno.pe,2025-10-07T05:09:17.214Z,,Sin categoría,
cmgg3o9i4016v13ghdhihireu,Artículo de canaln.pe,https://canaln.pe//articulo-1#1759813757212-au2z9dtbz,Contenido extraído usando selectores CSS personalizados...,,canaln.pe,2025-10-07T05:09:17.212Z,,Sin categoría,
cmgg3o9i2016r13gh1ghb21zk,Artículo de www.exitosanoticias.pe,https://www.exitosanoticias.pe//articulo-1#1759813757210-aibxpc3cd,Contenido extraído usando selectores CSS personalizados...,,www.exitosanoticias.pe,2025-10-07T05:09:17.211Z,,Sin categoría,
cmgg3o9i1016n13gh68kxcae2,"Miguel Ángel Russo, entrenador de Boca Juniors, en grave estado de salud",https://rpp.pe/deportes/futbol/miguel-angel-russo-entrenador-de-boca-juniors-en-grave-estado-de-salud-noticia-123460#1759813757209-bures4zdx,"El entrenador de Boca Juniors, Miguel Ángel Russo, se encuentra en grave estado de salud y fue internado en un centro médico. El club emitió un comunicado informando sobre su situación.",,RPP Noticias,2025-10-07T05:09:17.209Z,cmgg1fs0f0007112gev7odmxo,Salud,#10B981
cmgg3o9hz016j13gheivimpz7,Corpac reconoce que hubo 'breve interrupción' en el funcionamiento del sistema de control radar,https://rpp.pe/lima/actualidad/corpac-reconoce-que-hubo-breve-interrupcion-en-el-funcionamiento-del-sistema-de-control-radar-noticia-123458#1759813757207-zfbh0zybk,La Corporación Peruana de Aeropuertos y Aviación Comercial (Corpac) reconoció que hubo una breve interrupción en el funcionamiento del sistema de control radar en el aeropuerto Jorge Chávez.,,RPP Noticias,2025-10-07T05:09:17.208Z,,Sin categoría,
cmgg3o9i0016l13ghpc682c28,Crisis sanitaria en Brasil: lo que se sabe de la intoxicación masiva por metanol,https://rpp.pe/mundo/latinoamerica/crisis-sanitaria-en-brasil-lo-que-se-sabe-de-la-intoxicacion-masiva-por-metanol-noticia-123459#1759813757208-g7au1wh26,Las autoridades brasileñas investigan una intoxicación masiva por metanol que ha causado muertes y la caída del consumo de alcohol en el país. Se han reportado varios casos en diferentes estados.,,RPP Noticias,2025-10-07T05:09:17.208Z,cmgg1fs0c0003112g7epw4vrz,Deportes,#F59E0B
cmgg3o9hy016h13gh2sri100g,Con caras nuevas: Selección Peruana empezó sus entrenamientos pensando en duelo ante Chile,https://rpp.pe/deportes/futbol/con-caras-nuevas-seleccion-peruana-empezo-sus-entrenamientos-pensando-en-duelo-ante-chile-noticia-123457#1759813757206-np3talfm2,"Con la presencia de 20 futbolistas, la Selección Peruana empezó sus entrenamientos en La Videna FPF con miras al partido amistoso ante Chile. Felipe Chávez de Bayern Munich dijo presente.",,RPP Noticias,2025-10-07T05:09:17.207Z,cmgg1fs0c0003112g7epw4vrz,Deportes,#F59E0B
cmgg3o9hx016f13gha2sllogo,Dirigentes transportistas acuerdan no continuar con el paro tras reunión con ministros,https://rpp.pe/politica/actualidad/dirigentes-transportistas-acuerdan-no-continuar-con-el-paro-tras-reunion-con-ministros-noticia-123456#1759813757205-kg29cu3p7,"Los representantes del sector sostuvieron una reunión con el jefe del Gabinete Ministerial, Eduardo Arana, y otros ministros en la que acordaron, entre otros puntos, la instalación de una mesa de trabajo.",,RPP Noticias,2025-10-07T05:09:17.206Z,cmgg1fs0b0001112g2lb2odtv,Política,#DC2626
cmgg3o9ht016b13ghiz1c2ah6,Medio ambiente: Proyecto de conservación en la Amazonía peruana,https://www.radionacional.gob.pe/medio-ambiente/proyecto-de-conservacion-en-la-amazonia-peruana#1759813757201-1iq9jxkp6,Se lanza un nuevo proyecto de conservación en la Amazonía peruana que busca proteger la biodiversidad y promover el desarrollo sostenible en las comunidades locales.,,Radio Nacional del Perú,2025-10-07T05:09:17.201Z,cmgg1fs0g000a112g93a1z2i9,Medio Ambiente,#22C55E
cmgg3o9hs016913ghe8y8ay5n,Educación: Nuevas tecnologías llegan a escuelas rurales,https://www.radionacional.gob.pe/educacion/nuevas-tecnologias-llegan-a-escuelas-rurales#1759813757200-p3d5n1xkp,"El Ministerio de Educación implementa programas de tecnología educativa en escuelas rurales, llevando internet y equipos informáticos a comunidades alejadas para mejorar la calidad educativa.",,Radio Nacional del Perú,2025-10-07T05:09:17.200Z,cmgg1fs0f0008112gsse5oyp2,Sociedad,#F97316
cmgg3o9hr016713ghkvsodd1d,Ministerio de Salud reporta avances en campaña de vacunación,https://www.radionacional.gob.pe/salud/ministerio-de-salud-reporta-avances-en-campana-de-vacunacion#1759813757198-hh5jezxxq,"El Ministerio de Salud informó sobre los avances en la campaña de vacunación contra diversas enfermedades, alcanzando importantes coberturas en las regiones más vulnerables del país.",,Radio Nacional del Perú,2025-10-07T05:09:17.199Z,cmgg1fs0f0007112gev7odmxo,Salud,#10B981
cmgg3o9hp016513ghhsrh903i,Cultura peruana celebra el Día Internacional de la Lengua Materna,https://www.radionacional.gob.pe/cultura/cultura-peruana-celebra-el-dia-internacional-de-la-lengua-materna#1759813757197-47p4gy4qq,"Diversas actividades culturales se realizan en todo el país para conmemorar el Día Internacional de la Lengua Materna, destacando la importancia de preservar las lenguas originarias del Perú.",,Radio Nacional del Perú,2025-10-07T05:09:17.198Z,cmgg1fs0b0000112g1dwxzwzw,Actualidad,#3B82F6
cmgg3o9hn016313gh0z0vqqxa,Gobierno anuncia nuevas medidas económicas para reactivar el país,https://www.radionacional.gob.pe/economia/gobierno-anuncia-nuevas-medidas-economicas-para-reactivar-el-pais#1759813757194-p72bcn1kt,"El Ministerio de Economía y Finanzas presentó un paquete de medidas destinadas a impulsar la reactivación económica del país, incluyendo incentivos fiscales y programas de apoyo a las pequeñas empresas.",,Radio Nacional del Perú,2025-10-07T05:09:17.195Z,cmgg1fs0c0002112gtz9dd9xz,Economía,#059669
cmgg3o77b015z13ghvxe1tqs6,Artículo de gestion.pe,https://gestion.pe//articulo-1#1759813754231-1kkdqo9n8,Contenido extraído usando selectores CSS personalizados...,,gestion.pe,2025-10-07T05:09:14.232Z,,Sin categoría,
cmgg3o77a015v13ghvpt3s82a,Artículo de www.infobae.com,https://www.infobae.com/peru//articulo-1#1759813754230-vmj2pocad,Contenido extraído usando selectores CSS personalizados...,,www.infobae.com,2025-10-07T05:09:14.231Z,,Sin categoría,
cmgg3o779015r13ghvs0fby30,Artículo de diariocorreo.pe,https://diariocorreo.pe//articulo-1#1759813754229-n0i9v8j4d,Contenido extraído usando selectores CSS personalizados...,,diariocorreo.pe,2025-10-07T05:09:14.230Z,,Sin categoría,
cmgg3o778015n13ghdlb71b4a,Artículo de peru21.pe,https://peru21.pe//articulo-1#1759813754228-7mm4td5gw,Contenido extraído usando selectores CSS personalizados...,,peru21.pe,2025-10-07T05:09:14.229Z,,Sin categoría,
cmgg3o777015j13gh9guh65ho,Artículo de larepublica.pe,https://larepublica.pe//articulo-1#1759813754227-j0hvmwjpa,Contenido extraído usando selectores CSS personalizados...,,larepublica.pe,2025-10-07T05:09:14.227Z,,Sin categoría,
cmgg3o776015f13gh3m6yor8a,Artículo de elcomercio.pe,https://elcomercio.pe//articulo-1#1759813754226-pi0882k2s,Contenido extraído usando selectores CSS personalizados...,,elcomercio.pe,2025-10-07T05:09:14.226Z,,Sin categoría,
cmgg3o775015b13ghwzni9je9,Artículo de www.youtube.com,https://www.youtube.com/channel/UCkZCoc42IipR1ucqJmIehsA/articulo-1#1759813754225-9ee6hstjn,Contenido extraído usando selectores CSS personalizados...,,www.youtube.com,2025-10-07T05:09:14.225Z,,Sin categoría,
cmgg3o773015713gh1kkzsutw,Artículo de radios.com.pe,https://radios.com.pe/exitosa-lima//articulo-1#1759813754223-afxedque8,Contenido extraído usando selectores CSS personalizados...,,radios.com.pe,2025-10-07T05:09:14.224Z,,Sin categoría,
cmgg3o772015313gh0wfcjqw3,Artículo de streema.com,https://streema.com/radios/Radio_Noticias_Peru/articulo-1#1759813754222-aum65d2tc,Contenido extraído usando selectores CSS personalizados...,,streema.com,2025-10-07T05:09:14.223Z,,Sin categoría,
cmgg3o771014z13ghef249w7f,Artículo de radiouno.pe,https://radiouno.pe//articulo-1#1759813754221-e3yvkkxsd,Contenido extraído usando selectores CSS personalizados...,,radiouno.pe,2025-10-07T05:09:14.221Z,,Sin categoría,
cmgg3o770014v13ghenvyusca,Artículo de canaln.pe,https://canaln.pe//articulo-1#1759813754220-ypwl3hgau,Contenido extraído usando selectores CSS personalizados...,,canaln.pe,2025-10-07T05:09:14.220Z,,Sin categoría,
cmgg3o76y014r13gh4h3zgkpl,Artículo de www.exitosanoticias.pe,https://www.exitosanoticias.pe//articulo-1#1759813754218-uk68ern0f,Contenido extraído usando selectores CSS personalizados...,,www.exitosanoticias.pe,2025-10-07T05:09:14.219Z,,Sin categoría,
cmgg3o76x014n13ghpawgfc8v,"Miguel Ángel Russo, entrenador de Boca Juniors, en grave estado de salud",https://rpp.pe/deportes/futbol/miguel-angel-russo-entrenador-de-boca-juniors-en-grave-estado-de-salud-noticia-123460#1759813754216-fsngnqo1v,"El entrenador de Boca Juniors, Miguel Ángel Russo, se encuentra en grave estado de salud y fue internado en un centro médico. El club emitió un comunicado informando sobre su situación.",,RPP Noticias,2025-10-07T05:09:14.217Z,cmgg1fs0f0007112gev7odmxo,Salud,#10B981
cmgg3o76v014j13ghancyb7bv,Corpac reconoce que hubo 'breve interrupción' en el funcionamiento del sistema de control radar,https://rpp.pe/lima/actualidad/corpac-reconoce-que-hubo-breve-interrupcion-en-el-funcionamiento-del-sistema-de-control-radar-noticia-123458#1759813754215-njv09u72s,La Corporación Peruana de Aeropuertos y Aviación Comercial (Corpac) reconoció que hubo una breve interrupción en el funcionamiento del sistema de control radar en el aeropuerto Jorge Chávez.,,RPP Noticias,2025-10-07T05:09:14.216Z,,Sin categoría,
cmgg3o76w014l13gh878jjy5c,Crisis sanitaria en Brasil: lo que se sabe de la intoxicación masiva por metanol,https://rpp.pe/mundo/latinoamerica/crisis-sanitaria-en-brasil-lo-que-se-sabe-de-la-intoxicacion-masiva-por-metanol-noticia-123459#1759813754216-xjiwmcrus,Las autoridades brasileñas investigan una intoxicación masiva por metanol que ha causado muertes y la caída del consumo de alcohol en el país. Se han reportado varios casos en diferentes estados.,,RPP Noticias,2025-10-07T05:09:14.216Z,cmgg1fs0c0003112g7epw4vrz,Deportes,#F59E0B
cmgg3o76u014h13ghg8qlw8h4,Con caras nuevas: Selección Peruana empezó sus entrenamientos pensando en duelo ante Chile,https://rpp.pe/deportes/futbol/con-caras-nuevas-seleccion-peruana-empezo-sus-entrenamientos-pensando-en-duelo-ante-chile-noticia-123457#1759813754214-yjopl3zkd,"Con la presencia de 20 futbolistas, la Selección Peruana empezó sus entrenamientos en La Videna FPF con miras al partido amistoso ante Chile. Felipe Chávez de Bayern Munich dijo presente.",,RPP Noticias,2025-10-07T05:09:14.215Z,cmgg1fs0c0003112g7epw4vrz,Deportes,#F59E0B
cmgg3o76t014f13ghtp3188cq,Dirigentes transportistas acuerdan no continuar con el paro tras reunión con ministros,https://rpp.pe/politica/actualidad/dirigentes-transportistas-acuerdan-no-continuar-con-el-paro-tras-reunion-con-ministros-noticia-123456#1759813754213-ybavvk6tz,"Los representantes del sector sostuvieron una reunión con el jefe del Gabinete Ministerial, Eduardo Arana, y otros ministros en la que acordaron, entre otros puntos, la instalación de una mesa de trabajo.",,RPP Noticias,2025-10-07T05:09:14.214Z,cmgg1fs0b0001112g2lb2odtv,Política,#DC2626
cmgg3o76p014b13ghbziqkqa6,Medio ambiente: Proyecto de conservación en la Amazonía peruana,https://www.radionacional.gob.pe/medio-ambiente/proyecto-de-conservacion-en-la-amazonia-peruana#1759813754209-9lvzqu62q,Se lanza un nuevo proyecto de conservación en la Amazonía peruana que busca proteger la biodiversidad y promover el desarrollo sostenible en las comunidades locales.,,Radio Nacional del Perú,2025-10-07T05:09:14.210Z,cmgg1fs0g000a112g93a1z2i9,Medio Ambiente,#22C55E
cmgg3o76o014913ghwcwpxltm,Educación: Nuevas tecnologías llegan a escuelas rurales,https://www.radionacional.gob.pe/educacion/nuevas-tecnologias-llegan-a-escuelas-rurales#1759813754208-otg089myt,"El Ministerio de Educación implementa programas de tecnología educativa en escuelas rurales, llevando internet y equipos informáticos a comunidades alejadas para mejorar la calidad educativa.",,Radio Nacional del Perú,2025-10-07T05:09:14.209Z,cmgg1fs0f0008112gsse5oyp2,Sociedad,#F97316
cmgg3o76n014713ghz73pkzun,Ministerio de Salud reporta avances en campaña de vacunación,https://www.radionacional.gob.pe/salud/ministerio-de-salud-reporta-avances-en-campana-de-vacunacion#1759813754207-7bmklv3a8,"El Ministerio de Salud informó sobre los avances en la campaña de vacunación contra diversas enfermedades, alcanzando importantes coberturas en las regiones más vulnerables del país.",,Radio Nacional del Perú,2025-10-07T05:09:14.208Z,cmgg1fs0f0007112gev7odmxo,Salud,#10B981
cmgg3o76l014513ghodcix3ut,Cultura peruana celebra el Día Internacional de la Lengua Materna,https://www.radionacional.gob.pe/cultura/cultura-peruana-celebra-el-dia-internacional-de-la-lengua-materna#1759813754205-sqpkpkkga,"Diversas actividades culturales se realizan en todo el país para conmemorar el Día Internacional de la Lengua Materna, destacando la importancia de preservar las lenguas originarias del Perú.",,Radio Nacional del Perú,2025-10-07T05:09:14.206Z,cmgg1fs0b0000112g1dwxzwzw,Actualidad,#3B82F6
cmgg3o76j014313ghy0a9av1r,Gobierno anuncia nuevas medidas económicas para reactivar el país,https://www.radionacional.gob.pe/economia/gobierno-anuncia-nuevas-medidas-economicas-para-reactivar-el-pais#1759813754203-qxoop5y3r,"El Ministerio de Economía y Finanzas presentó un paquete de medidas destinadas a impulsar la reactivación económica del país, incluyendo incentivos fiscales y programas de apoyo a las pequeñas empresas.",,Radio Nacional del Perú,2025-10-07T05:09:14.204Z,cmgg1fs0c0002112gtz9dd9xz,Economía,#059669
cmgg3o5su013z13gh279rhz5z,Artículo de gestion.pe,https://gestion.pe//articulo-1#1759813752414-air603zpq,Contenido extraído usando selectores CSS personalizados...,,gestion.pe,2025-10-07T05:09:12.414Z,,Sin categoría,
cmgg3o5st013v13ghpg4c3niv,Artículo de www.infobae.com,https://www.infobae.com/peru//articulo-1#1759813752413-m5skch2vu,Contenido extraído usando selectores CSS personalizados...,,www.infobae.com,2025-10-07T05:09:12.413Z,,Sin categoría,
cmgg3o5ss013r13gh78xwqe1v,Artículo de diariocorreo.pe,https://diariocorreo.pe//articulo-1#1759813752411-0aqyr4urp,Contenido extraído usando selectores CSS personalizados...,,diariocorreo.pe,2025-10-07T05:09:12.412Z,,Sin categoría,
cmgg3o5sr013n13ghde31gmmd,Artículo de peru21.pe,https://peru21.pe//articulo-1#1759813752410-fexvhd75t,Contenido extraído usando selectores CSS personalizados...,,peru21.pe,2025-10-07T05:09:12.411Z,,Sin categoría,
cmgg3o5sp013j13ghf5hu4rsn,Artículo de larepublica.pe,https://larepublica.pe//articulo-1#1759813752409-cr99zbl67,Contenido extraído usando selectores CSS personalizados...,,larepublica.pe,2025-10-07T05:09:12.410Z,,Sin categoría,
cmgg3o5so013f13ghvtu6gzej,Artículo de elcomercio.pe,https://elcomercio.pe//articulo-1#1759813752408-qbo15efgm,Contenido extraído usando selectores CSS personalizados...,,elcomercio.pe,2025-10-07T05:09:12.409Z,,Sin categoría,
cmgg3o5sn013b13ghj6v5wa00,Artículo de www.youtube.com,https://www.youtube.com/channel/UCkZCoc42IipR1ucqJmIehsA/articulo-1#1759813752407-q8ca477w1,Contenido extraído usando selectores CSS personalizados...,,www.youtube.com,2025-10-07T05:09:12.407Z,,Sin categoría,
cmgg3o5sl013713ghs702vbso,Artículo de radios.com.pe,https://radios.com.pe/exitosa-lima//articulo-1#1759813752405-ld4nd77gl,Contenido extraído usando selectores CSS personalizados...,,radios.com.pe,2025-10-07T05:09:12.406Z,,Sin categoría,
cmgg3o5sk013313ghnvjo86cy,Artículo de streema.com,https://streema.com/radios/Radio_Noticias_Peru/articulo-1#1759813752404-l3jhb4aun,Contenido extraído usando selectores CSS personalizados...,,streema.com,2025-10-07T05:09:12.405Z,,Sin categoría,
cmgg3o5sj012z13ghlifmagn7,Artículo de radiouno.pe,https://radiouno.pe//articulo-1#1759813752403-jj0ctjhu2,Contenido extraído usando selectores CSS personalizados...,,radiouno.pe,2025-10-07T05:09:12.403Z,,Sin categoría,
cmgg3o5si012v13ghjlahcrc7,Artículo de canaln.pe,https://canaln.pe//articulo-1#1759813752401-a632wa1x2,Contenido extraído usando selectores CSS personalizados...,,canaln.pe,2025-10-07T05:09:12.402Z,,Sin categoría,
cmgg3o5sg012r13ghiufokwj0,Artículo de www.exitosanoticias.pe,https://www.exitosanoticias.pe//articulo-1#1759813752400-srx5uavk9,Contenido extraído usando selectores CSS personalizados...,,www.exitosanoticias.pe,2025-10-07T05:09:12.400Z,,Sin categoría,
cmgg3o5se012n13ghmq2qnuwf,"Miguel Ángel Russo, entrenador de Boca Juniors, en grave estado de salud",https://rpp.pe/deportes/futbol/miguel-angel-russo-entrenador-de-boca-juniors-en-grave-estado-de-salud-noticia-123460#1759813752398-drmmo2cx4,"El entrenador de Boca Juniors, Miguel Ángel Russo, se encuentra en grave estado de salud y fue internado en un centro médico. El club emitió un comunicado informando sobre su situación.",,RPP Noticias,2025-10-07T05:09:12.399Z,cmgg1fs0f0007112gev7odmxo,Salud,#10B981
cmgg3o5se012l13ghhvch6prn,Crisis sanitaria en Brasil: lo que se sabe de la intoxicación masiva por metanol,https://rpp.pe/mundo/latinoamerica/crisis-sanitaria-en-brasil-lo-que-se-sabe-de-la-intoxicacion-masiva-por-metanol-noticia-123459#1759813752398-n959zj0np,Las autoridades brasileñas investigan una intoxicación masiva por metanol que ha causado muertes y la caída del consumo de alcohol en el país. Se han reportado varios casos en diferentes estados.,,RPP Noticias,2025-10-07T05:09:12.398Z,cmgg1fs0c0003112g7epw4vrz,Deportes,#F59E0B
cmgg3o5sc012h13gh4al66xqf,Con caras nuevas: Selección Peruana empezó sus entrenamientos pensando en duelo ante Chile,https://rpp.pe/deportes/futbol/con-caras-nuevas-seleccion-peruana-empezo-sus-entrenamientos-pensando-en-duelo-ante-chile-noticia-123457#1759813752396-48bgxbyng,"Con la presencia de 20 futbolistas, la Selección Peruana empezó sus entrenamientos en La Videna FPF con miras al partido amistoso ante Chile. Felipe Chávez de Bayern Munich dijo presente.",,RPP Noticias,2025-10-07T05:09:12.397Z,cmgg1fs0c0003112g7epw4vrz,Deportes,#F59E0B
cmgg3o5sd012j13ghnmx8oayq,Corpac reconoce que hubo 'breve interrupción' en el funcionamiento del sistema de control radar,https://rpp.pe/lima/actualidad/corpac-reconoce-que-hubo-breve-interrupcion-en-el-funcionamiento-del-sistema-de-control-radar-noticia-123458#1759813752397-8k0pepmob,La Corporación Peruana de Aeropuertos y Aviación Comercial (Corpac) reconoció que hubo una breve interrupción en el funcionamiento del sistema de control radar en el aeropuerto Jorge Chávez.,,RPP Noticias,2025-10-07T05:09:12.397Z,,Sin categoría,
cmgg3o5sb012f13gh4t1m4k5j,Dirigentes transportistas acuerdan no continuar con el paro tras reunión con ministros,https://rpp.pe/politica/actualidad/dirigentes-transportistas-acuerdan-no-continuar-con-el-paro-tras-reunion-con-ministros-noticia-123456#1759813752395-yd1k35x2p,"Los representantes del sector sostuvieron una reunión con el jefe del Gabinete Ministerial, Eduardo Arana, y otros ministros en la que acordaron, entre otros puntos, la instalación de una mesa de trabajo.",,RPP Noticias,2025-10-07T05:09:12.396Z,cmgg1fs0b0001112g2lb2odtv,Política,#DC2626
cmgg3o5s7012b13ghla6jjf8t,Medio ambiente: Proyecto de conservación en la Amazonía peruana,https://www.radionacional.gob.pe/medio-ambiente/proyecto-de-conservacion-en-la-amazonia-peruana#1759813752391-jbrs4iz6m,Se lanza un nuevo proyecto de conservación en la Amazonía peruana que busca proteger la biodiversidad y promover el desarrollo sostenible en las comunidades locales.,,Radio Nacional del Perú,2025-10-07T05:09:12.391Z,cmgg1fs0g000a112g93a1z2i9,Medio Ambiente,#22C55E
cmgg3o5s6012913ghybyogzrn,Educación: Nuevas tecnologías llegan a escuelas rurales,https://www.radionacional.gob.pe/educacion/nuevas-tecnologias-llegan-a-escuelas-rurales#1759813752389-5or0k3nvl,"El Ministerio de Educación implementa programas de tecnología educativa en escuelas rurales, llevando internet y equipos informáticos a comunidades alejadas para mejorar la calidad educativa.",,Radio Nacional del Perú,2025-10-07T05:09:12.390Z,cmgg1fs0f0008112gsse5oyp2,Sociedad,#F97316
cmgg3o5s4012713ghp4bs5svg,Ministerio de Salud reporta avances en campaña de vacunación,https://www.radionacional.gob.pe/salud/ministerio-de-salud-reporta-avances-en-campana-de-vacunacion#1759813752388-uqp4hxi8r,"El Ministerio de Salud informó sobre los avances en la campaña de vacunación contra diversas enfermedades, alcanzando importantes coberturas en las regiones más vulnerables del país.",,Radio Nacional del Perú,2025-10-07T05:09:12.389Z,cmgg1fs0f0007112gev7odmxo,Salud,#10B981
cmgg3o5s3012513ghqydunjch,Cultura peruana celebra el Día Internacional de la Lengua Materna,https://www.radionacional.gob.pe/cultura/cultura-peruana-celebra-el-dia-internacional-de-la-lengua-materna#1759813752387-o0qecx2pz,"Diversas actividades culturales se realizan en todo el país para conmemorar el Día Internacional de la Lengua Materna, destacando la importancia de preservar las lenguas originarias del Perú.",,Radio Nacional del Perú,2025-10-07T05:09:12.388Z,cmgg1fs0b0000112g1dwxzwzw,Actualidad,#3B82F6
cmgg3o5s1012313ghby36oqbp,Gobierno anuncia nuevas medidas económicas para reactivar el país,https://www.radionacional.gob.pe/economia/gobierno-anuncia-nuevas-medidas-economicas-para-reactivar-el-pais#1759813752384-gwx85hx7s,"El Ministerio de Economía y Finanzas presentó un paquete de medidas destinadas a impulsar la reactivación económica del país, incluyendo incentivos fiscales y programas de apoyo a las pequeñas empresas.",,Radio Nacional del Perú,2025-10-07T05:09:12.385Z,cmgg1fs0c0002112gtz9dd9xz,Economía,#059669
cmgg3o3f2011z13ghlablov0l,Artículo de gestion.pe,https://gestion.pe//articulo-1#1759813749326-34aulxh7i,Contenido extraído usando selectores CSS personalizados...,,gestion.pe,2025-10-07T05:09:09.327Z,,Sin categoría,
cmgg3o3f1011v13ghx1t1auko,Artículo de www.infobae.com,https://www.infobae.com/peru//articulo-1#1759813749325-78glzztly,Contenido extraído usando selectores CSS personalizados...,,www.infobae.com,2025-10-07T05:09:09.325Z,,Sin categoría,
cmgg3o3f0011r13ghto3nd2mk,Artículo de diariocorreo.pe,https://diariocorreo.pe//articulo-1#1759813749324-dy6xkz4u4,Contenido extraído usando selectores CSS personalizados...,,diariocorreo.pe,2025-10-07T05:09:09.324Z,,Sin categoría,
cmgg3o3ez011n13ghau684sub,Artículo de peru21.pe,https://peru21.pe//articulo-1#1759813749323-6wa2a0tyo,Contenido extraído usando selectores CSS personalizados...,,peru21.pe,2025-10-07T05:09:09.323Z,,Sin categoría,
cmgg3o3ey011j13ghxvgohdvj,Artículo de larepublica.pe,https://larepublica.pe//articulo-1#1759813749321-rhh292snh,Contenido extraído usando selectores CSS personalizados...,,larepublica.pe,2025-10-07T05:09:09.322Z,,Sin categoría,
cmgg3o3ew011f13ghisxfbszv,Artículo de elcomercio.pe,https://elcomercio.pe//articulo-1#1759813749320-8gs3q2kqy,Contenido extraído usando selectores CSS personalizados...,,elcomercio.pe,2025-10-07T05:09:09.321Z,,Sin categoría,
cmgg3o3ev011b13gh3919xq2c,Artículo de www.youtube.com,https://www.youtube.com/channel/UCkZCoc42IipR1ucqJmIehsA/articulo-1#1759813749319-g8sgb35gt,Contenido extraído usando selectores CSS personalizados...,,www.youtube.com,2025-10-07T05:09:09.320Z,,Sin categoría,
cmgg3o3eu011713gh3ejqm29h,Artículo de radios.com.pe,https://radios.com.pe/exitosa-lima//articulo-1#1759813749318-cj0rcc1jd,Contenido extraído usando selectores CSS personalizados...,,radios.com.pe,2025-10-07T05:09:09.318Z,,Sin categoría,
cmgg3o3et011313gh03dfwusg,Artículo de streema.com,https://streema.com/radios/Radio_Noticias_Peru/articulo-1#1759813749317-ok8i03zb1,Contenido extraído usando selectores CSS personalizados...,,streema.com,2025-10-07T05:09:09.317Z,,Sin categoría,
cmgg3o3er010z13ghmulys97m,Artículo de radiouno.pe,https://radiouno.pe//articulo-1#1759813749315-o2u2divvs,Contenido extraído usando selectores CSS personalizados...,,radiouno.pe,2025-10-07T05:09:09.316Z,,Sin categoría,
cmgg3o3eq010v13ghd431h5o0,Artículo de canaln.pe,https://canaln.pe//articulo-1#1759813749313-gosh5qg17,Contenido extraído usando selectores CSS personalizados...,,canaln.pe,2025-10-07T05:09:09.314Z,,Sin categoría,
cmgg3o3eo010r13ghur166xx2,Artículo de www.exitosanoticias.pe,https://www.exitosanoticias.pe//articulo-1#1759813749312-mi3wrn3ns,Contenido extraído usando selectores CSS personalizados...,,www.exitosanoticias.pe,2025-10-07T05:09:09.312Z,,Sin categoría,
cmgg3o3em010n13ghyj9cw2xv,"Miguel Ángel Russo, entrenador de Boca Juniors, en grave estado de salud",https://rpp.pe/deportes/futbol/miguel-angel-russo-entrenador-de-boca-juniors-en-grave-estado-de-salud-noticia-123460#1759813749310-0ecmsimiu,"El entrenador de Boca Juniors, Miguel Ángel Russo, se encuentra en grave estado de salud y fue internado en un centro médico. El club emitió un comunicado informando sobre su situación.",,RPP Noticias,2025-10-07T05:09:09.311Z,cmgg1fs0f0007112gev7odmxo,Salud,#10B981
cmgg3o3el010l13ghtqy4uw6x,Crisis sanitaria en Brasil: lo que se sabe de la intoxicación masiva por metanol,https://rpp.pe/mundo/latinoamerica/crisis-sanitaria-en-brasil-lo-que-se-sabe-de-la-intoxicacion-masiva-por-metanol-noticia-123459#1759813749309-nsyxs0t4q,Las autoridades brasileñas investigan una intoxicación masiva por metanol que ha causado muertes y la caída del consumo de alcohol en el país. Se han reportado varios casos en diferentes estados.,,RPP Noticias,2025-10-07T05:09:09.310Z,cmgg1fs0c0003112g7epw4vrz,Deportes,#F59E0B
cmgg3o3ek010j13gh6hgejdq1,Corpac reconoce que hubo 'breve interrupción' en el funcionamiento del sistema de control radar,https://rpp.pe/lima/actualidad/corpac-reconoce-que-hubo-breve-interrupcion-en-el-funcionamiento-del-sistema-de-control-radar-noticia-123458#1759813749308-0grd56ai4,La Corporación Peruana de Aeropuertos y Aviación Comercial (Corpac) reconoció que hubo una breve interrupción en el funcionamiento del sistema de control radar en el aeropuerto Jorge Chávez.,,RPP Noticias,2025-10-07T05:09:09.309Z,,Sin categoría,
cmgg3o3ek010h13ghndx6xkyw,Con caras nuevas: Selección Peruana empezó sus entrenamientos pensando en duelo ante Chile,https://rpp.pe/deportes/futbol/con-caras-nuevas-seleccion-peruana-empezo-sus-entrenamientos-pensando-en-duelo-ante-chile-noticia-123457#1759813749308-3ylgosemw,"Con la presencia de 20 futbolistas, la Selección Peruana empezó sus entrenamientos en La Videna FPF con miras al partido amistoso ante Chile. Felipe Chávez de Bayern Munich dijo presente.",,RPP Noticias,2025-10-07T05:09:09.308Z,cmgg1fs0c0003112g7epw4vrz,Deportes,#F59E0B
cmgg3o3ej010f13ghczoe2vf7,Dirigentes transportistas acuerdan no continuar con el paro tras reunión con ministros,https://rpp.pe/politica/actualidad/dirigentes-transportistas-acuerdan-no-continuar-con-el-paro-tras-reunion-con-ministros-noticia-123456#1759813749307-5h05gc4q6,"Los representantes del sector sostuvieron una reunión con el jefe del Gabinete Ministerial, Eduardo Arana, y otros ministros en la que acordaron, entre otros puntos, la instalación de una mesa de trabajo.",,RPP Noticias,2025-10-07T05:09:09.307Z,cmgg1fs0b0001112g2lb2odtv,Política,#DC2626
cmgg3o3ef010b13gh7mx5ky9w,Medio ambiente: Proyecto de conservación en la Amazonía peruana,https://www.radionacional.gob.pe/medio-ambiente/proyecto-de-conservacion-en-la-amazonia-peruana#1759813749303-gzwdfnvhq,Se lanza un nuevo proyecto de conservación en la Amazonía peruana que busca proteger la biodiversidad y promover el desarrollo sostenible en las comunidades locales.,,Radio Nacional del Perú,2025-10-07T05:09:09.303Z,cmgg1fs0g000a112g93a1z2i9,Medio Ambiente,#22C55E
cmgg3o3ee010913ghh412oq76,Educación: Nuevas tecnologías llegan a escuelas rurales,https://www.radionacional.gob.pe/educacion/nuevas-tecnologias-llegan-a-escuelas-rurales#1759813749302-6zbkzh842,"El Ministerio de Educación implementa programas de tecnología educativa en escuelas rurales, llevando internet y equipos informáticos a comunidades alejadas para mejorar la calidad educativa.",,Radio Nacional del Perú,2025-10-07T05:09:09.302Z,cmgg1fs0f0008112gsse5oyp2,Sociedad,#F97316
cmgg3o3ed010713gh88hbmi0y,Ministerio de Salud reporta avances en campaña de vacunación,https://www.radionacional.gob.pe/salud/ministerio-de-salud-reporta-avances-en-campana-de-vacunacion#1759813749301-arxfb8cxs,"El Ministerio de Salud informó sobre los avances en la campaña de vacunación contra diversas enfermedades, alcanzando importantes coberturas en las regiones más vulnerables del país.",,Radio Nacional del Perú,2025-10-07T05:09:09.301Z,cmgg1fs0f0007112gev7odmxo,Salud,#10B981
cmgg3o3eb010513gh5gdfbadk,Cultura peruana celebra el Día Internacional de la Lengua Materna,https://www.radionacional.gob.pe/cultura/cultura-peruana-celebra-el-dia-internacional-de-la-lengua-materna#1759813749299-ee54ofzx4,"Diversas actividades culturales se realizan en todo el país para conmemorar el Día Internacional de la Lengua Materna, destacando la importancia de preservar las lenguas originarias del Perú.",,Radio Nacional del Perú,2025-10-07T05:09:09.300Z,cmgg1fs0b0000112g1dwxzwzw,Actualidad,#3B82F6
cmgg3o3e9010313ghsykicooy,Gobierno anuncia nuevas medidas económicas para reactivar el país,https://www.radionacional.gob.pe/economia/gobierno-anuncia-nuevas-medidas-economicas-para-reactivar-el-pais#1759813749296-hsxgl247y,"El Ministerio de Economía y Finanzas presentó un paquete de medidas destinadas a impulsar la reactivación económica del país, incluyendo incentivos fiscales y programas de apoyo a las pequeñas empresas.",,Radio Nacional del Perú,2025-10-07T05:09:09.297Z,cmgg1fs0c0002112gtz9dd9xz,Economía,#059669
cmgg3o26f00zz13gh2cot16jf,Artículo de gestion.pe,https://gestion.pe//articulo-1#1759813747719-dwij9ecol,Contenido extraído usando selectores CSS personalizados...,,gestion.pe,2025-10-07T05:09:07.719Z,,Sin categoría,
cmgg3o26d00zv13ghm9e7cn6f,Artículo de www.infobae.com,https://www.infobae.com/peru//articulo-1#1759813747717-isadwtmiy,Contenido extraído usando selectores CSS personalizados...,,www.infobae.com,2025-10-07T05:09:07.718Z,,Sin categoría,
cmgg3o26c00zr13ghqimxm0vn,Artículo de diariocorreo.pe,https://diariocorreo.pe//articulo-1#1759813747716-vhx1zout9,Contenido extraído usando selectores CSS personalizados...,,diariocorreo.pe,2025-10-07T05:09:07.717Z,,Sin categoría,
cmgg3o26b00zn13ghlxycks2y,Artículo de peru21.pe,https://peru21.pe//articulo-1#1759813747715-kw0wwm6oo,Contenido extraído usando selectores CSS personalizados...,,peru21.pe,2025-10-07T05:09:07.716Z,,Sin categoría,
cmgg3o26a00zj13gh7fshix2a,Artículo de larepublica.pe,https://larepublica.pe//articulo-1#1759813747714-rrtlrr5fk,Contenido extraído usando selectores CSS personalizados...,,larepublica.pe,2025-10-07T05:09:07.714Z,,Sin categoría,
cmgg3o26900zf13ghu68jgtg0,Artículo de elcomercio.pe,https://elcomercio.pe//articulo-1#1759813747712-fmcijhwvv,Contenido extraído usando selectores CSS personalizados...,,elcomercio.pe,2025-10-07T05:09:07.713Z,,Sin categoría,
cmgg3o26700zb13ghloqlwbrx,Artículo de www.youtube.com,https://www.youtube.com/channel/UCkZCoc42IipR1ucqJmIehsA/articulo-1#1759813747711-5q13rf58t,Contenido extraído usando selectores CSS personalizados...,,www.youtube.com,2025-10-07T05:09:07.712Z,,Sin categoría,
cmgg3o26600z713gh88zlbtbs,Artículo de radios.com.pe,https://radios.com.pe/exitosa-lima//articulo-1#1759813747710-y3ig0jxzc,Contenido extraído usando selectores CSS personalizados...,,radios.com.pe,2025-10-07T05:09:07.711Z,,Sin categoría,
cmgg3o26500z313gh4t14auwe,Artículo de streema.com,https://streema.com/radios/Radio_Noticias_Peru/articulo-1#1759813747709-uwnuvq0ly,Contenido extraído usando selectores CSS personalizados...,,streema.com,2025-10-07T05:09:07.709Z,,Sin categoría,
cmgg3o26400yz13gh9407jgeu,Artículo de radiouno.pe,https://radiouno.pe//articulo-1#1759813747708-jbeurrbtn,Contenido extraído usando selectores CSS personalizados...,,radiouno.pe,2025-10-07T05:09:07.708Z,,Sin categoría,
cmgg3o26200yv13ghrkyniaxr,Artículo de canaln.pe,https://canaln.pe//articulo-1#1759813747706-17tox9xr9,Contenido extraído usando selectores CSS personalizados...,,canaln.pe,2025-10-07T05:09:07.707Z,,Sin categoría,
cmgg3o26100yr13ghkggw4dre,Artículo de www.exitosanoticias.pe,https://www.exitosanoticias.pe//articulo-1#1759813747705-twmkyo4r4,Contenido extraído usando selectores CSS personalizados...,,www.exitosanoticias.pe,2025-10-07T05:09:07.705Z,,Sin categoría,
cmgg3o25z00yn13ghrf4uqo02,"Miguel Ángel Russo, entrenador de Boca Juniors, en grave estado de salud",https://rpp.pe/deportes/futbol/miguel-angel-russo-entrenador-de-boca-juniors-en-grave-estado-de-salud-noticia-123460#1759813747703-k110qt4na,"El entrenador de Boca Juniors, Miguel Ángel Russo, se encuentra en grave estado de salud y fue internado en un centro médico. El club emitió un comunicado informando sobre su situación.",,RPP Noticias,2025-10-07T05:09:07.703Z,cmgg1fs0f0007112gev7odmxo,Salud,#10B981
cmgg3o25y00yl13ghl0o6j834,Crisis sanitaria en Brasil: lo que se sabe de la intoxicación masiva por metanol,https://rpp.pe/mundo/latinoamerica/crisis-sanitaria-en-brasil-lo-que-se-sabe-de-la-intoxicacion-masiva-por-metanol-noticia-123459#1759813747702-hapgukkv2,Las autoridades brasileñas investigan una intoxicación masiva por metanol que ha causado muertes y la caída del consumo de alcohol en el país. Se han reportado varios casos en diferentes estados.,,RPP Noticias,2025-10-07T05:09:07.702Z,cmgg1fs0c0003112g7epw4vrz,Deportes,#F59E0B
cmgg3o25x00yj13ghjvb9r1bj,Corpac reconoce que hubo 'breve interrupción' en el funcionamiento del sistema de control radar,https://rpp.pe/lima/actualidad/corpac-reconoce-que-hubo-breve-interrupcion-en-el-funcionamiento-del-sistema-de-control-radar-noticia-123458#1759813747701-1ah1ijncr,La Corporación Peruana de Aeropuertos y Aviación Comercial (Corpac) reconoció que hubo una breve interrupción en el funcionamiento del sistema de control radar en el aeropuerto Jorge Chávez.,,RPP Noticias,2025-10-07T05:09:07.701Z,,Sin categoría,
cmgg3o25v00yf13ghc8jo8h0c,Dirigentes transportistas acuerdan no continuar con el paro tras reunión con ministros,https://rpp.pe/politica/actualidad/dirigentes-transportistas-acuerdan-no-continuar-con-el-paro-tras-reunion-con-ministros-noticia-123456#1759813747699-jd497wedv,"Los representantes del sector sostuvieron una reunión con el jefe del Gabinete Ministerial, Eduardo Arana, y otros ministros en la que acordaron, entre otros puntos, la instalación de una mesa de trabajo.",,RPP Noticias,2025-10-07T05:09:07.700Z,cmgg1fs0b0001112g2lb2odtv,Política,#DC2626
cmgg3o25w00yh13ghud59sqwe,Con caras nuevas: Selección Peruana empezó sus entrenamientos pensando en duelo ante Chile,https://rpp.pe/deportes/futbol/con-caras-nuevas-seleccion-peruana-empezo-sus-entrenamientos-pensando-en-duelo-ante-chile-noticia-123457#1759813747700-f4aich4m4,"Con la presencia de 20 futbolistas, la Selección Peruana empezó sus entrenamientos en La Videna FPF con miras al partido amistoso ante Chile. Felipe Chávez de Bayern Munich dijo presente.",,RPP Noticias,2025-10-07T05:09:07.700Z,cmgg1fs0c0003112g7epw4vrz,Deportes,#F59E0B
cmgg3o25r00yb13ghp0k8ik09,Medio ambiente: Proyecto de conservación en la Amazonía peruana,https://www.radionacional.gob.pe/medio-ambiente/proyecto-de-conservacion-en-la-amazonia-peruana#1759813747694-bbzyjyhc6,Se lanza un nuevo proyecto de conservación en la Amazonía peruana que busca proteger la biodiversidad y promover el desarrollo sostenible en las comunidades locales.,,Radio Nacional del Perú,2025-10-07T05:09:07.695Z,cmgg1fs0g000a112g93a1z2i9,Medio Ambiente,#22C55E
cmgg3o25q00y913ghgug4olf4,Educación: Nuevas tecnologías llegan a escuelas rurales,https://www.radionacional.gob.pe/educacion/nuevas-tecnologias-llegan-a-escuelas-rurales#1759813747693-rqagqluj6,"El Ministerio de Educación implementa programas de tecnología educativa en escuelas rurales, llevando internet y equipos informáticos a comunidades alejadas para mejorar la calidad educativa.",,Radio Nacional del Perú,2025-10-07T05:09:07.694Z,cmgg1fs0f0008112gsse5oyp2,Sociedad,#F97316
cmgg3o25o00y713ghya5z3ip8,Ministerio de Salud reporta avances en campaña de vacunación,https://www.radionacional.gob.pe/salud/ministerio-de-salud-reporta-avances-en-campana-de-vacunacion#1759813747692-b48yykiwc,"El Ministerio de Salud informó sobre los avances en la campaña de vacunación contra diversas enfermedades, alcanzando importantes coberturas en las regiones más vulnerables del país.",,Radio Nacional del Perú,2025-10-07T05:09:07.693Z,cmgg1fs0f0007112gev7odmxo,Salud,#10B981
cmgg3o25m00y513ghkkmiptha,Cultura peruana celebra el Día Internacional de la Lengua Materna,https://www.radionacional.gob.pe/cultura/cultura-peruana-celebra-el-dia-internacional-de-la-lengua-materna#1759813747690-09uiu9w9j,"Diversas actividades culturales se realizan en todo el país para conmemorar el Día Internacional de la Lengua Materna, destacando la importancia de preservar las lenguas originarias del Perú.",,Radio Nacional del Perú,2025-10-07T05:09:07.691Z,cmgg1fs0b0000112g1dwxzwzw,Actualidad,#3B82F6
cmgg3o25j00y313gh36rgzwrd,Gobierno anuncia nuevas medidas económicas para reactivar el país,https://www.radionacional.gob.pe/economia/gobierno-anuncia-nuevas-medidas-economicas-para-reactivar-el-pais#1759813747687-sjt1634fw,"El Ministerio de Economía y Finanzas presentó un paquete de medidas destinadas a impulsar la reactivación económica del país, incluyendo incentivos fiscales y programas de apoyo a las pequeñas empresas.",,Radio Nacional del Perú,2025-10-07T05:09:07.688Z,cmgg1fs0c0002112gtz9dd9xz,Economía,#059669
cmgg3o08100xz13gh778hy555,Artículo de gestion.pe,https://gestion.pe//articulo-1#1759813745185-xr2yiz0hq,Contenido extraído usando selectores CSS personalizados...,,gestion.pe,2025-10-07T05:09:05.185Z,,Sin categoría,
cmgg3o08000xv13ghd7t2bunz,Artículo de www.infobae.com,https://www.infobae.com/peru//articulo-1#1759813745184-regbonnvn,Contenido extraído usando selectores CSS personalizados...,,www.infobae.com,2025-10-07T05:09:05.184Z,,Sin categoría,
cmgg3o07z00xr13gh57qubpif,Artículo de diariocorreo.pe,https://diariocorreo.pe//articulo-1#1759813745183-861fhl79o,Contenido extraído usando selectores CSS personalizados...,,diariocorreo.pe,2025-10-07T05:09:05.183Z,,Sin categoría,
cmgg3o07y00xn13gh2yzinwa3,Artículo de peru21.pe,https://peru21.pe//articulo-1#1759813745182-75e8m70f6,Contenido extraído usando selectores CSS personalizados...,,peru21.pe,2025-10-07T05:09:05.182Z,,Sin categoría,
cmgg3o07x00xj13ghbd42o62z,Artículo de larepublica.pe,https://larepublica.pe//articulo-1#1759813745181-dqege6wsp,Contenido extraído usando selectores CSS personalizados...,,larepublica.pe,2025-10-07T05:09:05.181Z,,Sin categoría,
cmgg3o07w00xf13ghgw3ydklj,Artículo de elcomercio.pe,https://elcomercio.pe//articulo-1#1759813745180-jwqoddwia,Contenido extraído usando selectores CSS personalizados...,,elcomercio.pe,2025-10-07T05:09:05.180Z,,Sin categoría,
cmgg3o07u00xb13ghjilq1427,Artículo de www.youtube.com,https://www.youtube.com/channel/UCkZCoc42IipR1ucqJmIehsA/articulo-1#1759813745178-hkw8o5000,Contenido extraído usando selectores CSS personalizados...,,www.youtube.com,2025-10-07T05:09:05.179Z,,Sin categoría,
cmgg3o07t00x713ghvhpjv59i,Artículo de radios.com.pe,https://radios.com.pe/exitosa-lima//articulo-1#1759813745177-ila73fa86,Contenido extraído usando selectores CSS personalizados...,,radios.com.pe,2025-10-07T05:09:05.178Z,,Sin categoría,
cmgg3o07s00x313ghx7z0kqka,Artículo de streema.com,https://streema.com/radios/Radio_Noticias_Peru/articulo-1#1759813745176-a3y7fcn9u,Contenido extraído usando selectores CSS personalizados...,,streema.com,2025-10-07T05:09:05.176Z,,Sin categoría,
cmgg3o07r00wz13gh06zh8r30,Artículo de radiouno.pe,https://radiouno.pe//articulo-1#1759813745174-6nosmlqcg,Contenido extraído usando selectores CSS personalizados...,,radiouno.pe,2025-10-07T05:09:05.175Z,,Sin categoría,
cmgg3o07p00wv13ghjmdrtv6s,Artículo de canaln.pe,https://canaln.pe//articulo-1#1759813745173-azuj3hbf1,Contenido extraído usando selectores CSS personalizados...,,canaln.pe,2025-10-07T05:09:05.174Z,,Sin categoría,
cmgg3o07n00wr13ghedgo7dxi,Artículo de www.exitosanoticias.pe,https://www.exitosanoticias.pe//articulo-1#1759813745171-7nsa0ag67,Contenido extraído usando selectores CSS personalizados...,,www.exitosanoticias.pe,2025-10-07T05:09:05.172Z,,Sin categoría,
cmgg3o07m00wn13gh997l3zit,"Miguel Ángel Russo, entrenador de Boca Juniors, en grave estado de salud",https://rpp.pe/deportes/futbol/miguel-angel-russo-entrenador-de-boca-juniors-en-grave-estado-de-salud-noticia-123460#1759813745170-5jlonsupl,"El entrenador de Boca Juniors, Miguel Ángel Russo, se encuentra en grave estado de salud y fue internado en un centro médico. El club emitió un comunicado informando sobre su situación.",,RPP Noticias,2025-10-07T05:09:05.170Z,cmgg1fs0f0007112gev7odmxo,Salud,#10B981
cmgg3o07k00wj13gh3d26lht9,Corpac reconoce que hubo 'breve interrupción' en el funcionamiento del sistema de control radar,https://rpp.pe/lima/actualidad/corpac-reconoce-que-hubo-breve-interrupcion-en-el-funcionamiento-del-sistema-de-control-radar-noticia-123458#1759813745168-4pv7mfmct,La Corporación Peruana de Aeropuertos y Aviación Comercial (Corpac) reconoció que hubo una breve interrupción en el funcionamiento del sistema de control radar en el aeropuerto Jorge Chávez.,,RPP Noticias,2025-10-07T05:09:05.169Z,,Sin categoría,
cmgg3o07l00wl13ghcyu8c83s,Crisis sanitaria en Brasil: lo que se sabe de la intoxicación masiva por metanol,https://rpp.pe/mundo/latinoamerica/crisis-sanitaria-en-brasil-lo-que-se-sabe-de-la-intoxicacion-masiva-por-metanol-noticia-123459#1759813745169-hln5imuxi,Las autoridades brasileñas investigan una intoxicación masiva por metanol que ha causado muertes y la caída del consumo de alcohol en el país. Se han reportado varios casos en diferentes estados.,,RPP Noticias,2025-10-07T05:09:05.169Z,cmgg1fs0c0003112g7epw4vrz,Deportes,#F59E0B
cmgg3o07j00wh13gh287a75zw,Con caras nuevas: Selección Peruana empezó sus entrenamientos pensando en duelo ante Chile,https://rpp.pe/deportes/futbol/con-caras-nuevas-seleccion-peruana-empezo-sus-entrenamientos-pensando-en-duelo-ante-chile-noticia-123457#1759813745167-uhicagxtn,"Con la presencia de 20 futbolistas, la Selección Peruana empezó sus entrenamientos en La Videna FPF con miras al partido amistoso ante Chile. Felipe Chávez de Bayern Munich dijo presente.",,RPP Noticias,2025-10-07T05:09:05.168Z,cmgg1fs0c0003112g7epw4vrz,Deportes,#F59E0B
cmgg3o07j00wf13ghfdf7wdfs,Dirigentes transportistas acuerdan no continuar con el paro tras reunión con ministros,https://rpp.pe/politica/actualidad/dirigentes-transportistas-acuerdan-no-continuar-con-el-paro-tras-reunion-con-ministros-noticia-123456#1759813745166-eidwod7kj,"Los representantes del sector sostuvieron una reunión con el jefe del Gabinete Ministerial, Eduardo Arana, y otros ministros en la que acordaron, entre otros puntos, la instalación de una mesa de trabajo.",,RPP Noticias,2025-10-07T05:09:05.167Z,cmgg1fs0b0001112g2lb2odtv,Política,#DC2626
cmgg3o07e00wb13ghtjmwox8c,Medio ambiente: Proyecto de conservación en la Amazonía peruana,https://www.radionacional.gob.pe/medio-ambiente/proyecto-de-conservacion-en-la-amazonia-peruana#1759813745162-llmtnq3k8,Se lanza un nuevo proyecto de conservación en la Amazonía peruana que busca proteger la biodiversidad y promover el desarrollo sostenible en las comunidades locales.,,Radio Nacional del Perú,2025-10-07T05:09:05.162Z,cmgg1fs0g000a112g93a1z2i9,Medio Ambiente,#22C55E
cmgg3o07d00w913ghrbc4d9oc,Educación: Nuevas tecnologías llegan a escuelas rurales,https://www.radionacional.gob.pe/educacion/nuevas-tecnologias-llegan-a-escuelas-rurales#1759813745161-jx6n0yqo1,"El Ministerio de Educación implementa programas de tecnología educativa en escuelas rurales, llevando internet y equipos informáticos a comunidades alejadas para mejorar la calidad educativa.",,Radio Nacional del Perú,2025-10-07T05:09:05.161Z,cmgg1fs0f0008112gsse5oyp2,Sociedad,#F97316
cmgg3o07c00w713gh2ylddyhh,Ministerio de Salud reporta avances en campaña de vacunación,https://www.radionacional.gob.pe/salud/ministerio-de-salud-reporta-avances-en-campana-de-vacunacion#1759813745160-srkmcy50e,"El Ministerio de Salud informó sobre los avances en la campaña de vacunación contra diversas enfermedades, alcanzando importantes coberturas en las regiones más vulnerables del país.",,Radio Nacional del Perú,2025-10-07T05:09:05.160Z,cmgg1fs0f0007112gev7odmxo,Salud,#10B981
cmgg3o07b00w513ghqngaoc4i,Cultura peruana celebra el Día Internacional de la Lengua Materna,https://www.radionacional.gob.pe/cultura/cultura-peruana-celebra-el-dia-internacional-de-la-lengua-materna#1759813745158-8h4qldqqq,"Diversas actividades culturales se realizan en todo el país para conmemorar el Día Internacional de la Lengua Materna, destacando la importancia de preservar las lenguas originarias del Perú.",,Radio Nacional del Perú,2025-10-07T05:09:05.159Z,cmgg1fs0b0000112g1dwxzwzw,Actualidad,#3B82F6
cmgg3o07800w313ghv7xw2gua,Gobierno anuncia nuevas medidas económicas para reactivar el país,https://www.radionacional.gob.pe/economia/gobierno-anuncia-nuevas-medidas-economicas-para-reactivar-el-pais#1759813745156-uoh61lcuw,"El Ministerio de Economía y Finanzas presentó un paquete de medidas destinadas a impulsar la reactivación económica del país, incluyendo incentivos fiscales y programas de apoyo a las pequeñas empresas.",,Radio Nacional del Perú,2025-10-07T05:09:05.157Z,cmgg1fs0c0002112gtz9dd9xz,Economía,#059669
cmgg3nvtk00vz13gh818looqk,Artículo de gestion.pe,https://gestion.pe//articulo-1#1759813739480-82ffg23yx,Contenido extraído usando selectores CSS personalizados...,,gestion.pe,2025-10-07T05:08:59.480Z,,Sin categoría,
cmgg3nvtj00vv13ghh7ktwzh0,Artículo de www.infobae.com,https://www.infobae.com/peru//articulo-1#1759813739479-46g4qjtvx,Contenido extraído usando selectores CSS personalizados...,,www.infobae.com,2025-10-07T05:08:59.479Z,,Sin categoría,
cmgg3nvti00vr13ghiq3wi0gj,Artículo de diariocorreo.pe,https://diariocorreo.pe//articulo-1#1759813739478-p895ej84v,Contenido extraído usando selectores CSS personalizados...,,diariocorreo.pe,2025-10-07T05:08:59.478Z,,Sin categoría,
cmgg3nvth00vn13gha8lets40,Artículo de peru21.pe,https://peru21.pe//articulo-1#1759813739476-p6o3lbpl2,Contenido extraído usando selectores CSS personalizados...,,peru21.pe,2025-10-07T05:08:59.477Z,,Sin categoría,
cmgg3nvtf00vj13ghu8ebjmsb,Artículo de larepublica.pe,https://larepublica.pe//articulo-1#1759813739475-wyul0zdff,Contenido extraído usando selectores CSS personalizados...,,larepublica.pe,2025-10-07T05:08:59.476Z,,Sin categoría,
cmgg3nvte00vf13gh5zeeh28s,Artículo de elcomercio.pe,https://elcomercio.pe//articulo-1#1759813739474-5w97ggeif,Contenido extraído usando selectores CSS personalizados...,,elcomercio.pe,2025-10-07T05:08:59.475Z,,Sin categoría,
cmgg3nvtd00vb13ghv7pj91mu,Artículo de www.youtube.com,https://www.youtube.com/channel/UCkZCoc42IipR1ucqJmIehsA/articulo-1#1759813739473-4z2sconvs,Contenido extraído usando selectores CSS personalizados...,,www.youtube.com,2025-10-07T05:08:59.474Z,,Sin categoría,
cmgg3nvtc00v713ghuhyk61xb,Artículo de radios.com.pe,https://radios.com.pe/exitosa-lima//articulo-1#1759813739472-xxgm7d1vn,Contenido extraído usando selectores CSS personalizados...,,radios.com.pe,2025-10-07T05:08:59.472Z,,Sin categoría,
cmgg3nvta00v313ghijj8u0h8,Artículo de streema.com,https://streema.com/radios/Radio_Noticias_Peru/articulo-1#1759813739470-4mlxefa39,Contenido extraído usando selectores CSS personalizados...,,streema.com,2025-10-07T05:08:59.471Z,,Sin categoría,
cmgg3nvt900uz13ghb62ny9dq,Artículo de radiouno.pe,https://radiouno.pe//articulo-1#1759813739469-46h1huxnw,Contenido extraído usando selectores CSS personalizados...,,radiouno.pe,2025-10-07T05:08:59.470Z,,Sin categoría,
cmgg3nvt800uv13gh8xa1mdrh,Artículo de canaln.pe,https://canaln.pe//articulo-1#1759813739468-f9849dk8o,Contenido extraído usando selectores CSS personalizados...,,canaln.pe,2025-10-07T05:08:59.468Z,,Sin categoría,
cmgg3nvt600ur13ghkeldty1q,Artículo de www.exitosanoticias.pe,https://www.exitosanoticias.pe//articulo-1#1759813739466-s84r69ka4,Contenido extraído usando selectores CSS personalizados...,,www.exitosanoticias.pe,2025-10-07T05:08:59.467Z,,Sin categoría,
cmgg3nvt400un13ghgzckf2s5,"Miguel Ángel Russo, entrenador de Boca Juniors, en grave estado de salud",https://rpp.pe/deportes/futbol/miguel-angel-russo-entrenador-de-boca-juniors-en-grave-estado-de-salud-noticia-123460#1759813739464-rmyiwb3ab,"El entrenador de Boca Juniors, Miguel Ángel Russo, se encuentra en grave estado de salud y fue internado en un centro médico. El club emitió un comunicado informando sobre su situación.",,RPP Noticias,2025-10-07T05:08:59.465Z,cmgg1fs0f0007112gev7odmxo,Salud,#10B981
cmgg3nvt300ul13ghvh7zvo0o,Crisis sanitaria en Brasil: lo que se sabe de la intoxicación masiva por metanol,https://rpp.pe/mundo/latinoamerica/crisis-sanitaria-en-brasil-lo-que-se-sabe-de-la-intoxicacion-masiva-por-metanol-noticia-123459#1759813739463-jswnbqixv,Las autoridades brasileñas investigan una intoxicación masiva por metanol que ha causado muertes y la caída del consumo de alcohol en el país. Se han reportado varios casos en diferentes estados.,,RPP Noticias,2025-10-07T05:08:59.464Z,cmgg1fs0c0003112g7epw4vrz,Deportes,#F59E0B
cmgg3nvt300uj13ghvn3we9mz,Corpac reconoce que hubo 'breve interrupción' en el funcionamiento del sistema de control radar,https://rpp.pe/lima/actualidad/corpac-reconoce-que-hubo-breve-interrupcion-en-el-funcionamiento-del-sistema-de-control-radar-noticia-123458#1759813739462-yww5vgyhh,La Corporación Peruana de Aeropuertos y Aviación Comercial (Corpac) reconoció que hubo una breve interrupción en el funcionamiento del sistema de control radar en el aeropuerto Jorge Chávez.,,RPP Noticias,2025-10-07T05:08:59.463Z,,Sin categoría,
cmgg3nvt100uf13ghwuij6qxk,Dirigentes transportistas acuerdan no continuar con el paro tras reunión con ministros,https://rpp.pe/politica/actualidad/dirigentes-transportistas-acuerdan-no-continuar-con-el-paro-tras-reunion-con-ministros-noticia-123456#1759813739461-m1ct9pw7m,"Los representantes del sector sostuvieron una reunión con el jefe del Gabinete Ministerial, Eduardo Arana, y otros ministros en la que acordaron, entre otros puntos, la instalación de una mesa de trabajo.",,RPP Noticias,2025-10-07T05:08:59.462Z,cmgg1fs0b0001112g2lb2odtv,Política,#DC2626
cmgg3nvt200uh13ghg6djx28h,Con caras nuevas: Selección Peruana empezó sus entrenamientos pensando en duelo ante Chile,https://rpp.pe/deportes/futbol/con-caras-nuevas-seleccion-peruana-empezo-sus-entrenamientos-pensando-en-duelo-ante-chile-noticia-123457#1759813739462-akkrpm6tg,"Con la presencia de 20 futbolistas, la Selección Peruana empezó sus entrenamientos en La Videna FPF con miras al partido amistoso ante Chile. Felipe Chávez de Bayern Munich dijo presente.",,RPP Noticias,2025-10-07T05:08:59.462Z,cmgg1fs0c0003112g7epw4vrz,Deportes,#F59E0B
cmgg3nvsx00ub13ghi3xmotu1,Medio ambiente: Proyecto de conservación en la Amazonía peruana,https://www.radionacional.gob.pe/medio-ambiente/proyecto-de-conservacion-en-la-amazonia-peruana#1759813739457-ujrrtdfsc,Se lanza un nuevo proyecto de conservación en la Amazonía peruana que busca proteger la biodiversidad y promover el desarrollo sostenible en las comunidades locales.,,Radio Nacional del Perú,2025-10-07T05:08:59.457Z,cmgg1fs0g000a112g93a1z2i9,Medio Ambiente,#22C55E
cmgg3nvsw00u913ghuu504l2a,Educación: Nuevas tecnologías llegan a escuelas rurales,https://www.radionacional.gob.pe/educacion/nuevas-tecnologias-llegan-a-escuelas-rurales#1759813739455-qca9fs650,"El Ministerio de Educación implementa programas de tecnología educativa en escuelas rurales, llevando internet y equipos informáticos a comunidades alejadas para mejorar la calidad educativa.",,Radio Nacional del Perú,2025-10-07T05:08:59.456Z,cmgg1fs0f0008112gsse5oyp2,Sociedad,#F97316
cmgg3nvsv00u713gh8kg1ihge,Ministerio de Salud reporta avances en campaña de vacunación,https://www.radionacional.gob.pe/salud/ministerio-de-salud-reporta-avances-en-campana-de-vacunacion#1759813739454-cxzaxqm9q,"El Ministerio de Salud informó sobre los avances en la campaña de vacunación contra diversas enfermedades, alcanzando importantes coberturas en las regiones más vulnerables del país.",,Radio Nacional del Perú,2025-10-07T05:08:59.455Z,cmgg1fs0f0007112gev7odmxo,Salud,#10B981
cmgg3nvst00u513ghsrm1oej4,Cultura peruana celebra el Día Internacional de la Lengua Materna,https://www.radionacional.gob.pe/cultura/cultura-peruana-celebra-el-dia-internacional-de-la-lengua-materna#1759813739453-dyi96uiln,"Diversas actividades culturales se realizan en todo el país para conmemorar el Día Internacional de la Lengua Materna, destacando la importancia de preservar las lenguas originarias del Perú.",,Radio Nacional del Perú,2025-10-07T05:08:59.454Z,cmgg1fs0b0000112g1dwxzwzw,Actualidad,#3B82F6
cmgg3nvsr00u313ghe2e7mwgb,Gobierno anuncia nuevas medidas económicas para reactivar el país,https://www.radionacional.gob.pe/economia/gobierno-anuncia-nuevas-medidas-economicas-para-reactivar-el-pais#1759813739450-8wanjwhzy,"El Ministerio de Economía y Finanzas presentó un paquete de medidas destinadas a impulsar la reactivación económica del país, incluyendo incentivos fiscales y programas de apoyo a las pequeñas empresas.",,Radio Nacional del Perú,2025-10-07T05:08:59.451Z,cmgg1fs0c0002112gtz9dd9xz,Economía,#059669
cmgg3nuho00tz13ghonzefxe2,Artículo de gestion.pe,https://gestion.pe//articulo-1#1759813737756-2ls6wm1ef,Contenido extraído usando selectores CSS personalizados...,,gestion.pe,2025-10-07T05:08:57.756Z,,Sin categoría,
cmgg3nuhn00tv13ghgg6aafi4,Artículo de www.infobae.com,https://www.infobae.com/peru//articulo-1#1759813737755-ywo148253,Contenido extraído usando selectores CSS personalizados...,,www.infobae.com,2025-10-07T05:08:57.755Z,,Sin categoría,
cmgg3nuhl00tr13gh8kei39vb,Artículo de diariocorreo.pe,https://diariocorreo.pe//articulo-1#1759813737753-xts6yx44c,Contenido extraído usando selectores CSS personalizados...,,diariocorreo.pe,2025-10-07T05:08:57.754Z,,Sin categoría,
cmgg3nuhk00tn13ghquvrctjs,Artículo de peru21.pe,https://peru21.pe//articulo-1#1759813737752-0pm73bn2y,Contenido extraído usando selectores CSS personalizados...,,peru21.pe,2025-10-07T05:08:57.753Z,,Sin categoría,
cmgg3nuhj00tj13ghfnzpferg,Artículo de larepublica.pe,https://larepublica.pe//articulo-1#1759813737751-gucb0bsi7,Contenido extraído usando selectores CSS personalizados...,,larepublica.pe,2025-10-07T05:08:57.752Z,,Sin categoría,
cmgg3nuhi00tf13ghtx6o7i7q,Artículo de elcomercio.pe,https://elcomercio.pe//articulo-1#1759813737750-b8q7v3yvl,Contenido extraído usando selectores CSS personalizados...,,elcomercio.pe,2025-10-07T05:08:57.750Z,,Sin categoría,
cmgg3nuhh00tb13ghoo98vtbs,Artículo de www.youtube.com,https://www.youtube.com/channel/UCkZCoc42IipR1ucqJmIehsA/articulo-1#1759813737749-q930kc8ib,Contenido extraído usando selectores CSS personalizados...,,www.youtube.com,2025-10-07T05:08:57.749Z,,Sin categoría,
cmgg3nuhg00t713gh3mgomiq7,Artículo de radios.com.pe,https://radios.com.pe/exitosa-lima//articulo-1#1759813737747-qf3jpz8dd,Contenido extraído usando selectores CSS personalizados...,,radios.com.pe,2025-10-07T05:08:57.748Z,,Sin categoría,
cmgg3nuhe00t313gh13n08xit,Artículo de streema.com,https://streema.com/radios/Radio_Noticias_Peru/articulo-1#1759813737746-jib1pb92e,Contenido extraído usando selectores CSS personalizados...,,streema.com,2025-10-07T05:08:57.747Z,,Sin categoría,
cmgg3nuhd00sz13gh9mhmsbn6,Artículo de radiouno.pe,https://radiouno.pe//articulo-1#1759813737745-fql758yyl,Contenido extraído usando selectores CSS personalizados...,,radiouno.pe,2025-10-07T05:08:57.745Z,,Sin categoría,
cmgg3nuhb00sv13ghfzgoz2zs,Artículo de canaln.pe,https://canaln.pe//articulo-1#1759813737743-hsc6aqz98,Contenido extraído usando selectores CSS personalizados...,,canaln.pe,2025-10-07T05:08:57.744Z,,Sin categoría,
cmgg3nuha00sr13gh1h8c1x7d,Artículo de www.exitosanoticias.pe,https://www.exitosanoticias.pe//articulo-1#1759813737742-nz4tbl6bc,Contenido extraído usando selectores CSS personalizados...,,www.exitosanoticias.pe,2025-10-07T05:08:57.742Z,,Sin categoría,
cmgg3nuh800sn13ghbkyi0eau,"Miguel Ángel Russo, entrenador de Boca Juniors, en grave estado de salud",https://rpp.pe/deportes/futbol/miguel-angel-russo-entrenador-de-boca-juniors-en-grave-estado-de-salud-noticia-123460#1759813737740-nubcju0lt,"El entrenador de Boca Juniors, Miguel Ángel Russo, se encuentra en grave estado de salud y fue internado en un centro médico. El club emitió un comunicado informando sobre su situación.",,RPP Noticias,2025-10-07T05:08:57.741Z,cmgg1fs0f0007112gev7odmxo,Salud,#10B981
cmgg3nuh700sl13ghnii3t4wg,Crisis sanitaria en Brasil: lo que se sabe de la intoxicación masiva por metanol,https://rpp.pe/mundo/latinoamerica/crisis-sanitaria-en-brasil-lo-que-se-sabe-de-la-intoxicacion-masiva-por-metanol-noticia-123459#1759813737739-9thzvqij9,Las autoridades brasileñas investigan una intoxicación masiva por metanol que ha causado muertes y la caída del consumo de alcohol en el país. Se han reportado varios casos en diferentes estados.,,RPP Noticias,2025-10-07T05:08:57.740Z,cmgg1fs0c0003112g7epw4vrz,Deportes,#F59E0B
cmgg3nuh700sj13gh3d8h43ma,Corpac reconoce que hubo 'breve interrupción' en el funcionamiento del sistema de control radar,https://rpp.pe/lima/actualidad/corpac-reconoce-que-hubo-breve-interrupcion-en-el-funcionamiento-del-sistema-de-control-radar-noticia-123458#1759813737739-b1rhmx51s,La Corporación Peruana de Aeropuertos y Aviación Comercial (Corpac) reconoció que hubo una breve interrupción en el funcionamiento del sistema de control radar en el aeropuerto Jorge Chávez.,,RPP Noticias,2025-10-07T05:08:57.739Z,,Sin categoría,
cmgg3nuh500sf13ght2yydlm1,Dirigentes transportistas acuerdan no continuar con el paro tras reunión con ministros,https://rpp.pe/politica/actualidad/dirigentes-transportistas-acuerdan-no-continuar-con-el-paro-tras-reunion-con-ministros-noticia-123456#1759813737737-lol0h9xkq,"Los representantes del sector sostuvieron una reunión con el jefe del Gabinete Ministerial, Eduardo Arana, y otros ministros en la que acordaron, entre otros puntos, la instalación de una mesa de trabajo.",,RPP Noticias,2025-10-07T05:08:57.738Z,cmgg1fs0b0001112g2lb2odtv,Política,#DC2626
cmgg3nuh600sh13ghvlhv2vq2,Con caras nuevas: Selección Peruana empezó sus entrenamientos pensando en duelo ante Chile,https://rpp.pe/deportes/futbol/con-caras-nuevas-seleccion-peruana-empezo-sus-entrenamientos-pensando-en-duelo-ante-chile-noticia-123457#1759813737738-rz9009sei,"Con la presencia de 20 futbolistas, la Selección Peruana empezó sus entrenamientos en La Videna FPF con miras al partido amistoso ante Chile. Felipe Chávez de Bayern Munich dijo presente.",,RPP Noticias,2025-10-07T05:08:57.738Z,cmgg1fs0c0003112g7epw4vrz,Deportes,#F59E0B
cmgg3nuh000sb13gh2fi7vnh3,Medio ambiente: Proyecto de conservación en la Amazonía peruana,https://www.radionacional.gob.pe/medio-ambiente/proyecto-de-conservacion-en-la-amazonia-peruana#1759813737732-7f0kuof93,Se lanza un nuevo proyecto de conservación en la Amazonía peruana que busca proteger la biodiversidad y promover el desarrollo sostenible en las comunidades locales.,,Radio Nacional del Perú,2025-10-07T05:08:57.733Z,cmgg1fs0g000a112g93a1z2i9,Medio Ambiente,#22C55E
cmgg3nugz00s913ghfe9bjfhj,Educación: Nuevas tecnologías llegan a escuelas rurales,https://www.radionacional.gob.pe/educacion/nuevas-tecnologias-llegan-a-escuelas-rurales#1759813737731-sevcfz9gk,"El Ministerio de Educación implementa programas de tecnología educativa en escuelas rurales, llevando internet y equipos informáticos a comunidades alejadas para mejorar la calidad educativa.",,Radio Nacional del Perú,2025-10-07T05:08:57.732Z,cmgg1fs0f0008112gsse5oyp2,Sociedad,#F97316
cmgg3nugy00s713ghewjqd62h,Ministerio de Salud reporta avances en campaña de vacunación,https://www.radionacional.gob.pe/salud/ministerio-de-salud-reporta-avances-en-campana-de-vacunacion#1759813737730-9e9dw8kf1,"El Ministerio de Salud informó sobre los avances en la campaña de vacunación contra diversas enfermedades, alcanzando importantes coberturas en las regiones más vulnerables del país.",,Radio Nacional del Perú,2025-10-07T05:08:57.731Z,cmgg1fs0f0007112gev7odmxo,Salud,#10B981
cmgg3nugx00s513ghkt0eoywj,Cultura peruana celebra el Día Internacional de la Lengua Materna,https://www.radionacional.gob.pe/cultura/cultura-peruana-celebra-el-dia-internacional-de-la-lengua-materna#1759813737728-w5qv7wbsf,"Diversas actividades culturales se realizan en todo el país para conmemorar el Día Internacional de la Lengua Materna, destacando la importancia de preservar las lenguas originarias del Perú.",,Radio Nacional del Perú,2025-10-07T05:08:57.729Z,cmgg1fs0b0000112g1dwxzwzw,Actualidad,#3B82F6
cmgg3nugu00s313ght3yf2mad,Gobierno anuncia nuevas medidas económicas para reactivar el país,https://www.radionacional.gob.pe/economia/gobierno-anuncia-nuevas-medidas-economicas-para-reactivar-el-pais#1759813737726-wd173ybk5,"El Ministerio de Economía y Finanzas presentó un paquete de medidas destinadas a impulsar la reactivación económica del país, incluyendo incentivos fiscales y programas de apoyo a las pequeñas empresas.",,Radio Nacional del Perú,2025-10-07T05:08:57.727Z,cmgg1fs0c0002112gtz9dd9xz,Economía,#059669
cmgg3nt5i00rz13ghy5m69jmi,Artículo de gestion.pe,https://gestion.pe//articulo-1#1759813736022-jdb0modt1,Contenido extraído usando selectores CSS personalizados...,,gestion.pe,2025-10-07T05:08:56.023Z,,Sin categoría,
cmgg3nt5h00rv13ghh2jn12nb,Artículo de www.infobae.com,https://www.infobae.com/peru//articulo-1#1759813736021-tqd0dmuze,Contenido extraído usando selectores CSS personalizados...,,www.infobae.com,2025-10-07T05:08:56.022Z,,Sin categoría,
cmgg3nt5g00rr13gh2x4oix78,Artículo de diariocorreo.pe,https://diariocorreo.pe//articulo-1#1759813736020-kcxq7041y,Contenido extraído usando selectores CSS personalizados...,,diariocorreo.pe,2025-10-07T05:08:56.021Z,,Sin categoría,
cmgg3nt5f00rn13ghg7viz0ee,Artículo de peru21.pe,https://peru21.pe//articulo-1#1759813736019-9e5t570zz,Contenido extraído usando selectores CSS personalizados...,,peru21.pe,2025-10-07T05:08:56.020Z,,Sin categoría,
cmgg3nt5e00rj13gh7ah3nftd,Artículo de larepublica.pe,https://larepublica.pe//articulo-1#1759813736018-vn6lm3p22,Contenido extraído usando selectores CSS personalizados...,,larepublica.pe,2025-10-07T05:08:56.019Z,,Sin categoría,
cmgg3nt5d00rf13ghrbomkmip,Artículo de elcomercio.pe,https://elcomercio.pe//articulo-1#1759813736017-luau7sb7u,Contenido extraído usando selectores CSS personalizados...,,elcomercio.pe,2025-10-07T05:08:56.017Z,,Sin categoría,
cmgg3nt5b00rb13ghcnjeogqq,Artículo de www.youtube.com,https://www.youtube.com/channel/UCkZCoc42IipR1ucqJmIehsA/articulo-1#1759813736015-c17ipycja,Contenido extraído usando selectores CSS personalizados...,,www.youtube.com,2025-10-07T05:08:56.016Z,,Sin categoría,
cmgg3nt5a00r713ghx46r34tc,Artículo de radios.com.pe,https://radios.com.pe/exitosa-lima//articulo-1#1759813736014-izqfsb1r4,Contenido extraído usando selectores CSS personalizados...,,radios.com.pe,2025-10-07T05:08:56.015Z,,Sin categoría,
cmgg3nt5900r313ghxep2n5qp,Artículo de streema.com,https://streema.com/radios/Radio_Noticias_Peru/articulo-1#1759813736013-qm0cdk3pq,Contenido extraído usando selectores CSS personalizados...,,streema.com,2025-10-07T05:08:56.013Z,,Sin categoría,
cmgg3nt5700qz13gh79yz9q5v,Artículo de radiouno.pe,https://radiouno.pe//articulo-1#1759813736011-yzfi29nk9,Contenido extraído usando selectores CSS personalizados...,,radiouno.pe,2025-10-07T05:08:56.012Z,,Sin categoría,
cmgg3nt5600qv13ghlm7lvdzz,Artículo de canaln.pe,https://canaln.pe//articulo-1#1759813736010-ekioe0852,Contenido extraído usando selectores CSS personalizados...,,canaln.pe,2025-10-07T05:08:56.010Z,,Sin categoría,
cmgg3nt5400qr13ghw98k5nhc,Artículo de www.exitosanoticias.pe,https://www.exitosanoticias.pe//articulo-1#1759813736008-1age0yr4p,Contenido extraído usando selectores CSS personalizados...,,www.exitosanoticias.pe,2025-10-07T05:08:56.009Z,,Sin categoría,
cmgg3nt5300qn13gh05kogr8i,"Miguel Ángel Russo, entrenador de Boca Juniors, en grave estado de salud",https://rpp.pe/deportes/futbol/miguel-angel-russo-entrenador-de-boca-juniors-en-grave-estado-de-salud-noticia-123460#1759813736006-0c57um9xn,"El entrenador de Boca Juniors, Miguel Ángel Russo, se encuentra en grave estado de salud y fue internado en un centro médico. El club emitió un comunicado informando sobre su situación.",,RPP Noticias,2025-10-07T05:08:56.007Z,cmgg1fs0f0007112gev7odmxo,Salud,#10B981
cmgg3nt5100qj13gh375kunam,Corpac reconoce que hubo 'breve interrupción' en el funcionamiento del sistema de control radar,https://rpp.pe/lima/actualidad/corpac-reconoce-que-hubo-breve-interrupcion-en-el-funcionamiento-del-sistema-de-control-radar-noticia-123458#1759813736005-xoqtmvvos,La Corporación Peruana de Aeropuertos y Aviación Comercial (Corpac) reconoció que hubo una breve interrupción en el funcionamiento del sistema de control radar en el aeropuerto Jorge Chávez.,,RPP Noticias,2025-10-07T05:08:56.006Z,,Sin categoría,
cmgg3nt5200ql13ghe2b1vtsz,Crisis sanitaria en Brasil: lo que se sabe de la intoxicación masiva por metanol,https://rpp.pe/mundo/latinoamerica/crisis-sanitaria-en-brasil-lo-que-se-sabe-de-la-intoxicacion-masiva-por-metanol-noticia-123459#1759813736006-kcnx121j7,Las autoridades brasileñas investigan una intoxicación masiva por metanol que ha causado muertes y la caída del consumo de alcohol en el país. Se han reportado varios casos en diferentes estados.,,RPP Noticias,2025-10-07T05:08:56.006Z,cmgg1fs0c0003112g7epw4vrz,Deportes,#F59E0B
cmgg3nt5000qh13ghnbh7erkj,Con caras nuevas: Selección Peruana empezó sus entrenamientos pensando en duelo ante Chile,https://rpp.pe/deportes/futbol/con-caras-nuevas-seleccion-peruana-empezo-sus-entrenamientos-pensando-en-duelo-ante-chile-noticia-123457#1759813736004-4tp2kt51l,"Con la presencia de 20 futbolistas, la Selección Peruana empezó sus entrenamientos en La Videna FPF con miras al partido amistoso ante Chile. Felipe Chávez de Bayern Munich dijo presente.",,RPP Noticias,2025-10-07T05:08:56.005Z,cmgg1fs0c0003112g7epw4vrz,Deportes,#F59E0B
cmgg3nt5000qf13ghfn9aewxe,Dirigentes transportistas acuerdan no continuar con el paro tras reunión con ministros,https://rpp.pe/politica/actualidad/dirigentes-transportistas-acuerdan-no-continuar-con-el-paro-tras-reunion-con-ministros-noticia-123456#1759813736003-e9hmy9ut1,"Los representantes del sector sostuvieron una reunión con el jefe del Gabinete Ministerial, Eduardo Arana, y otros ministros en la que acordaron, entre otros puntos, la instalación de una mesa de trabajo.",,RPP Noticias,2025-10-07T05:08:56.004Z,cmgg1fs0b0001112g2lb2odtv,Política,#DC2626
cmgg3nt4v00qb13gh2jcc6hoh,Medio ambiente: Proyecto de conservación en la Amazonía peruana,https://www.radionacional.gob.pe/medio-ambiente/proyecto-de-conservacion-en-la-amazonia-peruana#1759813735999-4l18texy2,Se lanza un nuevo proyecto de conservación en la Amazonía peruana que busca proteger la biodiversidad y promover el desarrollo sostenible en las comunidades locales.,,Radio Nacional del Perú,2025-10-07T05:08:55.999Z,cmgg1fs0g000a112g93a1z2i9,Medio Ambiente,#22C55E
cmgg3nt4u00q913ghjnnk2q8v,Educación: Nuevas tecnologías llegan a escuelas rurales,https://www.radionacional.gob.pe/educacion/nuevas-tecnologias-llegan-a-escuelas-rurales#1759813735998-m4wnh977q,"El Ministerio de Educación implementa programas de tecnología educativa en escuelas rurales, llevando internet y equipos informáticos a comunidades alejadas para mejorar la calidad educativa.",,Radio Nacional del Perú,2025-10-07T05:08:55.998Z,cmgg1fs0f0008112gsse5oyp2,Sociedad,#F97316
cmgg3nt4t00q713ghbv75gult,Ministerio de Salud reporta avances en campaña de vacunación,https://www.radionacional.gob.pe/salud/ministerio-de-salud-reporta-avances-en-campana-de-vacunacion#1759813735996-c2ge55x6g,"El Ministerio de Salud informó sobre los avances en la campaña de vacunación contra diversas enfermedades, alcanzando importantes coberturas en las regiones más vulnerables del país.",,Radio Nacional del Perú,2025-10-07T05:08:55.997Z,cmgg1fs0f0007112gev7odmxo,Salud,#10B981
cmgg3nt4r00q513gh7kzasb96,Cultura peruana celebra el Día Internacional de la Lengua Materna,https://www.radionacional.gob.pe/cultura/cultura-peruana-celebra-el-dia-internacional-de-la-lengua-materna#1759813735995-v8cbv33s2,"Diversas actividades culturales se realizan en todo el país para conmemorar el Día Internacional de la Lengua Materna, destacando la importancia de preservar las lenguas originarias del Perú.",,Radio Nacional del Perú,2025-10-07T05:08:55.996Z,cmgg1fs0b0000112g1dwxzwzw,Actualidad,#3B82F6
cmgg3nt4o00q313ghyvqnvfog,Gobierno anuncia nuevas medidas económicas para reactivar el país,https://www.radionacional.gob.pe/economia/gobierno-anuncia-nuevas-medidas-economicas-para-reactivar-el-pais#1759813735992-zdiolzqhu,"El Ministerio de Economía y Finanzas presentó un paquete de medidas destinadas a impulsar la reactivación económica del país, incluyendo incentivos fiscales y programas de apoyo a las pequeñas empresas.",,Radio Nacional del Perú,2025-10-07T05:08:55.993Z,cmgg1fs0c0002112gtz9dd9xz,Economía,#059669
cmgg3nruj00pz13gho8y4h8sw,Artículo de gestion.pe,https://gestion.pe//articulo-1#1759813734331-rfax4y3dx,Contenido extraído usando selectores CSS personalizados...,,gestion.pe,2025-10-07T05:08:54.332Z,,Sin categoría,
cmgg3nrui00pv13ghdthsdi7q,Artículo de www.infobae.com,https://www.infobae.com/peru//articulo-1#1759813734330-e61l1chaq,Contenido extraído usando selectores CSS personalizados...,,www.infobae.com,2025-10-07T05:08:54.331Z,,Sin categoría,
cmgg3nruh00pr13ghj7sscjb6,Artículo de diariocorreo.pe,https://diariocorreo.pe//articulo-1#1759813734329-fu57bnz39,Contenido extraído usando selectores CSS personalizados...,,diariocorreo.pe,2025-10-07T05:08:54.330Z,,Sin categoría,
cmgg3nrug00pn13gh2g7xflw9,Artículo de peru21.pe,https://peru21.pe//articulo-1#1759813734328-dnn1hgfcx,Contenido extraído usando selectores CSS personalizados...,,peru21.pe,2025-10-07T05:08:54.329Z,,Sin categoría,
cmgg3nruf00pj13ghkmk2b5hy,Artículo de larepublica.pe,https://larepublica.pe//articulo-1#1759813734327-p5agaaosw,Contenido extraído usando selectores CSS personalizados...,,larepublica.pe,2025-10-07T05:08:54.328Z,,Sin categoría,
cmgg3nrue00pf13ghxmm4bfev,Artículo de elcomercio.pe,https://elcomercio.pe//articulo-1#1759813734326-wlpbsglfe,Contenido extraído usando selectores CSS personalizados...,,elcomercio.pe,2025-10-07T05:08:54.326Z,,Sin categoría,
cmgg3nrud00pb13gh5motln2w,Artículo de www.youtube.com,https://www.youtube.com/channel/UCkZCoc42IipR1ucqJmIehsA/articulo-1#1759813734325-nv6io5yzw,Contenido extraído usando selectores CSS personalizados...,,www.youtube.com,2025-10-07T05:08:54.325Z,,Sin categoría,
cmgg3nrub00p713ghuar2skjp,Artículo de radios.com.pe,https://radios.com.pe/exitosa-lima//articulo-1#1759813734323-j5srqq7ld,Contenido extraído usando selectores CSS personalizados...,,radios.com.pe,2025-10-07T05:08:54.324Z,,Sin categoría,
cmgg3nrua00p313ghpgfscqzy,Artículo de streema.com,https://streema.com/radios/Radio_Noticias_Peru/articulo-1#1759813734322-sa81ww901,Contenido extraído usando selectores CSS personalizados...,,streema.com,2025-10-07T05:08:54.322Z,,Sin categoría,
cmgg3nru900oz13gha7b0otwy,Artículo de radiouno.pe,https://radiouno.pe//articulo-1#1759813734320-gq0cuv9th,Contenido extraído usando selectores CSS personalizados...,,radiouno.pe,2025-10-07T05:08:54.321Z,,Sin categoría,
cmgg3nru700ov13ghvw0wk9xh,Artículo de canaln.pe,https://canaln.pe//articulo-1#1759813734319-ti8jrq2zr,Contenido extraído usando selectores CSS personalizados...,,canaln.pe,2025-10-07T05:08:54.320Z,,Sin categoría,
cmgg3nru600or13ghz3ndvr9c,Artículo de www.exitosanoticias.pe,https://www.exitosanoticias.pe//articulo-1#1759813734318-a1iqsqly8,Contenido extraído usando selectores CSS personalizados...,,www.exitosanoticias.pe,2025-10-07T05:08:54.318Z,,Sin categoría,
cmgg3nru300ol13gh712sp3p4,Crisis sanitaria en Brasil: lo que se sabe de la intoxicación masiva por metanol,https://rpp.pe/mundo/latinoamerica/crisis-sanitaria-en-brasil-lo-que-se-sabe-de-la-intoxicacion-masiva-por-metanol-noticia-123459#1759813734315-9inog1ef5,Las autoridades brasileñas investigan una intoxicación masiva por metanol que ha causado muertes y la caída del consumo de alcohol en el país. Se han reportado varios casos en diferentes estados.,,RPP Noticias,2025-10-07T05:08:54.316Z,cmgg1fs0c0003112g7epw4vrz,Deportes,#F59E0B
cmgg3nru400on13ghs8zd2xod,"Miguel Ángel Russo, entrenador de Boca Juniors, en grave estado de salud",https://rpp.pe/deportes/futbol/miguel-angel-russo-entrenador-de-boca-juniors-en-grave-estado-de-salud-noticia-123460#1759813734316-r4mjjtfxy,"El entrenador de Boca Juniors, Miguel Ángel Russo, se encuentra en grave estado de salud y fue internado en un centro médico. El club emitió un comunicado informando sobre su situación.",,RPP Noticias,2025-10-07T05:08:54.316Z,cmgg1fs0f0007112gev7odmxo,Salud,#10B981
cmgg3nru200oj13ghuy9drxeb,Corpac reconoce que hubo 'breve interrupción' en el funcionamiento del sistema de control radar,https://rpp.pe/lima/actualidad/corpac-reconoce-que-hubo-breve-interrupcion-en-el-funcionamiento-del-sistema-de-control-radar-noticia-123458#1759813734314-g9ocw0o6p,La Corporación Peruana de Aeropuertos y Aviación Comercial (Corpac) reconoció que hubo una breve interrupción en el funcionamiento del sistema de control radar en el aeropuerto Jorge Chávez.,,RPP Noticias,2025-10-07T05:08:54.315Z,,Sin categoría,
cmgg3nru200oh13ghp2lp76wo,Con caras nuevas: Selección Peruana empezó sus entrenamientos pensando en duelo ante Chile,https://rpp.pe/deportes/futbol/con-caras-nuevas-seleccion-peruana-empezo-sus-entrenamientos-pensando-en-duelo-ante-chile-noticia-123457#1759813734314-xea7iz6ed,"Con la presencia de 20 futbolistas, la Selección Peruana empezó sus entrenamientos en La Videna FPF con miras al partido amistoso ante Chile. Felipe Chávez de Bayern Munich dijo presente.",,RPP Noticias,2025-10-07T05:08:54.314Z,cmgg1fs0c0003112g7epw4vrz,Deportes,#F59E0B
cmgg3nru100of13ghoyahje93,Dirigentes transportistas acuerdan no continuar con el paro tras reunión con ministros,https://rpp.pe/politica/actualidad/dirigentes-transportistas-acuerdan-no-continuar-con-el-paro-tras-reunion-con-ministros-noticia-123456#1759813734313-f9fxlih7k,"Los representantes del sector sostuvieron una reunión con el jefe del Gabinete Ministerial, Eduardo Arana, y otros ministros en la que acordaron, entre otros puntos, la instalación de una mesa de trabajo.",,RPP Noticias,2025-10-07T05:08:54.313Z,cmgg1fs0b0001112g2lb2odtv,Política,#DC2626
cmgg3nrtx00ob13ghi0m2zyql,Medio ambiente: Proyecto de conservación en la Amazonía peruana,https://www.radionacional.gob.pe/medio-ambiente/proyecto-de-conservacion-en-la-amazonia-peruana#1759813734309-2mtw0jqbu,Se lanza un nuevo proyecto de conservación en la Amazonía peruana que busca proteger la biodiversidad y promover el desarrollo sostenible en las comunidades locales.,,Radio Nacional del Perú,2025-10-07T05:08:54.309Z,cmgg1fs0g000a112g93a1z2i9,Medio Ambiente,#22C55E
cmgg3nrtw00o913gh3m1bp0pt,Educación: Nuevas tecnologías llegan a escuelas rurales,https://www.radionacional.gob.pe/educacion/nuevas-tecnologias-llegan-a-escuelas-rurales#1759813734307-6x6l7nd82,"El Ministerio de Educación implementa programas de tecnología educativa en escuelas rurales, llevando internet y equipos informáticos a comunidades alejadas para mejorar la calidad educativa.",,Radio Nacional del Perú,2025-10-07T05:08:54.308Z,cmgg1fs0f0008112gsse5oyp2,Sociedad,#F97316
cmgg3nrtv00o713ghbk8x4z80,Ministerio de Salud reporta avances en campaña de vacunación,https://www.radionacional.gob.pe/salud/ministerio-de-salud-reporta-avances-en-campana-de-vacunacion#1759813734306-v4sx9agas,"El Ministerio de Salud informó sobre los avances en la campaña de vacunación contra diversas enfermedades, alcanzando importantes coberturas en las regiones más vulnerables del país.",,Radio Nacional del Perú,2025-10-07T05:08:54.307Z,cmgg1fs0f0007112gev7odmxo,Salud,#10B981
cmgg3nrtt00o513ghm5j1fcbs,Cultura peruana celebra el Día Internacional de la Lengua Materna,https://www.radionacional.gob.pe/cultura/cultura-peruana-celebra-el-dia-internacional-de-la-lengua-materna#1759813734305-777ba4oep,"Diversas actividades culturales se realizan en todo el país para conmemorar el Día Internacional de la Lengua Materna, destacando la importancia de preservar las lenguas originarias del Perú.",,Radio Nacional del Perú,2025-10-07T05:08:54.305Z,cmgg1fs0b0000112g1dwxzwzw,Actualidad,#3B82F6
cmgg3nrtr00o313ghdm6txt2f,Gobierno anuncia nuevas medidas económicas para reactivar el país,https://www.radionacional.gob.pe/economia/gobierno-anuncia-nuevas-medidas-economicas-para-reactivar-el-pais#1759813734302-bons79tij,"El Ministerio de Economía y Finanzas presentó un paquete de medidas destinadas a impulsar la reactivación económica del país, incluyendo incentivos fiscales y programas de apoyo a las pequeñas empresas.",,Radio Nacional del Perú,2025-10-07T05:08:54.303Z,cmgg1fs0c0002112gtz9dd9xz,Economía,#059669
cmgg3nqfw00nz13ghgcqboqyn,Artículo de gestion.pe,https://gestion.pe//articulo-1#1759813732508-lwmc1iv0w,Contenido extraído usando selectores CSS personalizados...,,gestion.pe,2025-10-07T05:08:52.508Z,,Sin categoría,
cmgg3nqfv00nv13ghjmecp07h,Artículo de www.infobae.com,https://www.infobae.com/peru//articulo-1#1759813732507-9rv16exxx,Contenido extraído usando selectores CSS personalizados...,,www.infobae.com,2025-10-07T05:08:52.507Z,,Sin categoría,
cmgg3nqfu00nr13ghw81s68vu,Artículo de diariocorreo.pe,https://diariocorreo.pe//articulo-1#1759813732506-nw7fxuxbp,Contenido extraído usando selectores CSS personalizados...,,diariocorreo.pe,2025-10-07T05:08:52.506Z,,Sin categoría,
cmgg3nqft00nn13ghi287ipqg,Artículo de peru21.pe,https://peru21.pe//articulo-1#1759813732505-oee2250of,Contenido extraído usando selectores CSS personalizados...,,peru21.pe,2025-10-07T05:08:52.505Z,,Sin categoría,
cmgg3nqfs00nj13ghghon8tr9,Artículo de larepublica.pe,https://larepublica.pe//articulo-1#1759813732504-ruv8x31y0,Contenido extraído usando selectores CSS personalizados...,,larepublica.pe,2025-10-07T05:08:52.504Z,,Sin categoría,
cmgg3nqfq00nf13ghbj400x5l,Artículo de elcomercio.pe,https://elcomercio.pe//articulo-1#1759813732502-4e2mqz575,Contenido extraído usando selectores CSS personalizados...,,elcomercio.pe,2025-10-07T05:08:52.503Z,,Sin categoría,
cmgg3nqfp00nb13gh97ymxwvx,Artículo de www.youtube.com,https://www.youtube.com/channel/UCkZCoc42IipR1ucqJmIehsA/articulo-1#1759813732501-56h0f2yvs,Contenido extraído usando selectores CSS personalizados...,,www.youtube.com,2025-10-07T05:08:52.502Z,,Sin categoría,
cmgg3nqfo00n713ghokvnbqxn,Artículo de radios.com.pe,https://radios.com.pe/exitosa-lima//articulo-1#1759813732500-ac7u9h3xp,Contenido extraído usando selectores CSS personalizados...,,radios.com.pe,2025-10-07T05:08:52.501Z,,Sin categoría,
cmgg3nqfn00n313ghezlrhl69,Artículo de streema.com,https://streema.com/radios/Radio_Noticias_Peru/articulo-1#1759813732499-c61y5jrac,Contenido extraído usando selectores CSS personalizados...,,streema.com,2025-10-07T05:08:52.499Z,,Sin categoría,
cmgg3nqfl00mz13gh06c85ooa,Artículo de radiouno.pe,https://radiouno.pe//articulo-1#1759813732497-yujsdzhua,Contenido extraído usando selectores CSS personalizados...,,radiouno.pe,2025-10-07T05:08:52.498Z,,Sin categoría,
cmgg3nqfk00mv13ghqjycv5g1,Artículo de canaln.pe,https://canaln.pe//articulo-1#1759813732496-ki7soru68,Contenido extraído usando selectores CSS personalizados...,,canaln.pe,2025-10-07T05:08:52.496Z,,Sin categoría,
cmgg3nqfi00mr13ghdylprhxi,Artículo de www.exitosanoticias.pe,https://www.exitosanoticias.pe//articulo-1#1759813732494-iqqnsutfx,Contenido extraído usando selectores CSS personalizados...,,www.exitosanoticias.pe,2025-10-07T05:08:52.495Z,,Sin categoría,
cmgg3nqfg00mn13gh4srk379g,"Miguel Ángel Russo, entrenador de Boca Juniors, en grave estado de salud",https://rpp.pe/deportes/futbol/miguel-angel-russo-entrenador-de-boca-juniors-en-grave-estado-de-salud-noticia-123460#1759813732492-04kvjtl2m,"El entrenador de Boca Juniors, Miguel Ángel Russo, se encuentra en grave estado de salud y fue internado en un centro médico. El club emitió un comunicado informando sobre su situación.",,RPP Noticias,2025-10-07T05:08:52.493Z,cmgg1fs0f0007112gev7odmxo,Salud,#10B981
cmgg3nqfg00ml13ghh821k4sw,Crisis sanitaria en Brasil: lo que se sabe de la intoxicación masiva por metanol,https://rpp.pe/mundo/latinoamerica/crisis-sanitaria-en-brasil-lo-que-se-sabe-de-la-intoxicacion-masiva-por-metanol-noticia-123459#1759813732492-3bt1eb4pd,Las autoridades brasileñas investigan una intoxicación masiva por metanol que ha causado muertes y la caída del consumo de alcohol en el país. Se han reportado varios casos en diferentes estados.,,RPP Noticias,2025-10-07T05:08:52.492Z,cmgg1fs0c0003112g7epw4vrz,Deportes,#F59E0B
cmgg3nqfe00mh13ghhmx1csxs,Con caras nuevas: Selección Peruana empezó sus entrenamientos pensando en duelo ante Chile,https://rpp.pe/deportes/futbol/con-caras-nuevas-seleccion-peruana-empezo-sus-entrenamientos-pensando-en-duelo-ante-chile-noticia-123457#1759813732490-3p3bnsxqn,"Con la presencia de 20 futbolistas, la Selección Peruana empezó sus entrenamientos en La Videna FPF con miras al partido amistoso ante Chile. Felipe Chávez de Bayern Munich dijo presente.",,RPP Noticias,2025-10-07T05:08:52.491Z,cmgg1fs0c0003112g7epw4vrz,Deportes,#F59E0B
cmgg3nqff00mj13ghfi56mt0o,Corpac reconoce que hubo 'breve interrupción' en el funcionamiento del sistema de control radar,https://rpp.pe/lima/actualidad/corpac-reconoce-que-hubo-breve-interrupcion-en-el-funcionamiento-del-sistema-de-control-radar-noticia-123458#1759813732491-bdtun0z3r,La Corporación Peruana de Aeropuertos y Aviación Comercial (Corpac) reconoció que hubo una breve interrupción en el funcionamiento del sistema de control radar en el aeropuerto Jorge Chávez.,,RPP Noticias,2025-10-07T05:08:52.491Z,,Sin categoría,
cmgg3nqfe00mf13gh1xb8ynio,Dirigentes transportistas acuerdan no continuar con el paro tras reunión con ministros,https://rpp.pe/politica/actualidad/dirigentes-transportistas-acuerdan-no-continuar-con-el-paro-tras-reunion-con-ministros-noticia-123456#1759813732489-ogugksitv,"Los representantes del sector sostuvieron una reunión con el jefe del Gabinete Ministerial, Eduardo Arana, y otros ministros en la que acordaron, entre otros puntos, la instalación de una mesa de trabajo.",,RPP Noticias,2025-10-07T05:08:52.490Z,cmgg1fs0b0001112g2lb2odtv,Política,#DC2626
cmgg3nqf900mb13ghuh3x3tog,Medio ambiente: Proyecto de conservación en la Amazonía peruana,https://www.radionacional.gob.pe/medio-ambiente/proyecto-de-conservacion-en-la-amazonia-peruana#1759813732485-4yi2mpnui,Se lanza un nuevo proyecto de conservación en la Amazonía peruana que busca proteger la biodiversidad y promover el desarrollo sostenible en las comunidades locales.,,Radio Nacional del Perú,2025-10-07T05:08:52.485Z,cmgg1fs0g000a112g93a1z2i9,Medio Ambiente,#22C55E
cmgg3nqf800m913ghh0645vnl,Educación: Nuevas tecnologías llegan a escuelas rurales,https://www.radionacional.gob.pe/educacion/nuevas-tecnologias-llegan-a-escuelas-rurales#1759813732484-ld88ge5us,"El Ministerio de Educación implementa programas de tecnología educativa en escuelas rurales, llevando internet y equipos informáticos a comunidades alejadas para mejorar la calidad educativa.",,Radio Nacional del Perú,2025-10-07T05:08:52.484Z,cmgg1fs0f0008112gsse5oyp2,Sociedad,#F97316
cmgg3nqf700m713ghd0idaug2,Ministerio de Salud reporta avances en campaña de vacunación,https://www.radionacional.gob.pe/salud/ministerio-de-salud-reporta-avances-en-campana-de-vacunacion#1759813732482-7yoa28o2t,"El Ministerio de Salud informó sobre los avances en la campaña de vacunación contra diversas enfermedades, alcanzando importantes coberturas en las regiones más vulnerables del país.",,Radio Nacional del Perú,2025-10-07T05:08:52.483Z,cmgg1fs0f0007112gev7odmxo,Salud,#10B981
cmgg3nqf500m513ghcvvay4as,Cultura peruana celebra el Día Internacional de la Lengua Materna,https://www.radionacional.gob.pe/cultura/cultura-peruana-celebra-el-dia-internacional-de-la-lengua-materna#1759813732481-xcwtyo6bk,"Diversas actividades culturales se realizan en todo el país para conmemorar el Día Internacional de la Lengua Materna, destacando la importancia de preservar las lenguas originarias del Perú.",,Radio Nacional del Perú,2025-10-07T05:08:52.481Z,cmgg1fs0b0000112g1dwxzwzw,Actualidad,#3B82F6
cmgg3nqf300m313ghmu81abov,Gobierno anuncia nuevas medidas económicas para reactivar el país,https://www.radionacional.gob.pe/economia/gobierno-anuncia-nuevas-medidas-economicas-para-reactivar-el-pais#1759813732478-sdp3jr2wc,"El Ministerio de Economía y Finanzas presentó un paquete de medidas destinadas a impulsar la reactivación económica del país, incluyendo incentivos fiscales y programas de apoyo a las pequeñas empresas.",,Radio Nacional del Perú,2025-10-07T05:08:52.479Z,cmgg1fs0c0002112gtz9dd9xz,Economía,#059669
cmgg3noh700lz13gho73vrhud,Artículo de gestion.pe,https://gestion.pe//articulo-1#1759813729963-vzi01rbab,Contenido extraído usando selectores CSS personalizados...,,gestion.pe,2025-10-07T05:08:49.964Z,,Sin categoría,
cmgg3noh600lv13gh4t16444v,Artículo de www.infobae.com,https://www.infobae.com/peru//articulo-1#1759813729962-obby48yka,Contenido extraído usando selectores CSS personalizados...,,www.infobae.com,2025-10-07T05:08:49.963Z,,Sin categoría,
cmgg3noh500lr13ghf43791op,Artículo de diariocorreo.pe,https://diariocorreo.pe//articulo-1#1759813729961-3eemh4v35,Contenido extraído usando selectores CSS personalizados...,,diariocorreo.pe,2025-10-07T05:08:49.961Z,,Sin categoría,
cmgg3noh300ln13ghzxvgwt7u,Artículo de peru21.pe,https://peru21.pe//articulo-1#1759813729959-ojxi7ehee,Contenido extraído usando selectores CSS personalizados...,,peru21.pe,2025-10-07T05:08:49.960Z,,Sin categoría,
cmgg3noh200lj13ghouqht1b6,Artículo de larepublica.pe,https://larepublica.pe//articulo-1#1759813729958-gqygg5yiw,Contenido extraído usando selectores CSS personalizados...,,larepublica.pe,2025-10-07T05:08:49.959Z,,Sin categoría,
cmgg3noh100lf13gh39x5ugov,Artículo de elcomercio.pe,https://elcomercio.pe//articulo-1#1759813729957-eom2j87u7,Contenido extraído usando selectores CSS personalizados...,,elcomercio.pe,2025-10-07T05:08:49.957Z,,Sin categoría,
cmgg3noh000lb13gh6a16uycl,Artículo de www.youtube.com,https://www.youtube.com/channel/UCkZCoc42IipR1ucqJmIehsA/articulo-1#1759813729956-fgpmgz8r6,Contenido extraído usando selectores CSS personalizados...,,www.youtube.com,2025-10-07T05:08:49.956Z,,Sin categoría,
cmgg3nogy00l713ghucpvcq1w,Artículo de radios.com.pe,https://radios.com.pe/exitosa-lima//articulo-1#1759813729954-8xk2p7l35,Contenido extraído usando selectores CSS personalizados...,,radios.com.pe,2025-10-07T05:08:49.955Z,,Sin categoría,
cmgg3nogx00l313gh71ws2wat,Artículo de streema.com,https://streema.com/radios/Radio_Noticias_Peru/articulo-1#1759813729953-veu5qhwr5,Contenido extraído usando selectores CSS personalizados...,,streema.com,2025-10-07T05:08:49.954Z,,Sin categoría,
cmgg3nogw00kz13gheofe6cxb,Artículo de radiouno.pe,https://radiouno.pe//articulo-1#1759813729952-qahj2j347,Contenido extraído usando selectores CSS personalizados...,,radiouno.pe,2025-10-07T05:08:49.952Z,,Sin categoría,
cmgg3nogv00kv13gh6u2y89lf,Artículo de canaln.pe,https://canaln.pe//articulo-1#1759813729950-omtl42fmw,Contenido extraído usando selectores CSS personalizados...,,canaln.pe,2025-10-07T05:08:49.951Z,,Sin categoría,
cmgg3nogt00kr13ghfl5kn6ry,Artículo de www.exitosanoticias.pe,https://www.exitosanoticias.pe//articulo-1#1759813729949-royuyj6lz,Contenido extraído usando selectores CSS personalizados...,,www.exitosanoticias.pe,2025-10-07T05:08:49.949Z,,Sin categoría,
cmgg3nogr00kn13gh15q9cdzg,"Miguel Ángel Russo, entrenador de Boca Juniors, en grave estado de salud",https://rpp.pe/deportes/futbol/miguel-angel-russo-entrenador-de-boca-juniors-en-grave-estado-de-salud-noticia-123460#1759813729947-fzwtgqp9j,"El entrenador de Boca Juniors, Miguel Ángel Russo, se encuentra en grave estado de salud y fue internado en un centro médico. El club emitió un comunicado informando sobre su situación.",,RPP Noticias,2025-10-07T05:08:49.948Z,cmgg1fs0f0007112gev7odmxo,Salud,#10B981
cmgg3nogq00kl13gh2jz0h8na,Crisis sanitaria en Brasil: lo que se sabe de la intoxicación masiva por metanol,https://rpp.pe/mundo/latinoamerica/crisis-sanitaria-en-brasil-lo-que-se-sabe-de-la-intoxicacion-masiva-por-metanol-noticia-123459#1759813729946-za9ju6al4,Las autoridades brasileñas investigan una intoxicación masiva por metanol que ha causado muertes y la caída del consumo de alcohol en el país. Se han reportado varios casos en diferentes estados.,,RPP Noticias,2025-10-07T05:08:49.947Z,cmgg1fs0c0003112g7epw4vrz,Deportes,#F59E0B
cmgg3nogq00kj13ghru2dkedq,Corpac reconoce que hubo 'breve interrupción' en el funcionamiento del sistema de control radar,https://rpp.pe/lima/actualidad/corpac-reconoce-que-hubo-breve-interrupcion-en-el-funcionamiento-del-sistema-de-control-radar-noticia-123458#1759813729946-q8ykbzxs2,La Corporación Peruana de Aeropuertos y Aviación Comercial (Corpac) reconoció que hubo una breve interrupción en el funcionamiento del sistema de control radar en el aeropuerto Jorge Chávez.,,RPP Noticias,2025-10-07T05:08:49.946Z,,Sin categoría,
cmgg3nogp00kh13gh4z6k3tnq,Con caras nuevas: Selección Peruana empezó sus entrenamientos pensando en duelo ante Chile,https://rpp.pe/deportes/futbol/con-caras-nuevas-seleccion-peruana-empezo-sus-entrenamientos-pensando-en-duelo-ante-chile-noticia-123457#1759813729945-0x6fr1hd7,"Con la presencia de 20 futbolistas, la Selección Peruana empezó sus entrenamientos en La Videna FPF con miras al partido amistoso ante Chile. Felipe Chávez de Bayern Munich dijo presente.",,RPP Noticias,2025-10-07T05:08:49.945Z,cmgg1fs0c0003112g7epw4vrz,Deportes,#F59E0B
cmgg3nogo00kf13gh6o4dukw3,Dirigentes transportistas acuerdan no continuar con el paro tras reunión con ministros,https://rpp.pe/politica/actualidad/dirigentes-transportistas-acuerdan-no-continuar-con-el-paro-tras-reunion-con-ministros-noticia-123456#1759813729944-yol8hh7am,"Los representantes del sector sostuvieron una reunión con el jefe del Gabinete Ministerial, Eduardo Arana, y otros ministros en la que acordaron, entre otros puntos, la instalación de una mesa de trabajo.",,RPP Noticias,2025-10-07T05:08:49.944Z,cmgg1fs0b0001112g2lb2odtv,Política,#DC2626
cmgg3nogj00kb13ghrqw2j8n6,Medio ambiente: Proyecto de conservación en la Amazonía peruana,https://www.radionacional.gob.pe/medio-ambiente/proyecto-de-conservacion-en-la-amazonia-peruana#1759813729939-p7up7n27o,Se lanza un nuevo proyecto de conservación en la Amazonía peruana que busca proteger la biodiversidad y promover el desarrollo sostenible en las comunidades locales.,,Radio Nacional del Perú,2025-10-07T05:08:49.940Z,cmgg1fs0g000a112g93a1z2i9,Medio Ambiente,#22C55E
cmgg3nogi00k913gh1o8zef5c,Educación: Nuevas tecnologías llegan a escuelas rurales,https://www.radionacional.gob.pe/educacion/nuevas-tecnologias-llegan-a-escuelas-rurales#1759813729938-o53rklbt4,"El Ministerio de Educación implementa programas de tecnología educativa en escuelas rurales, llevando internet y equipos informáticos a comunidades alejadas para mejorar la calidad educativa.",,Radio Nacional del Perú,2025-10-07T05:08:49.939Z,cmgg1fs0f0008112gsse5oyp2,Sociedad,#F97316
cmgg3nogh00k713ghzvan05go,Ministerio de Salud reporta avances en campaña de vacunación,https://www.radionacional.gob.pe/salud/ministerio-de-salud-reporta-avances-en-campana-de-vacunacion#1759813729937-zb8y49jyl,"El Ministerio de Salud informó sobre los avances en la campaña de vacunación contra diversas enfermedades, alcanzando importantes coberturas en las regiones más vulnerables del país.",,Radio Nacional del Perú,2025-10-07T05:08:49.938Z,cmgg1fs0f0007112gev7odmxo,Salud,#10B981
cmgg3nogg00k513ght5641qq9,Cultura peruana celebra el Día Internacional de la Lengua Materna,https://www.radionacional.gob.pe/cultura/cultura-peruana-celebra-el-dia-internacional-de-la-lengua-materna#1759813729936-p1bgr3fy9,"Diversas actividades culturales se realizan en todo el país para conmemorar el Día Internacional de la Lengua Materna, destacando la importancia de preservar las lenguas originarias del Perú.",,Radio Nacional del Perú,2025-10-07T05:08:49.936Z,cmgg1fs0b0000112g1dwxzwzw,Actualidad,#3B82F6
cmgg3noge00k313ghruwvouqh,Gobierno anuncia nuevas medidas económicas para reactivar el país,https://www.radionacional.gob.pe/economia/gobierno-anuncia-nuevas-medidas-economicas-para-reactivar-el-pais#1759813729933-7g8crifuw,"El Ministerio de Economía y Finanzas presentó un paquete de medidas destinadas a impulsar la reactivación económica del país, incluyendo incentivos fiscales y programas de apoyo a las pequeñas empresas.",,Radio Nacional del Perú,2025-10-07T05:08:49.934Z,cmgg1fs0c0002112gtz9dd9xz,Economía,#059669
cmgg3njih00jz13gh6x0ymnwu,Artículo de gestion.pe,https://gestion.pe//articulo-1#1759813723529-vfx6bwl7c,Contenido extraído usando selectores CSS personalizados...,,gestion.pe,2025-10-07T05:08:43.529Z,,Sin categoría,
cmgg3njig00jv13gh1n1jw9il,Artículo de www.infobae.com,https://www.infobae.com/peru//articulo-1#1759813723528-ijll2rmwy,Contenido extraído usando selectores CSS personalizados...,,www.infobae.com,2025-10-07T05:08:43.528Z,,Sin categoría,
cmgg3njif00jr13ghl6t2a923,Artículo de diariocorreo.pe,https://diariocorreo.pe//articulo-1#1759813723527-ilu4j6tzl,Contenido extraído usando selectores CSS personalizados...,,diariocorreo.pe,2025-10-07T05:08:43.527Z,,Sin categoría,
cmgg3njie00jn13ghwz3dp5us,Artículo de peru21.pe,https://peru21.pe//articulo-1#1759813723526-56nipwbvh,Contenido extraído usando selectores CSS personalizados...,,peru21.pe,2025-10-07T05:08:43.526Z,,Sin categoría,
cmgg3njic00jj13ghytslfi2j,Artículo de larepublica.pe,https://larepublica.pe//articulo-1#1759813723524-p0evjejuu,Contenido extraído usando selectores CSS personalizados...,,larepublica.pe,2025-10-07T05:08:43.525Z,,Sin categoría,
cmgg3njib00jf13ghqa95iqkb,Artículo de elcomercio.pe,https://elcomercio.pe//articulo-1#1759813723523-zvn4wtnqo,Contenido extraído usando selectores CSS personalizados...,,elcomercio.pe,2025-10-07T05:08:43.524Z,,Sin categoría,
cmgg3njia00jb13ghqdg3wkhc,Artículo de www.youtube.com,https://www.youtube.com/channel/UCkZCoc42IipR1ucqJmIehsA/articulo-1#1759813723522-o3cxik1ax,Contenido extraído usando selectores CSS personalizados...,,www.youtube.com,2025-10-07T05:08:43.522Z,,Sin categoría,
cmgg3nji900j713ghfqu9gp50,Artículo de radios.com.pe,https://radios.com.pe/exitosa-lima//articulo-1#1759813723521-7aiwfq2bf,Contenido extraído usando selectores CSS personalizados...,,radios.com.pe,2025-10-07T05:08:43.521Z,,Sin categoría,
cmgg3nji700j313gh8kvylf2s,Artículo de streema.com,https://streema.com/radios/Radio_Noticias_Peru/articulo-1#1759813723519-wzyfe2jv3,Contenido extraído usando selectores CSS personalizados...,,streema.com,2025-10-07T05:08:43.520Z,,Sin categoría,
cmgg3nji600iz13ghsl45iqxt,Artículo de radiouno.pe,https://radiouno.pe//articulo-1#1759813723518-6qw7kcxjp,Contenido extraído usando selectores CSS personalizados...,,radiouno.pe,2025-10-07T05:08:43.518Z,,Sin categoría,
cmgg3nji400iv13gh5my5h0wy,Artículo de canaln.pe,https://canaln.pe//articulo-1#1759813723516-d829st9n4,Contenido extraído usando selectores CSS personalizados...,,canaln.pe,2025-10-07T05:08:43.517Z,,Sin categoría,
cmgg3nji200ir13gha03dsuk9,Artículo de www.exitosanoticias.pe,https://www.exitosanoticias.pe//articulo-1#1759813723514-wseiv95vk,Contenido extraído usando selectores CSS personalizados...,,www.exitosanoticias.pe,2025-10-07T05:08:43.515Z,,Sin categoría,
cmgg3nji100in13ghcmxnikrr,"Miguel Ángel Russo, entrenador de Boca Juniors, en grave estado de salud",https://rpp.pe/deportes/futbol/miguel-angel-russo-entrenador-de-boca-juniors-en-grave-estado-de-salud-noticia-123460#1759813723512-3ab42ruy2,"El entrenador de Boca Juniors, Miguel Ángel Russo, se encuentra en grave estado de salud y fue internado en un centro médico. El club emitió un comunicado informando sobre su situación.",,RPP Noticias,2025-10-07T05:08:43.513Z,cmgg1fs0f0007112gev7odmxo,Salud,#10B981
cmgg3njhz00ij13ghcssh6i2s,Corpac reconoce que hubo 'breve interrupción' en el funcionamiento del sistema de control radar,https://rpp.pe/lima/actualidad/corpac-reconoce-que-hubo-breve-interrupcion-en-el-funcionamiento-del-sistema-de-control-radar-noticia-123458#1759813723511-fdtwg1rol,La Corporación Peruana de Aeropuertos y Aviación Comercial (Corpac) reconoció que hubo una breve interrupción en el funcionamiento del sistema de control radar en el aeropuerto Jorge Chávez.,,RPP Noticias,2025-10-07T05:08:43.512Z,,Sin categoría,
cmgg3nji000il13gh3uemk85m,Crisis sanitaria en Brasil: lo que se sabe de la intoxicación masiva por metanol,https://rpp.pe/mundo/latinoamerica/crisis-sanitaria-en-brasil-lo-que-se-sabe-de-la-intoxicacion-masiva-por-metanol-noticia-123459#1759813723512-t7d2o0u0u,Las autoridades brasileñas investigan una intoxicación masiva por metanol que ha causado muertes y la caída del consumo de alcohol en el país. Se han reportado varios casos en diferentes estados.,,RPP Noticias,2025-10-07T05:08:43.512Z,cmgg1fs0c0003112g7epw4vrz,Deportes,#F59E0B
cmgg3njhy00ih13ghdcknpeap,Con caras nuevas: Selección Peruana empezó sus entrenamientos pensando en duelo ante Chile,https://rpp.pe/deportes/futbol/con-caras-nuevas-seleccion-peruana-empezo-sus-entrenamientos-pensando-en-duelo-ante-chile-noticia-123457#1759813723510-xjbdl7rk6,"Con la presencia de 20 futbolistas, la Selección Peruana empezó sus entrenamientos en La Videna FPF con miras al partido amistoso ante Chile. Felipe Chávez de Bayern Munich dijo presente.",,RPP Noticias,2025-10-07T05:08:43.511Z,cmgg1fs0c0003112g7epw4vrz,Deportes,#F59E0B
cmgg3njhx00if13gh03v1e10h,Dirigentes transportistas acuerdan no continuar con el paro tras reunión con ministros,https://rpp.pe/politica/actualidad/dirigentes-transportistas-acuerdan-no-continuar-con-el-paro-tras-reunion-con-ministros-noticia-123456#1759813723509-z4ydy6cgj,"Los representantes del sector sostuvieron una reunión con el jefe del Gabinete Ministerial, Eduardo Arana, y otros ministros en la que acordaron, entre otros puntos, la instalación de una mesa de trabajo.",,RPP Noticias,2025-10-07T05:08:43.510Z,cmgg1fs0b0001112g2lb2odtv,Política,#DC2626
cmgg3njhs00ib13gh29f0z0ij,Medio ambiente: Proyecto de conservación en la Amazonía peruana,https://www.radionacional.gob.pe/medio-ambiente/proyecto-de-conservacion-en-la-amazonia-peruana#1759813723504-1sgfnksc7,Se lanza un nuevo proyecto de conservación en la Amazonía peruana que busca proteger la biodiversidad y promover el desarrollo sostenible en las comunidades locales.,,Radio Nacional del Perú,2025-10-07T05:08:43.505Z,cmgg1fs0g000a112g93a1z2i9,Medio Ambiente,#22C55E
cmgg3njhr00i913ghsq38lpgh,Educación: Nuevas tecnologías llegan a escuelas rurales,https://www.radionacional.gob.pe/educacion/nuevas-tecnologias-llegan-a-escuelas-rurales#1759813723503-bfaddw7z4,"El Ministerio de Educación implementa programas de tecnología educativa en escuelas rurales, llevando internet y equipos informáticos a comunidades alejadas para mejorar la calidad educativa.",,Radio Nacional del Perú,2025-10-07T05:08:43.503Z,cmgg1fs0f0008112gsse5oyp2,Sociedad,#F97316
cmgg3njhp00i713ghpj7ojrv8,Ministerio de Salud reporta avances en campaña de vacunación,https://www.radionacional.gob.pe/salud/ministerio-de-salud-reporta-avances-en-campana-de-vacunacion#1759813723501-g5icjieo6,"El Ministerio de Salud informó sobre los avances en la campaña de vacunación contra diversas enfermedades, alcanzando importantes coberturas en las regiones más vulnerables del país.",,Radio Nacional del Perú,2025-10-07T05:08:43.502Z,cmgg1fs0f0007112gev7odmxo,Salud,#10B981
cmgg3njho00i513gh7vi5of1s,Cultura peruana celebra el Día Internacional de la Lengua Materna,https://www.radionacional.gob.pe/cultura/cultura-peruana-celebra-el-dia-internacional-de-la-lengua-materna#1759813723499-usx4ohdb2,"Diversas actividades culturales se realizan en todo el país para conmemorar el Día Internacional de la Lengua Materna, destacando la importancia de preservar las lenguas originarias del Perú.",,Radio Nacional del Perú,2025-10-07T05:08:43.500Z,cmgg1fs0b0000112g1dwxzwzw,Actualidad,#3B82F6
cmgg3njhl00i313ghasxp8kjf,Gobierno anuncia nuevas medidas económicas para reactivar el país,https://www.radionacional.gob.pe/economia/gobierno-anuncia-nuevas-medidas-economicas-para-reactivar-el-pais#1759813723497-00qkdx8yx,"El Ministerio de Economía y Finanzas presentó un paquete de medidas destinadas a impulsar la reactivación económica del país, incluyendo incentivos fiscales y programas de apoyo a las pequeñas empresas.",,Radio Nacional del Perú,2025-10-07T05:08:43.498Z,cmgg1fs0c0002112gtz9dd9xz,Economía,#059669
cmgg3nhxl00hz13ghbytdahht,Artículo de gestion.pe,https://gestion.pe//articulo-1#1759813721481-evwuenjx1,Contenido extraído usando selectores CSS personalizados...,,gestion.pe,2025-10-07T05:08:41.481Z,,Sin categoría,
cmgg3nhxk00hv13ghvwjp5u9z,Artículo de www.infobae.com,https://www.infobae.com/peru//articulo-1#1759813721480-w0jed4rg4,Contenido extraído usando selectores CSS personalizados...,,www.infobae.com,2025-10-07T05:08:41.480Z,,Sin categoría,
cmgg3nhxj00hr13ghr5wiyl63,Artículo de diariocorreo.pe,https://diariocorreo.pe//articulo-1#1759813721479-pbqq751au,Contenido extraído usando selectores CSS personalizados...,,diariocorreo.pe,2025-10-07T05:08:41.479Z,,Sin categoría,
cmgg3nhxh00hn13ghe7ef79wa,Artículo de peru21.pe,https://peru21.pe//articulo-1#1759813721477-0j8yibbuh,Contenido extraído usando selectores CSS personalizados...,,peru21.pe,2025-10-07T05:08:41.478Z,,Sin categoría,
cmgg3nhxg00hj13ghou5rux19,Artículo de larepublica.pe,https://larepublica.pe//articulo-1#1759813721476-tpuklnoua,Contenido extraído usando selectores CSS personalizados...,,larepublica.pe,2025-10-07T05:08:41.477Z,,Sin categoría,
cmgg3nhxf00hf13ghxfoeen6a,Artículo de elcomercio.pe,https://elcomercio.pe//articulo-1#1759813721475-1sm7gxctl,Contenido extraído usando selectores CSS personalizados...,,elcomercio.pe,2025-10-07T05:08:41.476Z,,Sin categoría,
cmgg3nhxe00hb13ghpkyn9l0d,Artículo de www.youtube.com,https://www.youtube.com/channel/UCkZCoc42IipR1ucqJmIehsA/articulo-1#1759813721474-0h6q375qk,Contenido extraído usando selectores CSS personalizados...,,www.youtube.com,2025-10-07T05:08:41.474Z,,Sin categoría,
cmgg3nhxc00h713gh87kcchwj,Artículo de radios.com.pe,https://radios.com.pe/exitosa-lima//articulo-1#1759813721472-3kz7zq567,Contenido extraído usando selectores CSS personalizados...,,radios.com.pe,2025-10-07T05:08:41.473Z,,Sin categoría,
cmgg3nhxb00h313ghu0slgzl5,Artículo de streema.com,https://streema.com/radios/Radio_Noticias_Peru/articulo-1#1759813721471-t4ewtrus9,Contenido extraído usando selectores CSS personalizados...,,streema.com,2025-10-07T05:08:41.471Z,,Sin categoría,
cmgg3nhxa00gz13ghapm05mzt,Artículo de radiouno.pe,https://radiouno.pe//articulo-1#1759813721470-lfwbjj1n9,Contenido extraído usando selectores CSS personalizados...,,radiouno.pe,2025-10-07T05:08:41.470Z,,Sin categoría,
cmgg3nhx800gv13ghxi2y35x6,Artículo de canaln.pe,https://canaln.pe//articulo-1#1759813721468-y03or4msv,Contenido extraído usando selectores CSS personalizados...,,canaln.pe,2025-10-07T05:08:41.469Z,,Sin categoría,
cmgg3nhx700gr13gh4nuxcs6s,Artículo de www.exitosanoticias.pe,https://www.exitosanoticias.pe//articulo-1#1759813721467-cm91qbdsj,Contenido extraído usando selectores CSS personalizados...,,www.exitosanoticias.pe,2025-10-07T05:08:41.467Z,,Sin categoría,
cmgg3nhx500gn13ghm6w3k3k7,"Miguel Ángel Russo, entrenador de Boca Juniors, en grave estado de salud",https://rpp.pe/deportes/futbol/miguel-angel-russo-entrenador-de-boca-juniors-en-grave-estado-de-salud-noticia-123460#1759813721465-l1yyygho2,"El entrenador de Boca Juniors, Miguel Ángel Russo, se encuentra en grave estado de salud y fue internado en un centro médico. El club emitió un comunicado informando sobre su situación.",,RPP Noticias,2025-10-07T05:08:41.466Z,cmgg1fs0f0007112gev7odmxo,Salud,#10B981
cmgg3nhx400gl13ghpnqqpcot,Crisis sanitaria en Brasil: lo que se sabe de la intoxicación masiva por metanol,https://rpp.pe/mundo/latinoamerica/crisis-sanitaria-en-brasil-lo-que-se-sabe-de-la-intoxicacion-masiva-por-metanol-noticia-123459#1759813721464-hp2o6njnc,Las autoridades brasileñas investigan una intoxicación masiva por metanol que ha causado muertes y la caída del consumo de alcohol en el país. Se han reportado varios casos en diferentes estados.,,RPP Noticias,2025-10-07T05:08:41.465Z,cmgg1fs0c0003112g7epw4vrz,Deportes,#F59E0B
cmgg3nhx300gj13ghw9rydj54,Corpac reconoce que hubo 'breve interrupción' en el funcionamiento del sistema de control radar,https://rpp.pe/lima/actualidad/corpac-reconoce-que-hubo-breve-interrupcion-en-el-funcionamiento-del-sistema-de-control-radar-noticia-123458#1759813721463-vxx5q61ud,La Corporación Peruana de Aeropuertos y Aviación Comercial (Corpac) reconoció que hubo una breve interrupción en el funcionamiento del sistema de control radar en el aeropuerto Jorge Chávez.,,RPP Noticias,2025-10-07T05:08:41.464Z,,Sin categoría,
cmgg3nhx300gh13ghjjol3xcz,Con caras nuevas: Selección Peruana empezó sus entrenamientos pensando en duelo ante Chile,https://rpp.pe/deportes/futbol/con-caras-nuevas-seleccion-peruana-empezo-sus-entrenamientos-pensando-en-duelo-ante-chile-noticia-123457#1759813721462-ceg49350w,"Con la presencia de 20 futbolistas, la Selección Peruana empezó sus entrenamientos en La Videna FPF con miras al partido amistoso ante Chile. Felipe Chávez de Bayern Munich dijo presente.",,RPP Noticias,2025-10-07T05:08:41.463Z,cmgg1fs0c0003112g7epw4vrz,Deportes,#F59E0B
cmgg3nhx200gf13ghcso8hkzh,Dirigentes transportistas acuerdan no continuar con el paro tras reunión con ministros,https://rpp.pe/politica/actualidad/dirigentes-transportistas-acuerdan-no-continuar-con-el-paro-tras-reunion-con-ministros-noticia-123456#1759813721461-zu3ah1wqf,"Los representantes del sector sostuvieron una reunión con el jefe del Gabinete Ministerial, Eduardo Arana, y otros ministros en la que acordaron, entre otros puntos, la instalación de una mesa de trabajo.",,RPP Noticias,2025-10-07T05:08:41.462Z,cmgg1fs0b0001112g2lb2odtv,Política,#DC2626
cmgg3nhwy00gb13ghn6yw65wr,Medio ambiente: Proyecto de conservación en la Amazonía peruana,https://www.radionacional.gob.pe/medio-ambiente/proyecto-de-conservacion-en-la-amazonia-peruana#1759813721457-y6s772km9,Se lanza un nuevo proyecto de conservación en la Amazonía peruana que busca proteger la biodiversidad y promover el desarrollo sostenible en las comunidades locales.,,Radio Nacional del Perú,2025-10-07T05:08:41.458Z,cmgg1fs0g000a112g93a1z2i9,Medio Ambiente,#22C55E
cmgg3nhwx00g913ghgjp9wdvv,Educación: Nuevas tecnologías llegan a escuelas rurales,https://www.radionacional.gob.pe/educacion/nuevas-tecnologias-llegan-a-escuelas-rurales#1759813721456-i2z60zlhg,"El Ministerio de Educación implementa programas de tecnología educativa en escuelas rurales, llevando internet y equipos informáticos a comunidades alejadas para mejorar la calidad educativa.",,Radio Nacional del Perú,2025-10-07T05:08:41.457Z,cmgg1fs0f0008112gsse5oyp2,Sociedad,#F97316
cmgg3nhwv00g713ghhw8hmoo0,Ministerio de Salud reporta avances en campaña de vacunación,https://www.radionacional.gob.pe/salud/ministerio-de-salud-reporta-avances-en-campana-de-vacunacion#1759813721455-ton7fl2gm,"El Ministerio de Salud informó sobre los avances en la campaña de vacunación contra diversas enfermedades, alcanzando importantes coberturas en las regiones más vulnerables del país.",,Radio Nacional del Perú,2025-10-07T05:08:41.456Z,cmgg1fs0f0007112gev7odmxo,Salud,#10B981
cmgg3nhwu00g513ghep9wugmn,Cultura peruana celebra el Día Internacional de la Lengua Materna,https://www.radionacional.gob.pe/cultura/cultura-peruana-celebra-el-dia-internacional-de-la-lengua-materna#1759813721454-75o2u8t8r,"Diversas actividades culturales se realizan en todo el país para conmemorar el Día Internacional de la Lengua Materna, destacando la importancia de preservar las lenguas originarias del Perú.",,Radio Nacional del Perú,2025-10-07T05:08:41.454Z,cmgg1fs0b0000112g1dwxzwzw,Actualidad,#3B82F6
cmgg3nhws00g313gh7t5vcg9g,Gobierno anuncia nuevas medidas económicas para reactivar el país,https://www.radionacional.gob.pe/economia/gobierno-anuncia-nuevas-medidas-economicas-para-reactivar-el-pais#1759813721451-770cscgd6,"El Ministerio de Economía y Finanzas presentó un paquete de medidas destinadas a impulsar la reactivación económica del país, incluyendo incentivos fiscales y programas de apoyo a las pequeñas empresas.",,Radio Nacional del Perú,2025-10-07T05:08:41.452Z,cmgg1fs0c0002112gtz9dd9xz,Economía,#059669
cmgg3nfhs00fz13gh6pc3i9e5,Artículo de gestion.pe,https://gestion.pe//articulo-1#1759813718320-zg0ikm9hg,Contenido extraído usando selectores CSS personalizados...,,gestion.pe,2025-10-07T05:08:38.321Z,,Sin categoría,
cmgg3nfhr00fv13ghd527wlko,Artículo de www.infobae.com,https://www.infobae.com/peru//articulo-1#1759813718319-4sk6vf9ab,Contenido extraído usando selectores CSS personalizados...,,www.infobae.com,2025-10-07T05:08:38.320Z,,Sin categoría,
cmgg3nfhq00fr13ghuan6i9ad,Artículo de diariocorreo.pe,https://diariocorreo.pe//articulo-1#1759813718318-6tx7z13e4,Contenido extraído usando selectores CSS personalizados...,,diariocorreo.pe,2025-10-07T05:08:38.319Z,,Sin categoría,
cmgg3nfhp00fn13ghdzz3x0oe,Artículo de peru21.pe,https://peru21.pe//articulo-1#1759813718317-8whsjgcji,Contenido extraído usando selectores CSS personalizados...,,peru21.pe,2025-10-07T05:08:38.318Z,,Sin categoría,
cmgg3nfho00fj13ghdk2x39zo,Artículo de larepublica.pe,https://larepublica.pe//articulo-1#1759813718316-k51mir0ij,Contenido extraído usando selectores CSS personalizados...,,larepublica.pe,2025-10-07T05:08:38.317Z,,Sin categoría,
cmgg3nfhn00ff13ght9aeafyw,Artículo de elcomercio.pe,https://elcomercio.pe//articulo-1#1759813718315-vzi6rubh8,Contenido extraído usando selectores CSS personalizados...,,elcomercio.pe,2025-10-07T05:08:38.316Z,,Sin categoría,
cmgg3nfhm00fb13ghwqt6peae,Artículo de www.youtube.com,https://www.youtube.com/channel/UCkZCoc42IipR1ucqJmIehsA/articulo-1#1759813718314-xj5s5pggs,Contenido extraído usando selectores CSS personalizados...,,www.youtube.com,2025-10-07T05:08:38.315Z,,Sin categoría,
cmgg3nfhl00f713ghz4vqinxy,Artículo de radios.com.pe,https://radios.com.pe/exitosa-lima//articulo-1#1759813718313-vkbofvvtn,Contenido extraído usando selectores CSS personalizados...,,radios.com.pe,2025-10-07T05:08:38.314Z,,Sin categoría,
cmgg3nfhk00f313ghq9lyjs71,Artículo de streema.com,https://streema.com/radios/Radio_Noticias_Peru/articulo-1#1759813718312-3g6dgtalg,Contenido extraído usando selectores CSS personalizados...,,streema.com,2025-10-07T05:08:38.313Z,,Sin categoría,
cmgg3nfhj00ez13gh75tducyu,Artículo de radiouno.pe,https://radiouno.pe//articulo-1#1759813718311-t4lyw1mwu,Contenido extraído usando selectores CSS personalizados...,,radiouno.pe,2025-10-07T05:08:38.311Z,,Sin categoría,
cmgg3nfhi00ev13gh17rm12it,Artículo de canaln.pe,https://canaln.pe//articulo-1#1759813718310-2mez2xe5i,Contenido extraído usando selectores CSS personalizados...,,canaln.pe,2025-10-07T05:08:38.310Z,,Sin categoría,
cmgg3nfhh00er13ghb6hlb3rb,Artículo de www.exitosanoticias.pe,https://www.exitosanoticias.pe//articulo-1#1759813718308-bz7c24sds,Contenido extraído usando selectores CSS personalizados...,,www.exitosanoticias.pe,2025-10-07T05:08:38.309Z,,Sin categoría,
cmgg3nfhf00en13ghzsfgtugj,"Miguel Ángel Russo, entrenador de Boca Juniors, en grave estado de salud",https://rpp.pe/deportes/futbol/miguel-angel-russo-entrenador-de-boca-juniors-en-grave-estado-de-salud-noticia-123460#1759813718307-43g23ttz3,"El entrenador de Boca Juniors, Miguel Ángel Russo, se encuentra en grave estado de salud y fue internado en un centro médico. El club emitió un comunicado informando sobre su situación.",,RPP Noticias,2025-10-07T05:08:38.308Z,cmgg1fs0f0007112gev7odmxo,Salud,#10B981
cmgg3nfhe00ej13ghq3zp59b3,Corpac reconoce que hubo 'breve interrupción' en el funcionamiento del sistema de control radar,https://rpp.pe/lima/actualidad/corpac-reconoce-que-hubo-breve-interrupcion-en-el-funcionamiento-del-sistema-de-control-radar-noticia-123458#1759813718306-hexnd339u,La Corporación Peruana de Aeropuertos y Aviación Comercial (Corpac) reconoció que hubo una breve interrupción en el funcionamiento del sistema de control radar en el aeropuerto Jorge Chávez.,,RPP Noticias,2025-10-07T05:08:38.307Z,,Sin categoría,
cmgg3nfhf00el13gh3xu56e8j,Crisis sanitaria en Brasil: lo que se sabe de la intoxicación masiva por metanol,https://rpp.pe/mundo/latinoamerica/crisis-sanitaria-en-brasil-lo-que-se-sabe-de-la-intoxicacion-masiva-por-metanol-noticia-123459#1759813718307-i19ut8k80,Las autoridades brasileñas investigan una intoxicación masiva por metanol que ha causado muertes y la caída del consumo de alcohol en el país. Se han reportado varios casos en diferentes estados.,,RPP Noticias,2025-10-07T05:08:38.307Z,cmgg1fs0c0003112g7epw4vrz,Deportes,#F59E0B
cmgg3nfhe00eh13ghzn6qqcwi,Con caras nuevas: Selección Peruana empezó sus entrenamientos pensando en duelo ante Chile,https://rpp.pe/deportes/futbol/con-caras-nuevas-seleccion-peruana-empezo-sus-entrenamientos-pensando-en-duelo-ante-chile-noticia-123457#1759813718305-8emh8dlsl,"Con la presencia de 20 futbolistas, la Selección Peruana empezó sus entrenamientos en La Videna FPF con miras al partido amistoso ante Chile. Felipe Chávez de Bayern Munich dijo presente.",,RPP Noticias,2025-10-07T05:08:38.306Z,cmgg1fs0c0003112g7epw4vrz,Deportes,#F59E0B
cmgg3nfhd00ef13ghp9dla9c5,Dirigentes transportistas acuerdan no continuar con el paro tras reunión con ministros,https://rpp.pe/politica/actualidad/dirigentes-transportistas-acuerdan-no-continuar-con-el-paro-tras-reunion-con-ministros-noticia-123456#1759813718305-ixq5nshl7,"Los representantes del sector sostuvieron una reunión con el jefe del Gabinete Ministerial, Eduardo Arana, y otros ministros en la que acordaron, entre otros puntos, la instalación de una mesa de trabajo.",,RPP Noticias,2025-10-07T05:08:38.305Z,cmgg1fs0b0001112g2lb2odtv,Política,#DC2626
cmgg3nfha00eb13ghmhfdnmj1,Medio ambiente: Proyecto de conservación en la Amazonía peruana,https://www.radionacional.gob.pe/medio-ambiente/proyecto-de-conservacion-en-la-amazonia-peruana#1759813718302-vap1ckuwz,Se lanza un nuevo proyecto de conservación en la Amazonía peruana que busca proteger la biodiversidad y promover el desarrollo sostenible en las comunidades locales.,,Radio Nacional del Perú,2025-10-07T05:08:38.303Z,cmgg1fs0g000a112g93a1z2i9,Medio Ambiente,#22C55E
cmgg3nfh900e713ghfutk2n3b,Ministerio de Salud reporta avances en campaña de vacunación,https://www.radionacional.gob.pe/salud/ministerio-de-salud-reporta-avances-en-campana-de-vacunacion#1759813718301-f5hbogrgv,"El Ministerio de Salud informó sobre los avances en la campaña de vacunación contra diversas enfermedades, alcanzando importantes coberturas en las regiones más vulnerables del país.",,Radio Nacional del Perú,2025-10-07T05:08:38.302Z,cmgg1fs0f0007112gev7odmxo,Salud,#10B981
cmgg3nfha00e913ghkr8fy34b,Educación: Nuevas tecnologías llegan a escuelas rurales,https://www.radionacional.gob.pe/educacion/nuevas-tecnologias-llegan-a-escuelas-rurales#1759813718302-l9auycnba,"El Ministerio de Educación implementa programas de tecnología educativa en escuelas rurales, llevando internet y equipos informáticos a comunidades alejadas para mejorar la calidad educativa.",,Radio Nacional del Perú,2025-10-07T05:08:38.302Z,cmgg1fs0f0008112gsse5oyp2,Sociedad,#F97316
cmgg3nfh800e513ghiid9w354,Cultura peruana celebra el Día Internacional de la Lengua Materna,https://www.radionacional.gob.pe/cultura/cultura-peruana-celebra-el-dia-internacional-de-la-lengua-materna#1759813718300-j4uk4rf3y,"Diversas actividades culturales se realizan en todo el país para conmemorar el Día Internacional de la Lengua Materna, destacando la importancia de preservar las lenguas originarias del Perú.",,Radio Nacional del Perú,2025-10-07T05:08:38.300Z,cmgg1fs0b0000112g1dwxzwzw,Actualidad,#3B82F6
cmgg3nfh700e313gharqf5xj5,Gobierno anuncia nuevas medidas económicas para reactivar el país,https://www.radionacional.gob.pe/economia/gobierno-anuncia-nuevas-medidas-economicas-para-reactivar-el-pais#1759813718298-a6ljbw9nu,"El Ministerio de Economía y Finanzas presentó un paquete de medidas destinadas a impulsar la reactivación económica del país, incluyendo incentivos fiscales y programas de apoyo a las pequeñas empresas.",,Radio Nacional del Perú,2025-10-07T05:08:38.299Z,cmgg1fs0c0002112gtz9dd9xz,Economía,#059669
cmgg3lr7p00dz13gh584a1h38,Artículo de gestion.pe,https://gestion.pe//articulo-1#1759813640196-ph0lraxf5,Contenido extraído usando selectores CSS personalizados...,,gestion.pe,2025-10-07T05:07:20.197Z,,Sin categoría,
cmgg3lr7o00dv13ghgebaheo6,Artículo de www.infobae.com,https://www.infobae.com/peru//articulo-1#1759813640195-06hgsii1d,Contenido extraído usando selectores CSS personalizados...,,www.infobae.com,2025-10-07T05:07:20.196Z,,Sin categoría,
cmgg3lr7m00dr13ghwrjhhphc,Artículo de diariocorreo.pe,https://diariocorreo.pe//articulo-1#1759813640194-2g6gl4h6l,Contenido extraído usando selectores CSS personalizados...,,diariocorreo.pe,2025-10-07T05:07:20.195Z,,Sin categoría,
cmgg3lr7l00dn13ghomer1enn,Artículo de peru21.pe,https://peru21.pe//articulo-1#1759813640193-mh6porlu1,Contenido extraído usando selectores CSS personalizados...,,peru21.pe,2025-10-07T05:07:20.194Z,,Sin categoría,
cmgg3lr7k00dj13ghwqlvoq0j,Artículo de larepublica.pe,https://larepublica.pe//articulo-1#1759813640192-yy4z9v22h,Contenido extraído usando selectores CSS personalizados...,,larepublica.pe,2025-10-07T05:07:20.193Z,,Sin categoría,
cmgg3lr7j00df13gh38fa5qz5,Artículo de elcomercio.pe,https://elcomercio.pe//articulo-1#1759813640191-0tsxgps9f,Contenido extraído usando selectores CSS personalizados...,,elcomercio.pe,2025-10-07T05:07:20.191Z,,Sin categoría,
cmgg3lr7i00db13ght0p1tqpi,Artículo de www.youtube.com,https://www.youtube.com/channel/UCkZCoc42IipR1ucqJmIehsA/articulo-1#1759813640190-x2ofj1f0f,Contenido extraído usando selectores CSS personalizados...,,www.youtube.com,2025-10-07T05:07:20.190Z,,Sin categoría,
cmgg3lr7g00d713ghmsyservf,Artículo de radios.com.pe,https://radios.com.pe/exitosa-lima//articulo-1#1759813640188-khbql8pkx,Contenido extraído usando selectores CSS personalizados...,,radios.com.pe,2025-10-07T05:07:20.189Z,,Sin categoría,
cmgg3lr7f00d313ghoi1mfbtu,Artículo de streema.com,https://streema.com/radios/Radio_Noticias_Peru/articulo-1#1759813640187-3y7rnuzt3,Contenido extraído usando selectores CSS personalizados...,,streema.com,2025-10-07T05:07:20.187Z,,Sin categoría,
cmgg3lr7e00cz13ghx7ra302o,Artículo de radiouno.pe,https://radiouno.pe//articulo-1#1759813640185-kwjxd4181,Contenido extraído usando selectores CSS personalizados...,,radiouno.pe,2025-10-07T05:07:20.186Z,,Sin categoría,
cmgg3lr7c00cv13ghp3b6e119,Artículo de canaln.pe,https://canaln.pe//articulo-1#1759813640184-djo6zbjzw,Contenido extraído usando selectores CSS personalizados...,,canaln.pe,2025-10-07T05:07:20.185Z,,Sin categoría,
cmgg3lr7b00cr13ghq8y7tk57,Artículo de www.exitosanoticias.pe,https://www.exitosanoticias.pe//articulo-1#1759813640183-cm57csh01,Contenido extraído usando selectores CSS personalizados...,,www.exitosanoticias.pe,2025-10-07T05:07:20.183Z,,Sin categoría,
cmgg3lr7800cl13gh24g98xfd,Crisis sanitaria en Brasil: lo que se sabe de la intoxicación masiva por metanol,https://rpp.pe/mundo/latinoamerica/crisis-sanitaria-en-brasil-lo-que-se-sabe-de-la-intoxicacion-masiva-por-metanol-noticia-123459#1759813640180-cb6wes5rn,Las autoridades brasileñas investigan una intoxicación masiva por metanol que ha causado muertes y la caída del consumo de alcohol en el país. Se han reportado varios casos en diferentes estados.,,RPP Noticias,2025-10-07T05:07:20.181Z,cmgg1fs0c0003112g7epw4vrz,Deportes,#F59E0B
cmgg3lr7900cn13ghq6z728uk,"Miguel Ángel Russo, entrenador de Boca Juniors, en grave estado de salud",https://rpp.pe/deportes/futbol/miguel-angel-russo-entrenador-de-boca-juniors-en-grave-estado-de-salud-noticia-123460#1759813640181-l667ifbkz,"El entrenador de Boca Juniors, Miguel Ángel Russo, se encuentra en grave estado de salud y fue internado en un centro médico. El club emitió un comunicado informando sobre su situación.",,RPP Noticias,2025-10-07T05:07:20.181Z,cmgg1fs0f0007112gev7odmxo,Salud,#10B981
cmgg3lr7700cj13ghp1ftyu1f,Corpac reconoce que hubo 'breve interrupción' en el funcionamiento del sistema de control radar,https://rpp.pe/lima/actualidad/corpac-reconoce-que-hubo-breve-interrupcion-en-el-funcionamiento-del-sistema-de-control-radar-noticia-123458#1759813640179-uy0ykrwjk,La Corporación Peruana de Aeropuertos y Aviación Comercial (Corpac) reconoció que hubo una breve interrupción en el funcionamiento del sistema de control radar en el aeropuerto Jorge Chávez.,,RPP Noticias,2025-10-07T05:07:20.180Z,,Sin categoría,
cmgg3lr7600ch13gherpch913,Con caras nuevas: Selección Peruana empezó sus entrenamientos pensando en duelo ante Chile,https://rpp.pe/deportes/futbol/con-caras-nuevas-seleccion-peruana-empezo-sus-entrenamientos-pensando-en-duelo-ante-chile-noticia-123457#1759813640178-emcebrm95,"Con la presencia de 20 futbolistas, la Selección Peruana empezó sus entrenamientos en La Videna FPF con miras al partido amistoso ante Chile. Felipe Chávez de Bayern Munich dijo presente.",,RPP Noticias,2025-10-07T05:07:20.179Z,cmgg1fs0c0003112g7epw4vrz,Deportes,#F59E0B
cmgg3lr7500cf13gh1hh9l0zr,Dirigentes transportistas acuerdan no continuar con el paro tras reunión con ministros,https://rpp.pe/politica/actualidad/dirigentes-transportistas-acuerdan-no-continuar-con-el-paro-tras-reunion-con-ministros-noticia-123456#1759813640177-ehmxk0k6b,"Los representantes del sector sostuvieron una reunión con el jefe del Gabinete Ministerial, Eduardo Arana, y otros ministros en la que acordaron, entre otros puntos, la instalación de una mesa de trabajo.",,RPP Noticias,2025-10-07T05:07:20.178Z,cmgg1fs0b0001112g2lb2odtv,Política,#DC2626
cmgg3lr7100cb13ghu2bqlbxl,Medio ambiente: Proyecto de conservación en la Amazonía peruana,https://www.radionacional.gob.pe/medio-ambiente/proyecto-de-conservacion-en-la-amazonia-peruana#1759813640173-rrosjc1l0,Se lanza un nuevo proyecto de conservación en la Amazonía peruana que busca proteger la biodiversidad y promover el desarrollo sostenible en las comunidades locales.,,Radio Nacional del Perú,2025-10-07T05:07:20.174Z,cmgg1fs0g000a112g93a1z2i9,Medio Ambiente,#22C55E
cmgg3lr7000c913ghq0kjklpj,Educación: Nuevas tecnologías llegan a escuelas rurales,https://www.radionacional.gob.pe/educacion/nuevas-tecnologias-llegan-a-escuelas-rurales#1759813640172-xrfzrhm8u,"El Ministerio de Educación implementa programas de tecnología educativa en escuelas rurales, llevando internet y equipos informáticos a comunidades alejadas para mejorar la calidad educativa.",,Radio Nacional del Perú,2025-10-07T05:07:20.172Z,cmgg1fs0f0008112gsse5oyp2,Sociedad,#F97316
cmgg3lr6z00c713ghnondz2q1,Ministerio de Salud reporta avances en campaña de vacunación,https://www.radionacional.gob.pe/salud/ministerio-de-salud-reporta-avances-en-campana-de-vacunacion#1759813640171-e79npvhkv,"El Ministerio de Salud informó sobre los avances en la campaña de vacunación contra diversas enfermedades, alcanzando importantes coberturas en las regiones más vulnerables del país.",,Radio Nacional del Perú,2025-10-07T05:07:20.171Z,cmgg1fs0f0007112gev7odmxo,Salud,#10B981
cmgg3lr6x00c513gha4b4aflf,Cultura peruana celebra el Día Internacional de la Lengua Materna,https://www.radionacional.gob.pe/cultura/cultura-peruana-celebra-el-dia-internacional-de-la-lengua-materna#1759813640169-0yaamnfae,"Diversas actividades culturales se realizan en todo el país para conmemorar el Día Internacional de la Lengua Materna, destacando la importancia de preservar las lenguas originarias del Perú.",,Radio Nacional del Perú,2025-10-07T05:07:20.170Z,cmgg1fs0b0000112g1dwxzwzw,Actualidad,#3B82F6
cmgg3lr6u00c313gh0txrimp4,Gobierno anuncia nuevas medidas económicas para reactivar el país,https://www.radionacional.gob.pe/economia/gobierno-anuncia-nuevas-medidas-economicas-para-reactivar-el-pais#1759813640166-j7htyg31f,"El Ministerio de Economía y Finanzas presentó un paquete de medidas destinadas a impulsar la reactivación económica del país, incluyendo incentivos fiscales y programas de apoyo a las pequeñas empresas.",,Radio Nacional del Perú,2025-10-07T05:07:20.167Z,cmgg1fs0c0002112gtz9dd9xz,Economía,#059669
cmgg3lp8n00bz13gh8druc0hx,Artículo de gestion.pe,https://gestion.pe//articulo-1#1759813637639-07w31yx4d,Contenido extraído usando selectores CSS personalizados...,,gestion.pe,2025-10-07T05:07:17.639Z,,Sin categoría,
cmgg3lp8m00bv13ghkbu4tctc,Artículo de www.infobae.com,https://www.infobae.com/peru//articulo-1#1759813637637-fdzkuk9v0,Contenido extraído usando selectores CSS personalizados...,,www.infobae.com,2025-10-07T05:07:17.638Z,,Sin categoría,
cmgg3lp8k00br13gho57btjr0,Artículo de diariocorreo.pe,https://diariocorreo.pe//articulo-1#1759813637636-yj34le0vm,Contenido extraído usando selectores CSS personalizados...,,diariocorreo.pe,2025-10-07T05:07:17.637Z,,Sin categoría,
cmgg3lp8j00bn13gh6bqew32n,Artículo de peru21.pe,https://peru21.pe//articulo-1#1759813637635-t5qkfvtnf,Contenido extraído usando selectores CSS personalizados...,,peru21.pe,2025-10-07T05:07:17.636Z,,Sin categoría,
cmgg3lp8i00bj13ghd8j744a5,Artículo de larepublica.pe,https://larepublica.pe//articulo-1#1759813637634-jl49al9hk,Contenido extraído usando selectores CSS personalizados...,,larepublica.pe,2025-10-07T05:07:17.635Z,,Sin categoría,
cmgg3lp8h00bf13gh1w1ouwmf,Artículo de elcomercio.pe,https://elcomercio.pe//articulo-1#1759813637633-a4yfozt1b,Contenido extraído usando selectores CSS personalizados...,,elcomercio.pe,2025-10-07T05:07:17.634Z,,Sin categoría,
cmgg3lp8g00bb13ghk2c1i4sv,Artículo de www.youtube.com,https://www.youtube.com/channel/UCkZCoc42IipR1ucqJmIehsA/articulo-1#1759813637632-r479zpok9,Contenido extraído usando selectores CSS personalizados...,,www.youtube.com,2025-10-07T05:07:17.632Z,,Sin categoría,
cmgg3lp8f00b713gh8uwycn3d,Artículo de radios.com.pe,https://radios.com.pe/exitosa-lima//articulo-1#1759813637631-o0avlsogw,Contenido extraído usando selectores CSS personalizados...,,radios.com.pe,2025-10-07T05:07:17.631Z,,Sin categoría,
cmgg3lp8e00b313gh7d5gzr0v,Artículo de streema.com,https://streema.com/radios/Radio_Noticias_Peru/articulo-1#1759813637629-c2ymfk3p9,Contenido extraído usando selectores CSS personalizados...,,streema.com,2025-10-07T05:07:17.630Z,,Sin categoría,
cmgg3lp8c00az13gh2rdbr53z,Artículo de radiouno.pe,https://radiouno.pe//articulo-1#1759813637628-ulxkkk9tx,Contenido extraído usando selectores CSS personalizados...,,radiouno.pe,2025-10-07T05:07:17.629Z,,Sin categoría,
cmgg3lp8b00av13ghwq7wwayw,Artículo de canaln.pe,https://canaln.pe//articulo-1#1759813637627-mssouc0e7,Contenido extraído usando selectores CSS personalizados...,,canaln.pe,2025-10-07T05:07:17.627Z,,Sin categoría,
cmgg3lp8900ar13ghqwbasg9b,Artículo de www.exitosanoticias.pe,https://www.exitosanoticias.pe//articulo-1#1759813637625-9b5uiosu2,Contenido extraído usando selectores CSS personalizados...,,www.exitosanoticias.pe,2025-10-07T05:07:17.626Z,,Sin categoría,
cmgg3lp8700al13ghbeuy0feu,Crisis sanitaria en Brasil: lo que se sabe de la intoxicación masiva por metanol,https://rpp.pe/mundo/latinoamerica/crisis-sanitaria-en-brasil-lo-que-se-sabe-de-la-intoxicacion-masiva-por-metanol-noticia-123459#1759813637623-x6rtzzbzt,Las autoridades brasileñas investigan una intoxicación masiva por metanol que ha causado muertes y la caída del consumo de alcohol en el país. Se han reportado varios casos en diferentes estados.,,RPP Noticias,2025-10-07T05:07:17.624Z,cmgg1fs0c0003112g7epw4vrz,Deportes,#F59E0B
cmgg3lp8800an13ghckx3addc,"Miguel Ángel Russo, entrenador de Boca Juniors, en grave estado de salud",https://rpp.pe/deportes/futbol/miguel-angel-russo-entrenador-de-boca-juniors-en-grave-estado-de-salud-noticia-123460#1759813637624-odlwkdym0,"El entrenador de Boca Juniors, Miguel Ángel Russo, se encuentra en grave estado de salud y fue internado en un centro médico. El club emitió un comunicado informando sobre su situación.",,RPP Noticias,2025-10-07T05:07:17.624Z,cmgg1fs0f0007112gev7odmxo,Salud,#10B981
cmgg3lp8700aj13ghu929wlwa,Corpac reconoce que hubo 'breve interrupción' en el funcionamiento del sistema de control radar,https://rpp.pe/lima/actualidad/corpac-reconoce-que-hubo-breve-interrupcion-en-el-funcionamiento-del-sistema-de-control-radar-noticia-123458#1759813637622-yl933lkmv,La Corporación Peruana de Aeropuertos y Aviación Comercial (Corpac) reconoció que hubo una breve interrupción en el funcionamiento del sistema de control radar en el aeropuerto Jorge Chávez.,,RPP Noticias,2025-10-07T05:07:17.623Z,,Sin categoría,
cmgg3lp8600ah13gh3dxskoca,Con caras nuevas: Selección Peruana empezó sus entrenamientos pensando en duelo ante Chile,https://rpp.pe/deportes/futbol/con-caras-nuevas-seleccion-peruana-empezo-sus-entrenamientos-pensando-en-duelo-ante-chile-noticia-123457#1759813637622-sykqyorvj,"Con la presencia de 20 futbolistas, la Selección Peruana empezó sus entrenamientos en La Videna FPF con miras al partido amistoso ante Chile. Felipe Chávez de Bayern Munich dijo presente.",,RPP Noticias,2025-10-07T05:07:17.622Z,cmgg1fs0c0003112g7epw4vrz,Deportes,#F59E0B
cmgg3lp8500af13ghwrfso1fp,Dirigentes transportistas acuerdan no continuar con el paro tras reunión con ministros,https://rpp.pe/politica/actualidad/dirigentes-transportistas-acuerdan-no-continuar-con-el-paro-tras-reunion-con-ministros-noticia-123456#1759813637621-d4iutqcra,"Los representantes del sector sostuvieron una reunión con el jefe del Gabinete Ministerial, Eduardo Arana, y otros ministros en la que acordaron, entre otros puntos, la instalación de una mesa de trabajo.",,RPP Noticias,2025-10-07T05:07:17.621Z,cmgg1fs0b0001112g2lb2odtv,Política,#DC2626
cmgg3lp8100ab13ghtu7tcrn2,Medio ambiente: Proyecto de conservación en la Amazonía peruana,https://www.radionacional.gob.pe/medio-ambiente/proyecto-de-conservacion-en-la-amazonia-peruana#1759813637617-kcpgumzu5,Se lanza un nuevo proyecto de conservación en la Amazonía peruana que busca proteger la biodiversidad y promover el desarrollo sostenible en las comunidades locales.,,Radio Nacional del Perú,2025-10-07T05:07:17.617Z,cmgg1fs0g000a112g93a1z2i9,Medio Ambiente,#22C55E
cmgg3lp8000a913ghtmosf9m8,Educación: Nuevas tecnologías llegan a escuelas rurales,https://www.radionacional.gob.pe/educacion/nuevas-tecnologias-llegan-a-escuelas-rurales#1759813637616-bmal5fsd2,"El Ministerio de Educación implementa programas de tecnología educativa en escuelas rurales, llevando internet y equipos informáticos a comunidades alejadas para mejorar la calidad educativa.",,Radio Nacional del Perú,2025-10-07T05:07:17.616Z,cmgg1fs0f0008112gsse5oyp2,Sociedad,#F97316
cmgg3lp7z00a713ghcsbx4vo0,Ministerio de Salud reporta avances en campaña de vacunación,https://www.radionacional.gob.pe/salud/ministerio-de-salud-reporta-avances-en-campana-de-vacunacion#1759813637615-6djc2bht2,"El Ministerio de Salud informó sobre los avances en la campaña de vacunación contra diversas enfermedades, alcanzando importantes coberturas en las regiones más vulnerables del país.",,Radio Nacional del Perú,2025-10-07T05:07:17.615Z,cmgg1fs0f0007112gev7odmxo,Salud,#10B981
cmgg3lp7y00a513ghv7lv6p20,Cultura peruana celebra el Día Internacional de la Lengua Materna,https://www.radionacional.gob.pe/cultura/cultura-peruana-celebra-el-dia-internacional-de-la-lengua-materna#1759813637613-ki38zm83m,"Diversas actividades culturales se realizan en todo el país para conmemorar el Día Internacional de la Lengua Materna, destacando la importancia de preservar las lenguas originarias del Perú.",,Radio Nacional del Perú,2025-10-07T05:07:17.614Z,cmgg1fs0b0000112g1dwxzwzw,Actualidad,#3B82F6
cmgg3lp7v00a313ghkt89zg83,Gobierno anuncia nuevas medidas económicas para reactivar el país,https://www.radionacional.gob.pe/economia/gobierno-anuncia-nuevas-medidas-economicas-para-reactivar-el-pais#1759813637611-1kckq8qs9,"El Ministerio de Economía y Finanzas presentó un paquete de medidas destinadas a impulsar la reactivación económica del país, incluyendo incentivos fiscales y programas de apoyo a las pequeñas empresas.",,Radio Nacional del Perú,2025-10-07T05:07:17.612Z,cmgg1fs0c0002112gtz9dd9xz,Economía,#059669
cmgg3lkwt009z13gh9mqbl01h,Artículo de gestion.pe,https://gestion.pe//articulo-1#1759813632029-3g7z9agk0,Contenido extraído usando selectores CSS personalizados...,,gestion.pe,2025-10-07T05:07:12.030Z,,Sin categoría,
cmgg3lkws009v13ghvqrtsns5,Artículo de www.infobae.com,https://www.infobae.com/peru//articulo-1#1759813632028-v4rakfp4o,Contenido extraído usando selectores CSS personalizados...,,www.infobae.com,2025-10-07T05:07:12.029Z,,Sin categoría,
cmgg3lkwr009r13gh4cgcy869,Artículo de diariocorreo.pe,https://diariocorreo.pe//articulo-1#1759813632027-n26qyz5fs,Contenido extraído usando selectores CSS personalizados...,,diariocorreo.pe,2025-10-07T05:07:12.028Z,,Sin categoría,
cmgg3lkwq009n13gh1yo0f25f,Artículo de peru21.pe,https://peru21.pe//articulo-1#1759813632026-vmc5z6s39,Contenido extraído usando selectores CSS personalizados...,,peru21.pe,2025-10-07T05:07:12.026Z,,Sin categoría,
cmgg3lkwp009j13ghn47vn3kx,Artículo de larepublica.pe,https://larepublica.pe//articulo-1#1759813632025-2rpkkdgyh,Contenido extraído usando selectores CSS personalizados...,,larepublica.pe,2025-10-07T05:07:12.025Z,,Sin categoría,
cmgg3lkwo009f13ghxarabvbc,Artículo de elcomercio.pe,https://elcomercio.pe//articulo-1#1759813632024-v61ogwhxq,Contenido extraído usando selectores CSS personalizados...,,elcomercio.pe,2025-10-07T05:07:12.024Z,,Sin categoría,
cmgg3lkwn009b13ghmz6jsy6n,Artículo de www.youtube.com,https://www.youtube.com/channel/UCkZCoc42IipR1ucqJmIehsA/articulo-1#1759813632022-utcxspeos,Contenido extraído usando selectores CSS personalizados...,,www.youtube.com,2025-10-07T05:07:12.023Z,,Sin categoría,
cmgg3lkwl009713ghszin7d6b,Artículo de radios.com.pe,https://radios.com.pe/exitosa-lima//articulo-1#1759813632021-p7x3797qo,Contenido extraído usando selectores CSS personalizados...,,radios.com.pe,2025-10-07T05:07:12.022Z,,Sin categoría,
cmgg3lkwk009313ghbor6vwy7,Artículo de streema.com,https://streema.com/radios/Radio_Noticias_Peru/articulo-1#1759813632020-hauxxp9t9,Contenido extraído usando selectores CSS personalizados...,,streema.com,2025-10-07T05:07:12.020Z,,Sin categoría,
cmgg3lkwj008z13ghry9c368w,Artículo de radiouno.pe,https://radiouno.pe//articulo-1#1759813632018-kkmpshluh,Contenido extraído usando selectores CSS personalizados...,,radiouno.pe,2025-10-07T05:07:12.019Z,,Sin categoría,
cmgg3lkwh008v13ghdqquyy21,Artículo de canaln.pe,https://canaln.pe//articulo-1#1759813632017-iqdbk5elt,Contenido extraído usando selectores CSS personalizados...,,canaln.pe,2025-10-07T05:07:12.017Z,,Sin categoría,
cmgg3lkwg008r13gh0d3tn4vh,Artículo de www.exitosanoticias.pe,https://www.exitosanoticias.pe//articulo-1#1759813632015-w3xdh4x3h,Contenido extraído usando selectores CSS personalizados...,,www.exitosanoticias.pe,2025-10-07T05:07:12.016Z,,Sin categoría,
cmgg3lkwe008n13ghubcp29iz,"Miguel Ángel Russo, entrenador de Boca Juniors, en grave estado de salud",https://rpp.pe/deportes/futbol/miguel-angel-russo-entrenador-de-boca-juniors-en-grave-estado-de-salud-noticia-123460#1759813632014-fuft8xjyc,"El entrenador de Boca Juniors, Miguel Ángel Russo, se encuentra en grave estado de salud y fue internado en un centro médico. El club emitió un comunicado informando sobre su situación.",,RPP Noticias,2025-10-07T05:07:12.014Z,cmgg1fs0f0007112gev7odmxo,Salud,#10B981
cmgg3lkwc008j13ghq8animf9,Corpac reconoce que hubo 'breve interrupción' en el funcionamiento del sistema de control radar,https://rpp.pe/lima/actualidad/corpac-reconoce-que-hubo-breve-interrupcion-en-el-funcionamiento-del-sistema-de-control-radar-noticia-123458#1759813632012-vpxjo2ffn,La Corporación Peruana de Aeropuertos y Aviación Comercial (Corpac) reconoció que hubo una breve interrupción en el funcionamiento del sistema de control radar en el aeropuerto Jorge Chávez.,,RPP Noticias,2025-10-07T05:07:12.013Z,,Sin categoría,
cmgg3lkwd008l13ghemvxaxrg,Crisis sanitaria en Brasil: lo que se sabe de la intoxicación masiva por metanol,https://rpp.pe/mundo/latinoamerica/crisis-sanitaria-en-brasil-lo-que-se-sabe-de-la-intoxicacion-masiva-por-metanol-noticia-123459#1759813632013-jmcyek9lf,Las autoridades brasileñas investigan una intoxicación masiva por metanol que ha causado muertes y la caída del consumo de alcohol en el país. Se han reportado varios casos en diferentes estados.,,RPP Noticias,2025-10-07T05:07:12.013Z,cmgg1fs0c0003112g7epw4vrz,Deportes,#F59E0B
cmgg3lkwb008h13ghicfrj2w5,Con caras nuevas: Selección Peruana empezó sus entrenamientos pensando en duelo ante Chile,https://rpp.pe/deportes/futbol/con-caras-nuevas-seleccion-peruana-empezo-sus-entrenamientos-pensando-en-duelo-ante-chile-noticia-123457#1759813632011-3bt9x3lv0,"Con la presencia de 20 futbolistas, la Selección Peruana empezó sus entrenamientos en La Videna FPF con miras al partido amistoso ante Chile. Felipe Chávez de Bayern Munich dijo presente.",,RPP Noticias,2025-10-07T05:07:12.012Z,cmgg1fs0c0003112g7epw4vrz,Deportes,#F59E0B
cmgg3lkwa008f13ghwvxn759e,Dirigentes transportistas acuerdan no continuar con el paro tras reunión con ministros,https://rpp.pe/politica/actualidad/dirigentes-transportistas-acuerdan-no-continuar-con-el-paro-tras-reunion-con-ministros-noticia-123456#1759813632010-ns49hd8i8,"Los representantes del sector sostuvieron una reunión con el jefe del Gabinete Ministerial, Eduardo Arana, y otros ministros en la que acordaron, entre otros puntos, la instalación de una mesa de trabajo.",,RPP Noticias,2025-10-07T05:07:12.011Z,cmgg1fs0b0001112g2lb2odtv,Política,#DC2626
cmgg3lkw6008b13ghftfj5qwr,Medio ambiente: Proyecto de conservación en la Amazonía peruana,https://www.radionacional.gob.pe/medio-ambiente/proyecto-de-conservacion-en-la-amazonia-peruana#1759813632006-bkpm8t9h2,Se lanza un nuevo proyecto de conservación en la Amazonía peruana que busca proteger la biodiversidad y promover el desarrollo sostenible en las comunidades locales.,,Radio Nacional del Perú,2025-10-07T05:07:12.006Z,cmgg1fs0g000a112g93a1z2i9,Medio Ambiente,#22C55E
cmgg3lkw5008913ghd5tp6sy4,Educación: Nuevas tecnologías llegan a escuelas rurales,https://www.radionacional.gob.pe/educacion/nuevas-tecnologias-llegan-a-escuelas-rurales#1759813632005-mshv4syj6,"El Ministerio de Educación implementa programas de tecnología educativa en escuelas rurales, llevando internet y equipos informáticos a comunidades alejadas para mejorar la calidad educativa.",,Radio Nacional del Perú,2025-10-07T05:07:12.005Z,cmgg1fs0f0008112gsse5oyp2,Sociedad,#F97316
cmgg3lkw4008713ghafgy33i2,Ministerio de Salud reporta avances en campaña de vacunación,https://www.radionacional.gob.pe/salud/ministerio-de-salud-reporta-avances-en-campana-de-vacunacion#1759813632003-bbqplxhqg,"El Ministerio de Salud informó sobre los avances en la campaña de vacunación contra diversas enfermedades, alcanzando importantes coberturas en las regiones más vulnerables del país.",,Radio Nacional del Perú,2025-10-07T05:07:12.004Z,cmgg1fs0f0007112gev7odmxo,Salud,#10B981
cmgg3lkw2008513ghv7zxrm7p,Cultura peruana celebra el Día Internacional de la Lengua Materna,https://www.radionacional.gob.pe/cultura/cultura-peruana-celebra-el-dia-internacional-de-la-lengua-materna#1759813632002-0xjgkji5n,"Diversas actividades culturales se realizan en todo el país para conmemorar el Día Internacional de la Lengua Materna, destacando la importancia de preservar las lenguas originarias del Perú.",,Radio Nacional del Perú,2025-10-07T05:07:12.003Z,cmgg1fs0b0000112g1dwxzwzw,Actualidad,#3B82F6
cmgg3lkw0008313gh9t6l553b,Gobierno anuncia nuevas medidas económicas para reactivar el país,https://www.radionacional.gob.pe/economia/gobierno-anuncia-nuevas-medidas-economicas-para-reactivar-el-pais#1759813631999-ca9aqz7lm,"El Ministerio de Economía y Finanzas presentó un paquete de medidas destinadas a impulsar la reactivación económica del país, incluyendo incentivos fiscales y programas de apoyo a las pequeñas empresas.",,Radio Nacional del Perú,2025-10-07T05:07:12.000Z,cmgg1fs0c0002112gtz9dd9xz,Economía,#059669
cmgg3ljc4007z13gh5q7c01d2,Artículo de gestion.pe,https://gestion.pe//articulo-1#1759813629988-weir4fz8s,Contenido extraído usando selectores CSS personalizados...,,gestion.pe,2025-10-07T05:07:09.988Z,,Sin categoría,
cmgg3ljc3007v13ghd6ixiw9x,Artículo de www.infobae.com,https://www.infobae.com/peru//articulo-1#1759813629987-r6m5llqmn,Contenido extraído usando selectores CSS personalizados...,,www.infobae.com,2025-10-07T05:07:09.987Z,,Sin categoría,
cmgg3ljc2007r13ghw6qw4y3v,Artículo de diariocorreo.pe,https://diariocorreo.pe//articulo-1#1759813629986-sdr4vz6kt,Contenido extraído usando selectores CSS personalizados...,,diariocorreo.pe,2025-10-07T05:07:09.986Z,,Sin categoría,
cmgg3ljc1007n13ghdmh2azqi,Artículo de peru21.pe,https://peru21.pe//articulo-1#1759813629985-oh1i80ovp,Contenido extraído usando selectores CSS personalizados...,,peru21.pe,2025-10-07T05:07:09.985Z,,Sin categoría,
cmgg3ljbz007j13gho5kgru3h,Artículo de larepublica.pe,https://larepublica.pe//articulo-1#1759813629983-nqr8cdzmw,Contenido extraído usando selectores CSS personalizados...,,larepublica.pe,2025-10-07T05:07:09.984Z,,Sin categoría,
cmgg3ljby007f13ghne635r55,Artículo de elcomercio.pe,https://elcomercio.pe//articulo-1#1759813629982-vswcvfyfj,Contenido extraído usando selectores CSS personalizados...,,elcomercio.pe,2025-10-07T05:07:09.982Z,,Sin categoría,
cmgg3ljbx007b13ghmu0920yq,Artículo de www.youtube.com,https://www.youtube.com/channel/UCkZCoc42IipR1ucqJmIehsA/articulo-1#1759813629981-u50a12b7z,Contenido extraído usando selectores CSS personalizados...,,www.youtube.com,2025-10-07T05:07:09.981Z,,Sin categoría,
cmgg3ljbw007713gh9jakvx4j,Artículo de radios.com.pe,https://radios.com.pe/exitosa-lima//articulo-1#1759813629980-ibrrdhwns,Contenido extraído usando selectores CSS personalizados...,,radios.com.pe,2025-10-07T05:07:09.980Z,,Sin categoría,
cmgg3ljbu007313ghux5c7lic,Artículo de streema.com,https://streema.com/radios/Radio_Noticias_Peru/articulo-1#1759813629978-dx0dbfcjw,Contenido extraído usando selectores CSS personalizados...,,streema.com,2025-10-07T05:07:09.979Z,,Sin categoría,
cmgg3ljbt006z13gh8bzcpswl,Artículo de radiouno.pe,https://radiouno.pe//articulo-1#1759813629977-7s7tyl479,Contenido extraído usando selectores CSS personalizados...,,radiouno.pe,2025-10-07T05:07:09.977Z,,Sin categoría,
cmgg3ljbs006v13ghv6dtexkk,Artículo de canaln.pe,https://canaln.pe//articulo-1#1759813629976-pdlghb3b8,Contenido extraído usando selectores CSS personalizados...,,canaln.pe,2025-10-07T05:07:09.976Z,,Sin categoría,
cmgg3ljbq006r13ghti9q9hi4,Artículo de www.exitosanoticias.pe,https://www.exitosanoticias.pe//articulo-1#1759813629974-a4x2ojux5,Contenido extraído usando selectores CSS personalizados...,,www.exitosanoticias.pe,2025-10-07T05:07:09.974Z,,Sin categoría,
cmgg3ljbo006n13ghast3xdbz,"Miguel Ángel Russo, entrenador de Boca Juniors, en grave estado de salud",https://rpp.pe/deportes/futbol/miguel-angel-russo-entrenador-de-boca-juniors-en-grave-estado-de-salud-noticia-123460#1759813629972-qnk2ej754,"El entrenador de Boca Juniors, Miguel Ángel Russo, se encuentra en grave estado de salud y fue internado en un centro médico. El club emitió un comunicado informando sobre su situación.",,RPP Noticias,2025-10-07T05:07:09.973Z,cmgg1fs0f0007112gev7odmxo,Salud,#10B981
cmgg3ljbo006l13ghz6pwqdgi,Crisis sanitaria en Brasil: lo que se sabe de la intoxicación masiva por metanol,https://rpp.pe/mundo/latinoamerica/crisis-sanitaria-en-brasil-lo-que-se-sabe-de-la-intoxicacion-masiva-por-metanol-noticia-123459#1759813629971-ob8y7nasz,Las autoridades brasileñas investigan una intoxicación masiva por metanol que ha causado muertes y la caída del consumo de alcohol en el país. Se han reportado varios casos en diferentes estados.,,RPP Noticias,2025-10-07T05:07:09.972Z,cmgg1fs0c0003112g7epw4vrz,Deportes,#F59E0B
cmgg3ljbm006h13gh660007hs,Con caras nuevas: Selección Peruana empezó sus entrenamientos pensando en duelo ante Chile,https://rpp.pe/deportes/futbol/con-caras-nuevas-seleccion-peruana-empezo-sus-entrenamientos-pensando-en-duelo-ante-chile-noticia-123457#1759813629970-ekk6prelh,"Con la presencia de 20 futbolistas, la Selección Peruana empezó sus entrenamientos en La Videna FPF con miras al partido amistoso ante Chile. Felipe Chávez de Bayern Munich dijo presente.",,RPP Noticias,2025-10-07T05:07:09.971Z,cmgg1fs0c0003112g7epw4vrz,Deportes,#F59E0B
cmgg3ljbn006j13gh5lpqdi7a,Corpac reconoce que hubo 'breve interrupción' en el funcionamiento del sistema de control radar,https://rpp.pe/lima/actualidad/corpac-reconoce-que-hubo-breve-interrupcion-en-el-funcionamiento-del-sistema-de-control-radar-noticia-123458#1759813629971-wa8lu55ut,La Corporación Peruana de Aeropuertos y Aviación Comercial (Corpac) reconoció que hubo una breve interrupción en el funcionamiento del sistema de control radar en el aeropuerto Jorge Chávez.,,RPP Noticias,2025-10-07T05:07:09.971Z,,Sin categoría,
cmgg3ljbl006f13gh8ziypwk6,Dirigentes transportistas acuerdan no continuar con el paro tras reunión con ministros,https://rpp.pe/politica/actualidad/dirigentes-transportistas-acuerdan-no-continuar-con-el-paro-tras-reunion-con-ministros-noticia-123456#1759813629969-az90grdpe,"Los representantes del sector sostuvieron una reunión con el jefe del Gabinete Ministerial, Eduardo Arana, y otros ministros en la que acordaron, entre otros puntos, la instalación de una mesa de trabajo.",,RPP Noticias,2025-10-07T05:07:09.970Z,cmgg1fs0b0001112g2lb2odtv,Política,#DC2626
cmgg3ljbh006b13ghxhh28ud3,Medio ambiente: Proyecto de conservación en la Amazonía peruana,https://www.radionacional.gob.pe/medio-ambiente/proyecto-de-conservacion-en-la-amazonia-peruana#1759813629965-wvuau2tn9,Se lanza un nuevo proyecto de conservación en la Amazonía peruana que busca proteger la biodiversidad y promover el desarrollo sostenible en las comunidades locales.,,Radio Nacional del Perú,2025-10-07T05:07:09.965Z,cmgg1fs0g000a112g93a1z2i9,Medio Ambiente,#22C55E
cmgg3ljbg006913ghichksem4,Educación: Nuevas tecnologías llegan a escuelas rurales,https://www.radionacional.gob.pe/educacion/nuevas-tecnologias-llegan-a-escuelas-rurales#1759813629963-7398t2utz,"El Ministerio de Educación implementa programas de tecnología educativa en escuelas rurales, llevando internet y equipos informáticos a comunidades alejadas para mejorar la calidad educativa.",,Radio Nacional del Perú,2025-10-07T05:07:09.964Z,cmgg1fs0f0008112gsse5oyp2,Sociedad,#F97316
cmgg3ljbf006713ghwqo3zyiv,Ministerio de Salud reporta avances en campaña de vacunación,https://www.radionacional.gob.pe/salud/ministerio-de-salud-reporta-avances-en-campana-de-vacunacion#1759813629962-8jbgabzap,"El Ministerio de Salud informó sobre los avances en la campaña de vacunación contra diversas enfermedades, alcanzando importantes coberturas en las regiones más vulnerables del país.",,Radio Nacional del Perú,2025-10-07T05:07:09.963Z,cmgg1fs0f0007112gev7odmxo,Salud,#10B981
cmgg3ljbd006513gh2442v2zt,Cultura peruana celebra el Día Internacional de la Lengua Materna,https://www.radionacional.gob.pe/cultura/cultura-peruana-celebra-el-dia-internacional-de-la-lengua-materna#1759813629961-hdiqohnbi,"Diversas actividades culturales se realizan en todo el país para conmemorar el Día Internacional de la Lengua Materna, destacando la importancia de preservar las lenguas originarias del Perú.",,Radio Nacional del Perú,2025-10-07T05:07:09.962Z,cmgg1fs0b0000112g1dwxzwzw,Actualidad,#3B82F6
cmgg3ljbb006313gh25iu4d3q,Gobierno anuncia nuevas medidas económicas para reactivar el país,https://www.radionacional.gob.pe/economia/gobierno-anuncia-nuevas-medidas-economicas-para-reactivar-el-pais#1759813629958-3zj0m6egu,"El Ministerio de Economía y Finanzas presentó un paquete de medidas destinadas a impulsar la reactivación económica del país, incluyendo incentivos fiscales y programas de apoyo a las pequeñas empresas.",,Radio Nacional del Perú,2025-10-07T05:07:09.959Z,cmgg1fs0c0002112gtz9dd9xz,Economía,#059669
cmgg3lhtn005z13gh56ypuze9,Artículo de gestion.pe,https://gestion.pe//articulo-1#1759813628027-u2hklc7ij,Contenido extraído usando selectores CSS personalizados...,,gestion.pe,2025-10-07T05:07:08.027Z,,Sin categoría,
cmgg3lhtm005v13ghue2d7qzl,Artículo de www.infobae.com,https://www.infobae.com/peru//articulo-1#1759813628026-v290y7ulc,Contenido extraído usando selectores CSS personalizados...,,www.infobae.com,2025-10-07T05:07:08.026Z,,Sin categoría,
cmgg3lhtl005r13ghib542ghl,Artículo de diariocorreo.pe,https://diariocorreo.pe//articulo-1#1759813628025-hbixvre3z,Contenido extraído usando selectores CSS personalizados...,,diariocorreo.pe,2025-10-07T05:07:08.025Z,,Sin categoría,
cmgg3lhtk005n13ghp8pjzmt3,Artículo de peru21.pe,https://peru21.pe//articulo-1#1759813628023-hi9k32zr8,Contenido extraído usando selectores CSS personalizados...,,peru21.pe,2025-10-07T05:07:08.024Z,,Sin categoría,
cmgg3lhti005j13ghb6hcovlx,Artículo de larepublica.pe,https://larepublica.pe//articulo-1#1759813628022-b6eempr23,Contenido extraído usando selectores CSS personalizados...,,larepublica.pe,2025-10-07T05:07:08.023Z,,Sin categoría,
cmgg3lhth005f13ghj3w9d0c1,Artículo de elcomercio.pe,https://elcomercio.pe//articulo-1#1759813628021-7w1rkoj8o,Contenido extraído usando selectores CSS personalizados...,,elcomercio.pe,2025-10-07T05:07:08.022Z,,Sin categoría,
cmgg3lhtg005b13ghizi9usex,Artículo de www.youtube.com,https://www.youtube.com/channel/UCkZCoc42IipR1ucqJmIehsA/articulo-1#1759813628020-bbwqufxcn,Contenido extraído usando selectores CSS personalizados...,,www.youtube.com,2025-10-07T05:07:08.021Z,,Sin categoría,
cmgg3lhtf005713ghri00mctq,Artículo de radios.com.pe,https://radios.com.pe/exitosa-lima//articulo-1#1759813628019-pdwsk7l1t,Contenido extraído usando selectores CSS personalizados...,,radios.com.pe,2025-10-07T05:07:08.019Z,,Sin categoría,
cmgg3lhte005313ghw8cm3aoz,Artículo de streema.com,https://streema.com/radios/Radio_Noticias_Peru/articulo-1#1759813628018-2l97v19kz,Contenido extraído usando selectores CSS personalizados...,,streema.com,2025-10-07T05:07:08.018Z,,Sin categoría,
cmgg3lhtc004z13ghm0nf3o3t,Artículo de radiouno.pe,https://radiouno.pe//articulo-1#1759813628016-zl7z2l1y9,Contenido extraído usando selectores CSS personalizados...,,radiouno.pe,2025-10-07T05:07:08.017Z,,Sin categoría,
cmgg3lhtb004v13ghhalb0vhy,Artículo de canaln.pe,https://canaln.pe//articulo-1#1759813628015-bplr8ug3g,Contenido extraído usando selectores CSS personalizados...,,canaln.pe,2025-10-07T05:07:08.015Z,,Sin categoría,
cmgg3lht9004r13ghcnvje3p3,Artículo de www.exitosanoticias.pe,https://www.exitosanoticias.pe//articulo-1#1759813628013-xvukjlbrn,Contenido extraído usando selectores CSS personalizados...,,www.exitosanoticias.pe,2025-10-07T05:07:08.014Z,,Sin categoría,
cmgg3lht7004n13ghzbdxkrz8,"Miguel Ángel Russo, entrenador de Boca Juniors, en grave estado de salud",https://rpp.pe/deportes/futbol/miguel-angel-russo-entrenador-de-boca-juniors-en-grave-estado-de-salud-noticia-123460#1759813628011-hgyxnopnw,"El entrenador de Boca Juniors, Miguel Ángel Russo, se encuentra en grave estado de salud y fue internado en un centro médico. El club emitió un comunicado informando sobre su situación.",,RPP Noticias,2025-10-07T05:07:08.012Z,cmgg1fs0f0007112gev7odmxo,Salud,#10B981
cmgg3lht6004l13ghj7wv84lo,Crisis sanitaria en Brasil: lo que se sabe de la intoxicación masiva por metanol,https://rpp.pe/mundo/latinoamerica/crisis-sanitaria-en-brasil-lo-que-se-sabe-de-la-intoxicacion-masiva-por-metanol-noticia-123459#1759813628010-slypiiy1p,Las autoridades brasileñas investigan una intoxicación masiva por metanol que ha causado muertes y la caída del consumo de alcohol en el país. Se han reportado varios casos en diferentes estados.,,RPP Noticias,2025-10-07T05:07:08.011Z,cmgg1fs0c0003112g7epw4vrz,Deportes,#F59E0B
cmgg3lht6004j13ghfiy1k93n,Corpac reconoce que hubo 'breve interrupción' en el funcionamiento del sistema de control radar,https://rpp.pe/lima/actualidad/corpac-reconoce-que-hubo-breve-interrupcion-en-el-funcionamiento-del-sistema-de-control-radar-noticia-123458#1759813628010-wu9ixl78g,La Corporación Peruana de Aeropuertos y Aviación Comercial (Corpac) reconoció que hubo una breve interrupción en el funcionamiento del sistema de control radar en el aeropuerto Jorge Chávez.,,RPP Noticias,2025-10-07T05:07:08.010Z,,Sin categoría,
cmgg3lht4004f13ghao1weysy,Dirigentes transportistas acuerdan no continuar con el paro tras reunión con ministros,https://rpp.pe/politica/actualidad/dirigentes-transportistas-acuerdan-no-continuar-con-el-paro-tras-reunion-con-ministros-noticia-123456#1759813628008-t3xoc6o66,"Los representantes del sector sostuvieron una reunión con el jefe del Gabinete Ministerial, Eduardo Arana, y otros ministros en la que acordaron, entre otros puntos, la instalación de una mesa de trabajo.",,RPP Noticias,2025-10-07T05:07:08.009Z,cmgg1fs0b0001112g2lb2odtv,Política,#DC2626
cmgg3lht5004h13ghynuf37k6,Con caras nuevas: Selección Peruana empezó sus entrenamientos pensando en duelo ante Chile,https://rpp.pe/deportes/futbol/con-caras-nuevas-seleccion-peruana-empezo-sus-entrenamientos-pensando-en-duelo-ante-chile-noticia-123457#1759813628009-sy97neivz,"Con la presencia de 20 futbolistas, la Selección Peruana empezó sus entrenamientos en La Videna FPF con miras al partido amistoso ante Chile. Felipe Chávez de Bayern Munich dijo presente.",,RPP Noticias,2025-10-07T05:07:08.009Z,cmgg1fs0c0003112g7epw4vrz,Deportes,#F59E0B
cmgg3lht0004b13ghjno5r7vn,Medio ambiente: Proyecto de conservación en la Amazonía peruana,https://www.radionacional.gob.pe/medio-ambiente/proyecto-de-conservacion-en-la-amazonia-peruana#1759813628003-ogoy4rjcm,Se lanza un nuevo proyecto de conservación en la Amazonía peruana que busca proteger la biodiversidad y promover el desarrollo sostenible en las comunidades locales.,,Radio Nacional del Perú,2025-10-07T05:07:08.004Z,cmgg1fs0g000a112g93a1z2i9,Medio Ambiente,#22C55E
cmgg3lhsy004913ghsuwmidkk,Educación: Nuevas tecnologías llegan a escuelas rurales,https://www.radionacional.gob.pe/educacion/nuevas-tecnologias-llegan-a-escuelas-rurales#1759813628002-mh6tzmhhl,"El Ministerio de Educación implementa programas de tecnología educativa en escuelas rurales, llevando internet y equipos informáticos a comunidades alejadas para mejorar la calidad educativa.",,Radio Nacional del Perú,2025-10-07T05:07:08.003Z,cmgg1fs0f0008112gsse5oyp2,Sociedad,#F97316
cmgg3lhsx004713gh3774btur,Ministerio de Salud reporta avances en campaña de vacunación,https://www.radionacional.gob.pe/salud/ministerio-de-salud-reporta-avances-en-campana-de-vacunacion#1759813628001-t836vei73,"El Ministerio de Salud informó sobre los avances en la campaña de vacunación contra diversas enfermedades, alcanzando importantes coberturas en las regiones más vulnerables del país.",,Radio Nacional del Perú,2025-10-07T05:07:08.002Z,cmgg1fs0f0007112gev7odmxo,Salud,#10B981
cmgg3lhsw004513ghjtdeajtn,Cultura peruana celebra el Día Internacional de la Lengua Materna,https://www.radionacional.gob.pe/cultura/cultura-peruana-celebra-el-dia-internacional-de-la-lengua-materna#1759813627999-k1omo3jv2,"Diversas actividades culturales se realizan en todo el país para conmemorar el Día Internacional de la Lengua Materna, destacando la importancia de preservar las lenguas originarias del Perú.",,Radio Nacional del Perú,2025-10-07T05:07:08.000Z,cmgg1fs0b0000112g1dwxzwzw,Actualidad,#3B82F6
cmgg3lhst004313ghkrcaa26l,Gobierno anuncia nuevas medidas económicas para reactivar el país,https://www.radionacional.gob.pe/economia/gobierno-anuncia-nuevas-medidas-economicas-para-reactivar-el-pais#1759813627997-9otnhryiw,"El Ministerio de Economía y Finanzas presentó un paquete de medidas destinadas a impulsar la reactivación económica del país, incluyendo incentivos fiscales y programas de apoyo a las pequeñas empresas.",,Radio Nacional del Perú,2025-10-07T05:07:07.998Z,cmgg1fs0c0002112gtz9dd9xz,Economía,#059669
cmgg3lfb2003z13gh6wmi0shy,Artículo de gestion.pe,https://gestion.pe//articulo-1#1759813624766-3r96jh5hc,Contenido extraído usando selectores CSS personalizados...,,gestion.pe,2025-10-07T05:07:04.766Z,,Sin categoría,
cmgg3lfb1003v13ghjofzwql6,Artículo de www.infobae.com,https://www.infobae.com/peru//articulo-1#1759813624765-by23nsl0h,Contenido extraído usando selectores CSS personalizados...,,www.infobae.com,2025-10-07T05:07:04.765Z,,Sin categoría,
cmgg3lfb0003r13gh8mxxhi04,Artículo de diariocorreo.pe,https://diariocorreo.pe//articulo-1#1759813624764-dworc2kjc,Contenido extraído usando selectores CSS personalizados...,,diariocorreo.pe,2025-10-07T05:07:04.764Z,,Sin categoría,
cmgg3lfaz003n13ghwdf4fbnb,Artículo de peru21.pe,https://peru21.pe//articulo-1#1759813624763-4f3rimda0,Contenido extraído usando selectores CSS personalizados...,,peru21.pe,2025-10-07T05:07:04.763Z,,Sin categoría,
cmgg3lfay003j13ghwcy5nogo,Artículo de larepublica.pe,https://larepublica.pe//articulo-1#1759813624762-5v2aaqnzq,Contenido extraído usando selectores CSS personalizados...,,larepublica.pe,2025-10-07T05:07:04.762Z,,Sin categoría,
cmgg3lfaw003f13ghflb85z8v,Artículo de elcomercio.pe,https://elcomercio.pe//articulo-1#1759813624760-jcqkcr44k,Contenido extraído usando selectores CSS personalizados...,,elcomercio.pe,2025-10-07T05:07:04.761Z,,Sin categoría,
cmgg3lfaw003b13ghh1vc4fcs,Artículo de www.youtube.com,https://www.youtube.com/channel/UCkZCoc42IipR1ucqJmIehsA/articulo-1#1759813624760-a1i1kemgz,Contenido extraído usando selectores CSS personalizados...,,www.youtube.com,2025-10-07T05:07:04.760Z,,Sin categoría,
cmgg3lfau003713gh41rlwlmy,Artículo de radios.com.pe,https://radios.com.pe/exitosa-lima//articulo-1#1759813624758-dcfj24cju,Contenido extraído usando selectores CSS personalizados...,,radios.com.pe,2025-10-07T05:07:04.759Z,,Sin categoría,
cmgg3lfat003313gh2fg3m5n7,Artículo de streema.com,https://streema.com/radios/Radio_Noticias_Peru/articulo-1#1759813624757-umvhur06x,Contenido extraído usando selectores CSS personalizados...,,streema.com,2025-10-07T05:07:04.758Z,,Sin categoría,
cmgg3lfas002z13ghegiuh2v4,Artículo de radiouno.pe,https://radiouno.pe//articulo-1#1759813624756-h2dya9auv,Contenido extraído usando selectores CSS personalizados...,,radiouno.pe,2025-10-07T05:07:04.757Z,,Sin categoría,
cmgg3lfar002v13ghdfnrs4am,Artículo de canaln.pe,https://canaln.pe//articulo-1#1759813624755-djfprkyfl,Contenido extraído usando selectores CSS personalizados...,,canaln.pe,2025-10-07T05:07:04.756Z,,Sin categoría,
cmgg3lfaq002r13gh0jatxmlm,Artículo de www.exitosanoticias.pe,https://www.exitosanoticias.pe//articulo-1#1759813624754-24a65q7ph,Contenido extraído usando selectores CSS personalizados...,,www.exitosanoticias.pe,2025-10-07T05:07:04.755Z,,Sin categoría,
cmgg3lfap002n13ghk8jjadct,"Miguel Ángel Russo, entrenador de Boca Juniors, en grave estado de salud",https://rpp.pe/deportes/futbol/miguel-angel-russo-entrenador-de-boca-juniors-en-grave-estado-de-salud-noticia-123460#1759813624753-8ehbvtgvg,"El entrenador de Boca Juniors, Miguel Ángel Russo, se encuentra en grave estado de salud y fue internado en un centro médico. El club emitió un comunicado informando sobre su situación.",,RPP Noticias,2025-10-07T05:07:04.754Z,cmgg1fs0f0007112gev7odmxo,Salud,#10B981
cmgg3lfao002j13ghpukcqz93,Corpac reconoce que hubo 'breve interrupción' en el funcionamiento del sistema de control radar,https://rpp.pe/lima/actualidad/corpac-reconoce-que-hubo-breve-interrupcion-en-el-funcionamiento-del-sistema-de-control-radar-noticia-123458#1759813624752-z53h3gcf3,La Corporación Peruana de Aeropuertos y Aviación Comercial (Corpac) reconoció que hubo una breve interrupción en el funcionamiento del sistema de control radar en el aeropuerto Jorge Chávez.,,RPP Noticias,2025-10-07T05:07:04.753Z,,Sin categoría,
cmgg3lfap002l13ghmieuk6dq,Crisis sanitaria en Brasil: lo que se sabe de la intoxicación masiva por metanol,https://rpp.pe/mundo/latinoamerica/crisis-sanitaria-en-brasil-lo-que-se-sabe-de-la-intoxicacion-masiva-por-metanol-noticia-123459#1759813624753-g4negn363,Las autoridades brasileñas investigan una intoxicación masiva por metanol que ha causado muertes y la caída del consumo de alcohol en el país. Se han reportado varios casos en diferentes estados.,,RPP Noticias,2025-10-07T05:07:04.753Z,cmgg1fs0c0003112g7epw4vrz,Deportes,#F59E0B
cmgg3lfan002f13ghoov3c5cd,Dirigentes transportistas acuerdan no continuar con el paro tras reunión con ministros,https://rpp.pe/politica/actualidad/dirigentes-transportistas-acuerdan-no-continuar-con-el-paro-tras-reunion-con-ministros-noticia-123456#1759813624751-ntipnzmp5,"Los representantes del sector sostuvieron una reunión con el jefe del Gabinete Ministerial, Eduardo Arana, y otros ministros en la que acordaron, entre otros puntos, la instalación de una mesa de trabajo.",,RPP Noticias,2025-10-07T05:07:04.752Z,cmgg1fs0b0001112g2lb2odtv,Política,#DC2626
cmgg3lfao002h13ghadj27ws7,Con caras nuevas: Selección Peruana empezó sus entrenamientos pensando en duelo ante Chile,https://rpp.pe/deportes/futbol/con-caras-nuevas-seleccion-peruana-empezo-sus-entrenamientos-pensando-en-duelo-ante-chile-noticia-123457#1759813624752-102gzd1pr,"Con la presencia de 20 futbolistas, la Selección Peruana empezó sus entrenamientos en La Videna FPF con miras al partido amistoso ante Chile. Felipe Chávez de Bayern Munich dijo presente.",,RPP Noticias,2025-10-07T05:07:04.752Z,cmgg1fs0c0003112g7epw4vrz,Deportes,#F59E0B
cmgg3lfak002913ghh8dc94fx,Educación: Nuevas tecnologías llegan a escuelas rurales,https://www.radionacional.gob.pe/educacion/nuevas-tecnologias-llegan-a-escuelas-rurales#1759813624748-awzq9s0f9,"El Ministerio de Educación implementa programas de tecnología educativa en escuelas rurales, llevando internet y equipos informáticos a comunidades alejadas para mejorar la calidad educativa.",,Radio Nacional del Perú,2025-10-07T05:07:04.749Z,cmgg1fs0f0008112gsse5oyp2,Sociedad,#F97316
cmgg3lfal002b13gh1gkjhgw6,Medio ambiente: Proyecto de conservación en la Amazonía peruana,https://www.radionacional.gob.pe/medio-ambiente/proyecto-de-conservacion-en-la-amazonia-peruana#1759813624749-vsh0gjts6,Se lanza un nuevo proyecto de conservación en la Amazonía peruana que busca proteger la biodiversidad y promover el desarrollo sostenible en las comunidades locales.,,Radio Nacional del Perú,2025-10-07T05:07:04.749Z,cmgg1fs0g000a112g93a1z2i9,Medio Ambiente,#22C55E
cmgg3lfaj002713ght6pw0pjc,Ministerio de Salud reporta avances en campaña de vacunación,https://www.radionacional.gob.pe/salud/ministerio-de-salud-reporta-avances-en-campana-de-vacunacion#1759813624747-fetag7x7v,"El Ministerio de Salud informó sobre los avances en la campaña de vacunación contra diversas enfermedades, alcanzando importantes coberturas en las regiones más vulnerables del país.",,Radio Nacional del Perú,2025-10-07T05:07:04.748Z,cmgg1fs0f0007112gev7odmxo,Salud,#10B981
cmgg3lfaj002513ghos9547pm,Cultura peruana celebra el Día Internacional de la Lengua Materna,https://www.radionacional.gob.pe/cultura/cultura-peruana-celebra-el-dia-internacional-de-la-lengua-materna#1759813624746-8phywac07,"Diversas actividades culturales se realizan en todo el país para conmemorar el Día Internacional de la Lengua Materna, destacando la importancia de preservar las lenguas originarias del Perú.",,Radio Nacional del Perú,2025-10-07T05:07:04.747Z,cmgg1fs0b0000112g1dwxzwzw,Actualidad,#3B82F6
cmgg3lfah002313gh1vndqb29,Gobierno anuncia nuevas medidas económicas para reactivar el país,https://www.radionacional.gob.pe/economia/gobierno-anuncia-nuevas-medidas-economicas-para-reactivar-el-pais#1759813624745-09rprnbxn,"El Ministerio de Economía y Finanzas presentó un paquete de medidas destinadas a impulsar la reactivación económica del país, incluyendo incentivos fiscales y programas de apoyo a las pequeñas empresas.",,Radio Nacional del Perú,2025-10-07T05:07:04.746Z,cmgg1fs0c0002112gtz9dd9xz,Economía,#059669
cmgg3la3r001z13ghk0fmry1i,Artículo de gestion.pe,https://gestion.pe//articulo-1#1759813618023-hf9vlcin3,Contenido extraído usando selectores CSS personalizados...,,gestion.pe,2025-10-07T05:06:58.024Z,,Sin categoría,
cmgg3la3r001v13ghh6nz4mik,Artículo de www.infobae.com,https://www.infobae.com/peru//articulo-1#1759813618023-vwtim2fnz,Contenido extraído usando selectores CSS personalizados...,,www.infobae.com,2025-10-07T05:06:58.023Z,,Sin categoría,
cmgg3la3p001n13ghhpdp574o,Artículo de peru21.pe,https://peru21.pe//articulo-1#1759813618021-slsap8ovz,Contenido extraído usando selectores CSS personalizados...,,peru21.pe,2025-10-07T05:06:58.022Z,,Sin categoría,
cmgg3la3q001r13ghbx875fuf,Artículo de diariocorreo.pe,https://diariocorreo.pe//articulo-1#1759813618022-ww54t85ib,Contenido extraído usando selectores CSS personalizados...,,diariocorreo.pe,2025-10-07T05:06:58.022Z,,Sin categoría,
cmgg3la3o001j13ghf1yr9zr9,Artículo de larepublica.pe,https://larepublica.pe//articulo-1#1759813618020-prer6zpxw,Contenido extraído usando selectores CSS personalizados...,,larepublica.pe,2025-10-07T05:06:58.021Z,,Sin categoría,
cmgg3la3o001f13ghzs3i0peq,Artículo de elcomercio.pe,https://elcomercio.pe//articulo-1#1759813618019-c9z6f8l5z,Contenido extraído usando selectores CSS personalizados...,,elcomercio.pe,2025-10-07T05:06:58.020Z,,Sin categoría,
cmgg3la3n001b13ghuva7mpxg,Artículo de www.youtube.com,https://www.youtube.com/channel/UCkZCoc42IipR1ucqJmIehsA/articulo-1#1759813618019-8lvu7w6os,Contenido extraído usando selectores CSS personalizados...,,www.youtube.com,2025-10-07T05:06:58.019Z,,Sin categoría,
cmgg3la3m001713ghdgwpim9v,Artículo de radios.com.pe,https://radios.com.pe/exitosa-lima//articulo-1#1759813618018-psrbmh17d,Contenido extraído usando selectores CSS personalizados...,,radios.com.pe,2025-10-07T05:06:58.018Z,,Sin categoría,
cmgg3la3l001313ghwsv1i0p3,Artículo de streema.com,https://streema.com/radios/Radio_Noticias_Peru/articulo-1#1759813618017-sb92iita6,Contenido extraído usando selectores CSS personalizados...,,streema.com,2025-10-07T05:06:58.017Z,,Sin categoría,
cmgg3la3j000v13ghxosmk8v0,Artículo de canaln.pe,https://canaln.pe//articulo-1#1759813618015-ntlww59ka,Contenido extraído usando selectores CSS personalizados...,,canaln.pe,2025-10-07T05:06:58.016Z,,Sin categoría,
cmgg3la3k000z13ghaa1362j4,Artículo de radiouno.pe,https://radiouno.pe//articulo-1#1759813618016-clz0ntnul,Contenido extraído usando selectores CSS personalizados...,,radiouno.pe,2025-10-07T05:06:58.016Z,,Sin categoría,
cmgg3la3i000r13ghr9slaeiu,Artículo de www.exitosanoticias.pe,https://www.exitosanoticias.pe//articulo-1#1759813618014-kmr2lhqwi,Contenido extraído usando selectores CSS personalizados...,,www.exitosanoticias.pe,2025-10-07T05:06:58.015Z,,Sin categoría,
cmgg3la3h000n13gh500c1xxx,"Miguel Ángel Russo, entrenador de Boca Juniors, en grave estado de salud",https://rpp.pe/deportes/futbol/miguel-angel-russo-entrenador-de-boca-juniors-en-grave-estado-de-salud-noticia-123460#1759813618013-q3z8yxr3h,"El entrenador de Boca Juniors, Miguel Ángel Russo, se encuentra en grave estado de salud y fue internado en un centro médico. El club emitió un comunicado informando sobre su situación.",,RPP Noticias,2025-10-07T05:06:58.014Z,cmgg1fs0f0007112gev7odmxo,Salud,#10B981
cmgg3la3g000j13ghuwg89y1e,Corpac reconoce que hubo 'breve interrupción' en el funcionamiento del sistema de control radar,https://rpp.pe/lima/actualidad/corpac-reconoce-que-hubo-breve-interrupcion-en-el-funcionamiento-del-sistema-de-control-radar-noticia-123458#1759813618012-19zwe9n3n,La Corporación Peruana de Aeropuertos y Aviación Comercial (Corpac) reconoció que hubo una breve interrupción en el funcionamiento del sistema de control radar en el aeropuerto Jorge Chávez.,,RPP Noticias,2025-10-07T05:06:58.013Z,,Sin categoría,
cmgg3la3h000l13ghbe01h1fr,Crisis sanitaria en Brasil: lo que se sabe de la intoxicación masiva por metanol,https://rpp.pe/mundo/latinoamerica/crisis-sanitaria-en-brasil-lo-que-se-sabe-de-la-intoxicacion-masiva-por-metanol-noticia-123459#1759813618013-ben37lyxc,Las autoridades brasileñas investigan una intoxicación masiva por metanol que ha causado muertes y la caída del consumo de alcohol en el país. Se han reportado varios casos en diferentes estados.,,RPP Noticias,2025-10-07T05:06:58.013Z,cmgg1fs0c0003112g7epw4vrz,Deportes,#F59E0B
cmgg3la3f000f13gh581duj4g,Dirigentes transportistas acuerdan no continuar con el paro tras reunión con ministros,https://rpp.pe/politica/actualidad/dirigentes-transportistas-acuerdan-no-continuar-con-el-paro-tras-reunion-con-ministros-noticia-123456#1759813618011-b6ap4unz1,"Los representantes del sector sostuvieron una reunión con el jefe del Gabinete Ministerial, Eduardo Arana, y otros ministros en la que acordaron, entre otros puntos, la instalación de una mesa de trabajo.",,RPP Noticias,2025-10-07T05:06:58.012Z,cmgg1fs0b0001112g2lb2odtv,Política,#DC2626
cmgg3la3g000h13gho7zog49i,Con caras nuevas: Selección Peruana empezó sus entrenamientos pensando en duelo ante Chile,https://rpp.pe/deportes/futbol/con-caras-nuevas-seleccion-peruana-empezo-sus-entrenamientos-pensando-en-duelo-ante-chile-noticia-123457#1759813618012-jmhljhqks,"Con la presencia de 20 futbolistas, la Selección Peruana empezó sus entrenamientos en La Videna FPF con miras al partido amistoso ante Chile. Felipe Chávez de Bayern Munich dijo presente.",,RPP Noticias,2025-10-07T05:06:58.012Z,cmgg1fs0c0003112g7epw4vrz,Deportes,#F59E0B
cmgg3la3d000913gh04nocqcl,Educación: Nuevas tecnologías llegan a escuelas rurales,https://www.radionacional.gob.pe/educacion/nuevas-tecnologias-llegan-a-escuelas-rurales#1759813618009-v6jnmh1fd,"El Ministerio de Educación implementa programas de tecnología educativa en escuelas rurales, llevando internet y equipos informáticos a comunidades alejadas para mejorar la calidad educativa.",,Radio Nacional del Perú,2025-10-07T05:06:58.010Z,cmgg1fs0f0008112gsse5oyp2,Sociedad,#F97316
cmgg3la3e000b13ghyso2op0d,Medio ambiente: Proyecto de conservación en la Amazonía peruana,https://www.radionacional.gob.pe/medio-ambiente/proyecto-de-conservacion-en-la-amazonia-peruana#1759813618010-zw9mn8dsh,Se lanza un nuevo proyecto de conservación en la Amazonía peruana que busca proteger la biodiversidad y promover el desarrollo sostenible en las comunidades locales.,,Radio Nacional del Perú,2025-10-07T05:06:58.010Z,cmgg1fs0g000a112g93a1z2i9,Medio Ambiente,#22C55E
cmgg3la3d000713ghuf0153gv,Ministerio de Salud reporta avances en campaña de vacunación,https://www.radionacional.gob.pe/salud/ministerio-de-salud-reporta-avances-en-campana-de-vacunacion#1759813618008-mywc125v8,"El Ministerio de Salud informó sobre los avances en la campaña de vacunación contra diversas enfermedades, alcanzando importantes coberturas en las regiones más vulnerables del país.",,Radio Nacional del Perú,2025-10-07T05:06:58.009Z,cmgg1fs0f0007112gev7odmxo,Salud,#10B981
cmgg3la3b000313ghjrwp5lgy,Gobierno anuncia nuevas medidas económicas para reactivar el país,https://www.radionacional.gob.pe/economia/gobierno-anuncia-nuevas-medidas-economicas-para-reactivar-el-pais#1759813618007-ocglb46s9,"El Ministerio de Economía y Finanzas presentó un paquete de medidas destinadas a impulsar la reactivación económica del país, incluyendo incentivos fiscales y programas de apoyo a las pequeñas empresas.",,Radio Nacional del Perú,2025-10-07T05:06:58.008Z,cmgg1fs0c0002112gtz9dd9xz,Economía,#059669
cmgg3la3c000513ghtcqb79cd,Cultura peruana celebra el Día Internacional de la Lengua Materna,https://www.radionacional.gob.pe/cultura/cultura-peruana-celebra-el-dia-internacional-de-la-lengua-materna#1759813618008-o41k6ul83,"Diversas actividades culturales se realizan en todo el país para conmemorar el Día Internacional de la Lengua Materna, destacando la importancia de preservar las lenguas originarias del Perú.",,Radio Nacional del Perú,2025-10-07T05:06:58.008Z,cmgg1fs0b0000112g1dwxzwzw,Actualidad,#3B82F6
cmgg3flgk01cox718hl8wa6ev,Artículo de gestion.pe,https://gestion.pe//articulo-1#1759813352803-2j2omqgxz,Contenido extraído usando selectores CSS personalizados...,,gestion.pe,2025-10-07T05:02:32.804Z,,Sin categoría,
cmgg3flgi01ckx718ey8klxjv,Artículo de www.infobae.com,https://www.infobae.com/peru//articulo-1#1759813352802-1xup2uts7,Contenido extraído usando selectores CSS personalizados...,,www.infobae.com,2025-10-07T05:02:32.803Z,,Sin categoría,
cmgg3flgh01cgx71843du3rsn,Artículo de diariocorreo.pe,https://diariocorreo.pe//articulo-1#1759813352801-lqfdd3p3g,Contenido extraído usando selectores CSS personalizados...,,diariocorreo.pe,2025-10-07T05:02:32.802Z,,Sin categoría,
cmgg3flgg01ccx7188qn97ca7,Artículo de peru21.pe,https://peru21.pe//articulo-1#1759813352800-a9xv3r7a5,Contenido extraído usando selectores CSS personalizados...,,peru21.pe,2025-10-07T05:02:32.801Z,,Sin categoría,
cmgg3flgf01c8x718pqwaby00,Artículo de larepublica.pe,https://larepublica.pe//articulo-1#1759813352799-io7u2tq42,Contenido extraído usando selectores CSS personalizados...,,larepublica.pe,2025-10-07T05:02:32.800Z,,Sin categoría,
cmgg3flge01c4x718hecln9mb,Artículo de elcomercio.pe,https://elcomercio.pe//articulo-1#1759813352798-1pexlp84m,Contenido extraído usando selectores CSS personalizados...,,elcomercio.pe,2025-10-07T05:02:32.798Z,,Sin categoría,
cmgg3flgd01c0x718fn7osh7r,Artículo de www.youtube.com,https://www.youtube.com/channel/UCkZCoc42IipR1ucqJmIehsA/articulo-1#1759813352797-x78axkuto,Contenido extraído usando selectores CSS personalizados...,,www.youtube.com,2025-10-07T05:02:32.797Z,,Sin categoría,
cmgg3flgb01bwx718bu2koekv,Artículo de radios.com.pe,https://radios.com.pe/exitosa-lima//articulo-1#1759813352795-s26cp3cmf,Contenido extraído usando selectores CSS personalizados...,,radios.com.pe,2025-10-07T05:02:32.796Z,,Sin categoría,
cmgg3flga01bsx718f61vks35,Artículo de streema.com,https://streema.com/radios/Radio_Noticias_Peru/articulo-1#1759813352794-1u4j4luub,Contenido extraído usando selectores CSS personalizados...,,streema.com,2025-10-07T05:02:32.795Z,,Sin categoría,
cmgg3flg901box718tjp9coni,Artículo de radiouno.pe,https://radiouno.pe//articulo-1#1759813352793-ql8blyfk4,Contenido extraído usando selectores CSS personalizados...,,radiouno.pe,2025-10-07T05:02:32.793Z,,Sin categoría,
cmgg3flg701bkx718aputq56j,Artículo de canaln.pe,https://canaln.pe//articulo-1#1759813352791-wtm07h3hr,Contenido extraído usando selectores CSS personalizados...,,canaln.pe,2025-10-07T05:02:32.792Z,,Sin categoría,
cmgg3flg601bgx7188lf9lme8,Artículo de www.exitosanoticias.pe,https://www.exitosanoticias.pe//articulo-1#1759813352790-ns9r6wrjk,Contenido extraído usando selectores CSS personalizados...,,www.exitosanoticias.pe,2025-10-07T05:02:32.790Z,,Sin categoría,
cmgg3flg401bcx718kgm7tg15,"Miguel Ángel Russo, entrenador de Boca Juniors, en grave estado de salud",https://rpp.pe/deportes/futbol/miguel-angel-russo-entrenador-de-boca-juniors-en-grave-estado-de-salud-noticia-123460#1759813352788-ba6gcs9b7,"El entrenador de Boca Juniors, Miguel Ángel Russo, se encuentra en grave estado de salud y fue internado en un centro médico. El club emitió un comunicado informando sobre su situación.",,RPP Noticias,2025-10-07T05:02:32.788Z,cmgg1fs0f0007112gev7odmxo,Salud,#10B981
cmgg3flg201b8x718y36zqmf5,Corpac reconoce que hubo 'breve interrupción' en el funcionamiento del sistema de control radar,https://rpp.pe/lima/actualidad/corpac-reconoce-que-hubo-breve-interrupcion-en-el-funcionamiento-del-sistema-de-control-radar-noticia-123458#1759813352786-aa9tloefl,La Corporación Peruana de Aeropuertos y Aviación Comercial (Corpac) reconoció que hubo una breve interrupción en el funcionamiento del sistema de control radar en el aeropuerto Jorge Chávez.,,RPP Noticias,2025-10-07T05:02:32.787Z,,Sin categoría,
cmgg3flg301bax718vi1bxi3j,Crisis sanitaria en Brasil: lo que se sabe de la intoxicación masiva por metanol,https://rpp.pe/mundo/latinoamerica/crisis-sanitaria-en-brasil-lo-que-se-sabe-de-la-intoxicacion-masiva-por-metanol-noticia-123459#1759813352787-6w67a2rsw,Las autoridades brasileñas investigan una intoxicación masiva por metanol que ha causado muertes y la caída del consumo de alcohol en el país. Se han reportado varios casos en diferentes estados.,,RPP Noticias,2025-10-07T05:02:32.787Z,cmgg1fs0c0003112g7epw4vrz,Deportes,#F59E0B
cmgg3flg101b6x718s7342xwi,Con caras nuevas: Selección Peruana empezó sus entrenamientos pensando en duelo ante Chile,https://rpp.pe/deportes/futbol/con-caras-nuevas-seleccion-peruana-empezo-sus-entrenamientos-pensando-en-duelo-ante-chile-noticia-123457#1759813352785-vlw3auk7x,"Con la presencia de 20 futbolistas, la Selección Peruana empezó sus entrenamientos en La Videna FPF con miras al partido amistoso ante Chile. Felipe Chávez de Bayern Munich dijo presente.",,RPP Noticias,2025-10-07T05:02:32.785Z,cmgg1fs0c0003112g7epw4vrz,Deportes,#F59E0B
cmgg3flg001b4x718q28878dc,Dirigentes transportistas acuerdan no continuar con el paro tras reunión con ministros,https://rpp.pe/politica/actualidad/dirigentes-transportistas-acuerdan-no-continuar-con-el-paro-tras-reunion-con-ministros-noticia-123456#1759813352784-gx535xq9l,"Los representantes del sector sostuvieron una reunión con el jefe del Gabinete Ministerial, Eduardo Arana, y otros ministros en la que acordaron, entre otros puntos, la instalación de una mesa de trabajo.",,RPP Noticias,2025-10-07T05:02:32.784Z,cmgg1fs0b0001112g2lb2odtv,Política,#DC2626
cmgg3flfv01b0x718cqzuoi1r,Medio ambiente: Proyecto de conservación en la Amazonía peruana,https://www.radionacional.gob.pe/medio-ambiente/proyecto-de-conservacion-en-la-amazonia-peruana#1759813352779-j5wd9ga49,Se lanza un nuevo proyecto de conservación en la Amazonía peruana que busca proteger la biodiversidad y promover el desarrollo sostenible en las comunidades locales.,,Radio Nacional del Perú,2025-10-07T05:02:32.780Z,cmgg1fs0g000a112g93a1z2i9,Medio Ambiente,#22C55E
cmgg3flfu01ayx718zuf178mw,Educación: Nuevas tecnologías llegan a escuelas rurales,https://www.radionacional.gob.pe/educacion/nuevas-tecnologias-llegan-a-escuelas-rurales#1759813352778-53ck6n4tm,"El Ministerio de Educación implementa programas de tecnología educativa en escuelas rurales, llevando internet y equipos informáticos a comunidades alejadas para mejorar la calidad educativa.",,Radio Nacional del Perú,2025-10-07T05:02:32.779Z,cmgg1fs0f0008112gsse5oyp2,Sociedad,#F97316
cmgg3flft01awx718061c5p8k,Ministerio de Salud reporta avances en campaña de vacunación,https://www.radionacional.gob.pe/salud/ministerio-de-salud-reporta-avances-en-campana-de-vacunacion#1759813352776-q6vehy49n,"El Ministerio de Salud informó sobre los avances en la campaña de vacunación contra diversas enfermedades, alcanzando importantes coberturas en las regiones más vulnerables del país.",,Radio Nacional del Perú,2025-10-07T05:02:32.777Z,cmgg1fs0f0007112gev7odmxo,Salud,#10B981
cmgg3flfq01aux718bvwq08ty,Cultura peruana celebra el Día Internacional de la Lengua Materna,https://www.radionacional.gob.pe/cultura/cultura-peruana-celebra-el-dia-internacional-de-la-lengua-materna#1759813352774-h611v8khn,"Diversas actividades culturales se realizan en todo el país para conmemorar el Día Internacional de la Lengua Materna, destacando la importancia de preservar las lenguas originarias del Perú.",,Radio Nacional del Perú,2025-10-07T05:02:32.775Z,cmgg1fs0b0000112g1dwxzwzw,Actualidad,#3B82F6
cmgg3flfo01asx718clilj2cr,Gobierno anuncia nuevas medidas económicas para reactivar el país,https://www.radionacional.gob.pe/economia/gobierno-anuncia-nuevas-medidas-economicas-para-reactivar-el-pais#1759813352772-mjdedkr7i,"El Ministerio de Economía y Finanzas presentó un paquete de medidas destinadas a impulsar la reactivación económica del país, incluyendo incentivos fiscales y programas de apoyo a las pequeñas empresas.",,Radio Nacional del Perú,2025-10-07T05:02:32.773Z,cmgg1fs0c0002112gtz9dd9xz,Economía,#059669
cmgg3fh1901aox718at5jmfi2,Artículo de gestion.pe,https://gestion.pe//articulo-1#1759813347069-pwhmswjkp,Contenido extraído usando selectores CSS personalizados...,,gestion.pe,2025-10-07T05:02:27.069Z,,Sin categoría,
cmgg3fh1801akx718hnnuj4y6,Artículo de www.infobae.com,https://www.infobae.com/peru//articulo-1#1759813347067-rgarbl07a,Contenido extraído usando selectores CSS personalizados...,,www.infobae.com,2025-10-07T05:02:27.068Z,,Sin categoría,
cmgg3fh1701agx718ht3wz7yi,Artículo de diariocorreo.pe,https://diariocorreo.pe//articulo-1#1759813347066-qjd5vgqc9,Contenido extraído usando selectores CSS personalizados...,,diariocorreo.pe,2025-10-07T05:02:27.067Z,,Sin categoría,
cmgg3fh1501acx718yybrsoj9,Artículo de peru21.pe,https://peru21.pe//articulo-1#1759813347065-0jzwmw2bi,Contenido extraído usando selectores CSS personalizados...,,peru21.pe,2025-10-07T05:02:27.066Z,,Sin categoría,
cmgg3fh1401a8x718ovdwbygz,Artículo de larepublica.pe,https://larepublica.pe//articulo-1#1759813347064-b1qgyh5iq,Contenido extraído usando selectores CSS personalizados...,,larepublica.pe,2025-10-07T05:02:27.065Z,,Sin categoría,
cmgg3fh1301a4x7187gd5tbfd,Artículo de elcomercio.pe,https://elcomercio.pe//articulo-1#1759813347063-ao6uhgpby,Contenido extraído usando selectores CSS personalizados...,,elcomercio.pe,2025-10-07T05:02:27.063Z,,Sin categoría,
cmgg3fh1201a0x718tbd8rfbc,Artículo de www.youtube.com,https://www.youtube.com/channel/UCkZCoc42IipR1ucqJmIehsA/articulo-1#1759813347062-wj864tuhm,Contenido extraído usando selectores CSS personalizados...,,www.youtube.com,2025-10-07T05:02:27.062Z,,Sin categoría,
cmgg3fh11019wx718r7rlyhhu,Artículo de radios.com.pe,https://radios.com.pe/exitosa-lima//articulo-1#1759813347061-5qzxk09m6,Contenido extraído usando selectores CSS personalizados...,,radios.com.pe,2025-10-07T05:02:27.061Z,,Sin categoría,
cmgg3fh10019sx7181k66idzl,Artículo de streema.com,https://streema.com/radios/Radio_Noticias_Peru/articulo-1#1759813347060-ce6q56hw8,Contenido extraído usando selectores CSS personalizados...,,streema.com,2025-10-07T05:02:27.060Z,,Sin categoría,
cmgg3fh0y019ox718nwsz40b5,Artículo de radiouno.pe,https://radiouno.pe//articulo-1#1759813347058-lbggfbs4f,Contenido extraído usando selectores CSS personalizados...,,radiouno.pe,2025-10-07T05:02:27.059Z,,Sin categoría,
cmgg3fh0x019kx718e5wnhtfg,Artículo de canaln.pe,https://canaln.pe//articulo-1#1759813347057-hj1huxa5a,Contenido extraído usando selectores CSS personalizados...,,canaln.pe,2025-10-07T05:02:27.058Z,,Sin categoría,
cmgg3fh0w019gx7187ov3sqer,Artículo de www.exitosanoticias.pe,https://www.exitosanoticias.pe//articulo-1#1759813347056-cpi7ka1uh,Contenido extraído usando selectores CSS personalizados...,,www.exitosanoticias.pe,2025-10-07T05:02:27.056Z,,Sin categoría,
cmgg3fh0u019cx71845p3q6km,"Miguel Ángel Russo, entrenador de Boca Juniors, en grave estado de salud",https://rpp.pe/deportes/futbol/miguel-angel-russo-entrenador-de-boca-juniors-en-grave-estado-de-salud-noticia-123460#1759813347054-sm44ye2sz,"El entrenador de Boca Juniors, Miguel Ángel Russo, se encuentra en grave estado de salud y fue internado en un centro médico. El club emitió un comunicado informando sobre su situación.",,RPP Noticias,2025-10-07T05:02:27.055Z,cmgg1fs0f0007112gev7odmxo,Salud,#10B981
cmgg3fh0t019ax718vau4qyvj,Crisis sanitaria en Brasil: lo que se sabe de la intoxicación masiva por metanol,https://rpp.pe/mundo/latinoamerica/crisis-sanitaria-en-brasil-lo-que-se-sabe-de-la-intoxicacion-masiva-por-metanol-noticia-123459#1759813347053-i4dm1wh7e,Las autoridades brasileñas investigan una intoxicación masiva por metanol que ha causado muertes y la caída del consumo de alcohol en el país. Se han reportado varios casos en diferentes estados.,,RPP Noticias,2025-10-07T05:02:27.054Z,cmgg1fs0c0003112g7epw4vrz,Deportes,#F59E0B
cmgg3fh0s0198x7182cx0fgbx,Corpac reconoce que hubo 'breve interrupción' en el funcionamiento del sistema de control radar,https://rpp.pe/lima/actualidad/corpac-reconoce-que-hubo-breve-interrupcion-en-el-funcionamiento-del-sistema-de-control-radar-noticia-123458#1759813347052-9dlj3mqjk,La Corporación Peruana de Aeropuertos y Aviación Comercial (Corpac) reconoció que hubo una breve interrupción en el funcionamiento del sistema de control radar en el aeropuerto Jorge Chávez.,,RPP Noticias,2025-10-07T05:02:27.053Z,,Sin categoría,
cmgg3fh0s0196x718t8tko5ye,Con caras nuevas: Selección Peruana empezó sus entrenamientos pensando en duelo ante Chile,https://rpp.pe/deportes/futbol/con-caras-nuevas-seleccion-peruana-empezo-sus-entrenamientos-pensando-en-duelo-ante-chile-noticia-123457#1759813347051-iwfyprpz3,"Con la presencia de 20 futbolistas, la Selección Peruana empezó sus entrenamientos en La Videna FPF con miras al partido amistoso ante Chile. Felipe Chávez de Bayern Munich dijo presente.",,RPP Noticias,2025-10-07T05:02:27.052Z,cmgg1fs0c0003112g7epw4vrz,Deportes,#F59E0B
cmgg3fh0r0194x7187wef1pxd,Dirigentes transportistas acuerdan no continuar con el paro tras reunión con ministros,https://rpp.pe/politica/actualidad/dirigentes-transportistas-acuerdan-no-continuar-con-el-paro-tras-reunion-con-ministros-noticia-123456#1759813347051-uolrq82xn,"Los representantes del sector sostuvieron una reunión con el jefe del Gabinete Ministerial, Eduardo Arana, y otros ministros en la que acordaron, entre otros puntos, la instalación de una mesa de trabajo.",,RPP Noticias,2025-10-07T05:02:27.051Z,cmgg1fs0b0001112g2lb2odtv,Política,#DC2626
cmgg3fh0m0190x718edvwlu8w,Medio ambiente: Proyecto de conservación en la Amazonía peruana,https://www.radionacional.gob.pe/medio-ambiente/proyecto-de-conservacion-en-la-amazonia-peruana#1759813347046-5ywfe38v8,Se lanza un nuevo proyecto de conservación en la Amazonía peruana que busca proteger la biodiversidad y promover el desarrollo sostenible en las comunidades locales.,,Radio Nacional del Perú,2025-10-07T05:02:27.047Z,cmgg1fs0g000a112g93a1z2i9,Medio Ambiente,#22C55E
cmgg3fh0l018yx718p85fr421,Educación: Nuevas tecnologías llegan a escuelas rurales,https://www.radionacional.gob.pe/educacion/nuevas-tecnologias-llegan-a-escuelas-rurales#1759813347045-jk47vr9ft,"El Ministerio de Educación implementa programas de tecnología educativa en escuelas rurales, llevando internet y equipos informáticos a comunidades alejadas para mejorar la calidad educativa.",,Radio Nacional del Perú,2025-10-07T05:02:27.046Z,cmgg1fs0f0008112gsse5oyp2,Sociedad,#F97316
cmgg3fh0k018wx718q0j51iv5,Ministerio de Salud reporta avances en campaña de vacunación,https://www.radionacional.gob.pe/salud/ministerio-de-salud-reporta-avances-en-campana-de-vacunacion#1759813347044-y980byxwi,"El Ministerio de Salud informó sobre los avances en la campaña de vacunación contra diversas enfermedades, alcanzando importantes coberturas en las regiones más vulnerables del país.",,Radio Nacional del Perú,2025-10-07T05:02:27.044Z,cmgg1fs0f0007112gev7odmxo,Salud,#10B981
cmgg3fh0j018ux718tuutzf2q,Cultura peruana celebra el Día Internacional de la Lengua Materna,https://www.radionacional.gob.pe/cultura/cultura-peruana-celebra-el-dia-internacional-de-la-lengua-materna#1759813347042-8o1mz6r07,"Diversas actividades culturales se realizan en todo el país para conmemorar el Día Internacional de la Lengua Materna, destacando la importancia de preservar las lenguas originarias del Perú.",,Radio Nacional del Perú,2025-10-07T05:02:27.043Z,cmgg1fs0b0000112g1dwxzwzw,Actualidad,#3B82F6
cmgg3fh0g018sx7180haqo5c5,Gobierno anuncia nuevas medidas económicas para reactivar el país,https://www.radionacional.gob.pe/economia/gobierno-anuncia-nuevas-medidas-economicas-para-reactivar-el-pais#1759813347040-pgtl62e3q,"El Ministerio de Economía y Finanzas presentó un paquete de medidas destinadas a impulsar la reactivación económica del país, incluyendo incentivos fiscales y programas de apoyo a las pequeñas empresas.",,Radio Nacional del Perú,2025-10-07T05:02:27.040Z,cmgg1fs0c0002112gtz9dd9xz,Economía,#059669
cmgg3f9q0018ox7184kqytcbz,Artículo de gestion.pe,https://gestion.pe//articulo-1#1759813337592-shy0ln1hc,Contenido extraído usando selectores CSS personalizados...,,gestion.pe,2025-10-07T05:02:17.592Z,,Sin categoría,
cmgg3f9pz018kx7184wu54p83,Artículo de www.infobae.com,https://www.infobae.com/peru//articulo-1#1759813337590-dnpxcb2t7,Contenido extraído usando selectores CSS personalizados...,,www.infobae.com,2025-10-07T05:02:17.591Z,,Sin categoría,
cmgg3f9px018gx718l5y8zkb3,Artículo de diariocorreo.pe,https://diariocorreo.pe//articulo-1#1759813337589-350npwwyu,Contenido extraído usando selectores CSS personalizados...,,diariocorreo.pe,2025-10-07T05:02:17.590Z,,Sin categoría,
cmgg3f9pw018cx718kmlj72st,Artículo de peru21.pe,https://peru21.pe//articulo-1#1759813337588-kb408m2bv,Contenido extraído usando selectores CSS personalizados...,,peru21.pe,2025-10-07T05:02:17.588Z,,Sin categoría,
cmgg3f9pv0188x718d040ke9z,Artículo de larepublica.pe,https://larepublica.pe//articulo-1#1759813337587-2dzdopzlx,Contenido extraído usando selectores CSS personalizados...,,larepublica.pe,2025-10-07T05:02:17.587Z,,Sin categoría,
cmgg3f9pt0184x7189wrfsypc,Artículo de elcomercio.pe,https://elcomercio.pe//articulo-1#1759813337585-9h9fjm2ey,Contenido extraído usando selectores CSS personalizados...,,elcomercio.pe,2025-10-07T05:02:17.586Z,,Sin categoría,
cmgg3f9ps0180x7183xgts7s0,Artículo de www.youtube.com,https://www.youtube.com/channel/UCkZCoc42IipR1ucqJmIehsA/articulo-1#1759813337584-cbzzmx9di,Contenido extraído usando selectores CSS personalizados...,,www.youtube.com,2025-10-07T05:02:17.585Z,,Sin categoría,
cmgg3f9pr017wx718m32n8w7x,Artículo de radios.com.pe,https://radios.com.pe/exitosa-lima//articulo-1#1759813337583-ltlyuclxg,Contenido extraído usando selectores CSS personalizados...,,radios.com.pe,2025-10-07T05:02:17.584Z,,Sin categoría,
cmgg3f9pq017sx718jt3ccvv3,Artículo de streema.com,https://streema.com/radios/Radio_Noticias_Peru/articulo-1#1759813337582-wzb7n68ks,Contenido extraído usando selectores CSS personalizados...,,streema.com,2025-10-07T05:02:17.582Z,,Sin categoría,
cmgg3f9po017ox718j888nh5g,Artículo de radiouno.pe,https://radiouno.pe//articulo-1#1759813337580-1a3dj2pm8,Contenido extraído usando selectores CSS personalizados...,,radiouno.pe,2025-10-07T05:02:17.581Z,,Sin categoría,
cmgg3f9pn017kx718frnieycj,Artículo de canaln.pe,https://canaln.pe//articulo-1#1759813337579-gloxyomuc,Contenido extraído usando selectores CSS personalizados...,,canaln.pe,2025-10-07T05:02:17.580Z,,Sin categoría,
cmgg3f9pm017gx718f4lk7jcr,Artículo de www.exitosanoticias.pe,https://www.exitosanoticias.pe//articulo-1#1759813337578-qbwoc088n,Contenido extraído usando selectores CSS personalizados...,,www.exitosanoticias.pe,2025-10-07T05:02:17.578Z,,Sin categoría,
cmgg3f9pk017cx718aev7w1q4,"Miguel Ángel Russo, entrenador de Boca Juniors, en grave estado de salud",https://rpp.pe/deportes/futbol/miguel-angel-russo-entrenador-de-boca-juniors-en-grave-estado-de-salud-noticia-123460#1759813337576-p7uosjzso,"El entrenador de Boca Juniors, Miguel Ángel Russo, se encuentra en grave estado de salud y fue internado en un centro médico. El club emitió un comunicado informando sobre su situación.",,RPP Noticias,2025-10-07T05:02:17.577Z,cmgg1fs0f0007112gev7odmxo,Salud,#10B981
cmgg3f9pj017ax718t4m8616i,Crisis sanitaria en Brasil: lo que se sabe de la intoxicación masiva por metanol,https://rpp.pe/mundo/latinoamerica/crisis-sanitaria-en-brasil-lo-que-se-sabe-de-la-intoxicacion-masiva-por-metanol-noticia-123459#1759813337575-pths3zjb2,Las autoridades brasileñas investigan una intoxicación masiva por metanol que ha causado muertes y la caída del consumo de alcohol en el país. Se han reportado varios casos en diferentes estados.,,RPP Noticias,2025-10-07T05:02:17.576Z,cmgg1fs0c0003112g7epw4vrz,Deportes,#F59E0B
cmgg3f9pj0178x718belyyb7v,Corpac reconoce que hubo 'breve interrupción' en el funcionamiento del sistema de control radar,https://rpp.pe/lima/actualidad/corpac-reconoce-que-hubo-breve-interrupcion-en-el-funcionamiento-del-sistema-de-control-radar-noticia-123458#1759813337574-s962e0x3r,La Corporación Peruana de Aeropuertos y Aviación Comercial (Corpac) reconoció que hubo una breve interrupción en el funcionamiento del sistema de control radar en el aeropuerto Jorge Chávez.,,RPP Noticias,2025-10-07T05:02:17.575Z,,Sin categoría,
cmgg3f9pi0176x7188pff1a1i,Con caras nuevas: Selección Peruana empezó sus entrenamientos pensando en duelo ante Chile,https://rpp.pe/deportes/futbol/con-caras-nuevas-seleccion-peruana-empezo-sus-entrenamientos-pensando-en-duelo-ante-chile-noticia-123457#1759813337574-a6b2u5cri,"Con la presencia de 20 futbolistas, la Selección Peruana empezó sus entrenamientos en La Videna FPF con miras al partido amistoso ante Chile. Felipe Chávez de Bayern Munich dijo presente.",,RPP Noticias,2025-10-07T05:02:17.574Z,cmgg1fs0c0003112g7epw4vrz,Deportes,#F59E0B
cmgg3f9ph0174x7186vfy6tg5,Dirigentes transportistas acuerdan no continuar con el paro tras reunión con ministros,https://rpp.pe/politica/actualidad/dirigentes-transportistas-acuerdan-no-continuar-con-el-paro-tras-reunion-con-ministros-noticia-123456#1759813337573-bqdu1jxn8,"Los representantes del sector sostuvieron una reunión con el jefe del Gabinete Ministerial, Eduardo Arana, y otros ministros en la que acordaron, entre otros puntos, la instalación de una mesa de trabajo.",,RPP Noticias,2025-10-07T05:02:17.573Z,cmgg1fs0b0001112g2lb2odtv,Política,#DC2626
cmgg3f9pc0170x718sdchwh7n,Medio ambiente: Proyecto de conservación en la Amazonía peruana,https://www.radionacional.gob.pe/medio-ambiente/proyecto-de-conservacion-en-la-amazonia-peruana#1759813337568-vuzdcidds,Se lanza un nuevo proyecto de conservación en la Amazonía peruana que busca proteger la biodiversidad y promover el desarrollo sostenible en las comunidades locales.,,Radio Nacional del Perú,2025-10-07T05:02:17.569Z,cmgg1fs0g000a112g93a1z2i9,Medio Ambiente,#22C55E
cmgg3f9pb016yx718krywslz1,Educación: Nuevas tecnologías llegan a escuelas rurales,https://www.radionacional.gob.pe/educacion/nuevas-tecnologias-llegan-a-escuelas-rurales#1759813337567-lih96ebyx,"El Ministerio de Educación implementa programas de tecnología educativa en escuelas rurales, llevando internet y equipos informáticos a comunidades alejadas para mejorar la calidad educativa.",,Radio Nacional del Perú,2025-10-07T05:02:17.568Z,cmgg1fs0f0008112gsse5oyp2,Sociedad,#F97316
cmgg3f9pa016wx718bsyvci00,Ministerio de Salud reporta avances en campaña de vacunación,https://www.radionacional.gob.pe/salud/ministerio-de-salud-reporta-avances-en-campana-de-vacunacion#1759813337566-miyx92luc,"El Ministerio de Salud informó sobre los avances en la campaña de vacunación contra diversas enfermedades, alcanzando importantes coberturas en las regiones más vulnerables del país.",,Radio Nacional del Perú,2025-10-07T05:02:17.567Z,cmgg1fs0f0007112gev7odmxo,Salud,#10B981
cmgg3f9p9016ux7180xl49b3b,Cultura peruana celebra el Día Internacional de la Lengua Materna,https://www.radionacional.gob.pe/cultura/cultura-peruana-celebra-el-dia-internacional-de-la-lengua-materna#1759813337565-a44c9kicy,"Diversas actividades culturales se realizan en todo el país para conmemorar el Día Internacional de la Lengua Materna, destacando la importancia de preservar las lenguas originarias del Perú.",,Radio Nacional del Perú,2025-10-07T05:02:17.565Z,cmgg1fs0b0000112g1dwxzwzw,Actualidad,#3B82F6
cmgg3f9p7016sx718xhf4mj3s,Gobierno anuncia nuevas medidas económicas para reactivar el país,https://www.radionacional.gob.pe/economia/gobierno-anuncia-nuevas-medidas-economicas-para-reactivar-el-pais#1759813337562-sql9xr3a6,"El Ministerio de Economía y Finanzas presentó un paquete de medidas destinadas a impulsar la reactivación económica del país, incluyendo incentivos fiscales y programas de apoyo a las pequeñas empresas.",,Radio Nacional del Perú,2025-10-07T05:02:17.563Z,cmgg1fs0c0002112gtz9dd9xz,Economía,#059669
cmgg3dkqi016nx718e8ncucc9,Artículo de www.infobae.com,https://www.infobae.com/peru//articulo-1#1759813258554-kh55ryzs8,Contenido extraído usando selectores CSS personalizados...,,www.infobae.com,2025-10-07T05:00:58.555Z,,Sin categoría,
cmgg3dkqh016jx718h1hiaxhh,Artículo de diariocorreo.pe,https://diariocorreo.pe//articulo-1#1759813258553-edv8tq49w,Contenido extraído usando selectores CSS personalizados...,,diariocorreo.pe,2025-10-07T05:00:58.554Z,,Sin categoría,
cmgg3dkqg016fx718ptkw3k8e,Artículo de peru21.pe,https://peru21.pe//articulo-1#1759813258552-nugel3vse,Contenido extraído usando selectores CSS personalizados...,,peru21.pe,2025-10-07T05:00:58.553Z,,Sin categoría,
cmgg3dkqf016bx718rlmrqjvl,Artículo de larepublica.pe,https://larepublica.pe//articulo-1#1759813258551-yxxosm8xy,Contenido extraído usando selectores CSS personalizados...,,larepublica.pe,2025-10-07T05:00:58.552Z,,Sin categoría,
cmgg3dkqe0167x7185g0jeo0y,Artículo de elcomercio.pe,https://elcomercio.pe//articulo-1#1759813258550-lgq3oczri,Contenido extraído usando selectores CSS personalizados...,,elcomercio.pe,2025-10-07T05:00:58.550Z,,Sin categoría,
cmgg3dkqd0163x718ouuc7p3d,Artículo de www.youtube.com,https://www.youtube.com/channel/UCkZCoc42IipR1ucqJmIehsA/articulo-1#1759813258549-asom5i9qg,Contenido extraído usando selectores CSS personalizados...,,www.youtube.com,2025-10-07T05:00:58.549Z,,Sin categoría,
cmgg3dkqc015zx718al4awtqn,Artículo de radios.com.pe,https://radios.com.pe/exitosa-lima//articulo-1#1759813258548-0mghqxhif,Contenido extraído usando selectores CSS personalizados...,,radios.com.pe,2025-10-07T05:00:58.548Z,,Sin categoría,
cmgg3dkqa015vx7187wey9za7,Artículo de streema.com,https://streema.com/radios/Radio_Noticias_Peru/articulo-1#1759813258546-ak9btqaut,Contenido extraído usando selectores CSS personalizados...,,streema.com,2025-10-07T05:00:58.547Z,,Sin categoría,
cmgg3dkq9015rx7181542qeah,Artículo de radiouno.pe,https://radiouno.pe//articulo-1#1759813258545-u0s73upnm,Contenido extraído usando selectores CSS personalizados...,,radiouno.pe,2025-10-07T05:00:58.546Z,,Sin categoría,
cmgg3dkq7015nx7187lmhndfj,Artículo de canaln.pe,https://canaln.pe//articulo-1#1759813258543-fglra7zqj,Contenido extraído usando selectores CSS personalizados...,,canaln.pe,2025-10-07T05:00:58.544Z,,Sin categoría,
cmgg3dkq6015jx718vk4khfmb,Artículo de www.exitosanoticias.pe,https://www.exitosanoticias.pe//articulo-1#1759813258542-rdc1nx73g,Contenido extraído usando selectores CSS personalizados...,,www.exitosanoticias.pe,2025-10-07T05:00:58.542Z,,Sin categoría,
cmgg3dkq4015fx718ibrwqs4m,"Miguel Ángel Russo, entrenador de Boca Juniors, en grave estado de salud",https://rpp.pe/deportes/futbol/miguel-angel-russo-entrenador-de-boca-juniors-en-grave-estado-de-salud-noticia-123460#1759813258540-shl2w3wvt,"El entrenador de Boca Juniors, Miguel Ángel Russo, se encuentra en grave estado de salud y fue internado en un centro médico. El club emitió un comunicado informando sobre su situación.",,RPP Noticias,2025-10-07T05:00:58.541Z,cmgg1fs0f0007112gev7odmxo,Salud,#10B981
cmgg3dkq3015dx718slhvu8u9,Crisis sanitaria en Brasil: lo que se sabe de la intoxicación masiva por metanol,https://rpp.pe/mundo/latinoamerica/crisis-sanitaria-en-brasil-lo-que-se-sabe-de-la-intoxicacion-masiva-por-metanol-noticia-123459#1759813258539-u09zfjgyu,Las autoridades brasileñas investigan una intoxicación masiva por metanol que ha causado muertes y la caída del consumo de alcohol en el país. Se han reportado varios casos en diferentes estados.,,RPP Noticias,2025-10-07T05:00:58.540Z,cmgg1fs0c0003112g7epw4vrz,Deportes,#F59E0B
cmgg3dkq2015bx7189thz54vq,Corpac reconoce que hubo 'breve interrupción' en el funcionamiento del sistema de control radar,https://rpp.pe/lima/actualidad/corpac-reconoce-que-hubo-breve-interrupcion-en-el-funcionamiento-del-sistema-de-control-radar-noticia-123458#1759813258538-swrfj8jdc,La Corporación Peruana de Aeropuertos y Aviación Comercial (Corpac) reconoció que hubo una breve interrupción en el funcionamiento del sistema de control radar en el aeropuerto Jorge Chávez.,,RPP Noticias,2025-10-07T05:00:58.539Z,,Sin categoría,
cmgg3dkq20159x718jgwrprk3,Con caras nuevas: Selección Peruana empezó sus entrenamientos pensando en duelo ante Chile,https://rpp.pe/deportes/futbol/con-caras-nuevas-seleccion-peruana-empezo-sus-entrenamientos-pensando-en-duelo-ante-chile-noticia-123457#1759813258538-twiinlxhy,"Con la presencia de 20 futbolistas, la Selección Peruana empezó sus entrenamientos en La Videna FPF con miras al partido amistoso ante Chile. Felipe Chávez de Bayern Munich dijo presente.",,RPP Noticias,2025-10-07T05:00:58.538Z,cmgg1fs0c0003112g7epw4vrz,Deportes,#F59E0B
cmgg3dkq10157x7186zpb1aku,Dirigentes transportistas acuerdan no continuar con el paro tras reunión con ministros,https://rpp.pe/politica/actualidad/dirigentes-transportistas-acuerdan-no-continuar-con-el-paro-tras-reunion-con-ministros-noticia-123456#1759813258537-0lmyct0nq,"Los representantes del sector sostuvieron una reunión con el jefe del Gabinete Ministerial, Eduardo Arana, y otros ministros en la que acordaron, entre otros puntos, la instalación de una mesa de trabajo.",,RPP Noticias,2025-10-07T05:00:58.537Z,cmgg1fs0b0001112g2lb2odtv,Política,#DC2626
cmgg3dkpw0153x7184nz32vpt,Medio ambiente: Proyecto de conservación en la Amazonía peruana,https://www.radionacional.gob.pe/medio-ambiente/proyecto-de-conservacion-en-la-amazonia-peruana#1759813258532-qcdn05f55,Se lanza un nuevo proyecto de conservación en la Amazonía peruana que busca proteger la biodiversidad y promover el desarrollo sostenible en las comunidades locales.,,Radio Nacional del Perú,2025-10-07T05:00:58.533Z,cmgg1fs0g000a112g93a1z2i9,Medio Ambiente,#22C55E
cmgg3dkpv0151x718cr1yhhfw,Educación: Nuevas tecnologías llegan a escuelas rurales,https://www.radionacional.gob.pe/educacion/nuevas-tecnologias-llegan-a-escuelas-rurales#1759813258531-3xs295l7f,"El Ministerio de Educación implementa programas de tecnología educativa en escuelas rurales, llevando internet y equipos informáticos a comunidades alejadas para mejorar la calidad educativa.",,Radio Nacional del Perú,2025-10-07T05:00:58.532Z,cmgg1fs0f0008112gsse5oyp2,Sociedad,#F97316
cmgg3dkpu014zx718ymd2li4q,Ministerio de Salud reporta avances en campaña de vacunación,https://www.radionacional.gob.pe/salud/ministerio-de-salud-reporta-avances-en-campana-de-vacunacion#1759813258530-27333md2j,"El Ministerio de Salud informó sobre los avances en la campaña de vacunación contra diversas enfermedades, alcanzando importantes coberturas en las regiones más vulnerables del país.",,Radio Nacional del Perú,2025-10-07T05:00:58.531Z,cmgg1fs0f0007112gev7odmxo,Salud,#10B981
cmgg3dkpt014xx718tnk3bmpc,Cultura peruana celebra el Día Internacional de la Lengua Materna,https://www.radionacional.gob.pe/cultura/cultura-peruana-celebra-el-dia-internacional-de-la-lengua-materna#1759813258528-4712u5n25,"Diversas actividades culturales se realizan en todo el país para conmemorar el Día Internacional de la Lengua Materna, destacando la importancia de preservar las lenguas originarias del Perú.",,Radio Nacional del Perú,2025-10-07T05:00:58.529Z,cmgg1fs0b0000112g1dwxzwzw,Actualidad,#3B82F6
cmgg3dkpq014vx7188vimrrsr,Gobierno anuncia nuevas medidas económicas para reactivar el país,https://www.radionacional.gob.pe/economia/gobierno-anuncia-nuevas-medidas-economicas-para-reactivar-el-pais#1759813258525-f7jl77zv9,"El Ministerio de Economía y Finanzas presentó un paquete de medidas destinadas a impulsar la reactivación económica del país, incluyendo incentivos fiscales y programas de apoyo a las pequeñas empresas.",,Radio Nacional del Perú,2025-10-07T05:00:58.526Z,cmgg1fs0c0002112gtz9dd9xz,Economía,#059669
cmgg3cq3d014qx7181mkfh514,Artículo de diariocorreo.pe,https://diariocorreo.pe//articulo-1#1759813218841-6a8pmvsl2,Contenido extraído usando selectores CSS personalizados...,,diariocorreo.pe,2025-10-07T05:00:18.842Z,,Sin categoría,
cmgg3cq3c014mx7182xsn1wx8,Artículo de peru21.pe,https://peru21.pe//articulo-1#1759813218840-g37zwpstn,Contenido extraído usando selectores CSS personalizados...,,peru21.pe,2025-10-07T05:00:18.840Z,,Sin categoría,
cmgg3cq3b014ix718n19eal1t,Artículo de larepublica.pe,https://larepublica.pe//articulo-1#1759813218838-ypitsbd2h,Contenido extraído usando selectores CSS personalizados...,,larepublica.pe,2025-10-07T05:00:18.839Z,,Sin categoría,
cmgg3cq39014ex718x2mxguv8,Artículo de elcomercio.pe,https://elcomercio.pe//articulo-1#1759813218837-pa901p8t1,Contenido extraído usando selectores CSS personalizados...,,elcomercio.pe,2025-10-07T05:00:18.838Z,,Sin categoría,
cmgg3cq38014ax718r02jwu8x,Artículo de www.youtube.com,https://www.youtube.com/channel/UCkZCoc42IipR1ucqJmIehsA/articulo-1#1759813218836-uhe9gvpwd,Contenido extraído usando selectores CSS personalizados...,,www.youtube.com,2025-10-07T05:00:18.837Z,,Sin categoría,
cmgg3cq370146x718xe21wug0,Artículo de radios.com.pe,https://radios.com.pe/exitosa-lima//articulo-1#1759813218835-vk14ir76z,Contenido extraído usando selectores CSS personalizados...,,radios.com.pe,2025-10-07T05:00:18.835Z,,Sin categoría,
cmgg3cq360142x718xlw5s3ny,Artículo de streema.com,https://streema.com/radios/Radio_Noticias_Peru/articulo-1#1759813218834-wg6jwppkx,Contenido extraído usando selectores CSS personalizados...,,streema.com,2025-10-07T05:00:18.834Z,,Sin categoría,
cmgg3cq34013yx7189jgxape5,Artículo de radiouno.pe,https://radiouno.pe//articulo-1#1759813218832-rp0nyn91c,Contenido extraído usando selectores CSS personalizados...,,radiouno.pe,2025-10-07T05:00:18.833Z,,Sin categoría,
cmgg3cq33013ux718sicyh0vt,Artículo de canaln.pe,https://canaln.pe//articulo-1#1759813218831-lo76bhogl,Contenido extraído usando selectores CSS personalizados...,,canaln.pe,2025-10-07T05:00:18.831Z,,Sin categoría,
cmgg3cq31013qx718v0ycz1o6,Artículo de www.exitosanoticias.pe,https://www.exitosanoticias.pe//articulo-1#1759813218829-o2auxyt6g,Contenido extraído usando selectores CSS personalizados...,,www.exitosanoticias.pe,2025-10-07T05:00:18.830Z,,Sin categoría,
cmgg3cq30013mx718gunkegzh,"Miguel Ángel Russo, entrenador de Boca Juniors, en grave estado de salud",https://rpp.pe/deportes/futbol/miguel-angel-russo-entrenador-de-boca-juniors-en-grave-estado-de-salud-noticia-123460#1759813218828-la538i6kj,"El entrenador de Boca Juniors, Miguel Ángel Russo, se encuentra en grave estado de salud y fue internado en un centro médico. El club emitió un comunicado informando sobre su situación.",,RPP Noticias,2025-10-07T05:00:18.828Z,cmgg1fs0f0007112gev7odmxo,Salud,#10B981
cmgg3cq2z013kx718iwatp4om,Crisis sanitaria en Brasil: lo que se sabe de la intoxicación masiva por metanol,https://rpp.pe/mundo/latinoamerica/crisis-sanitaria-en-brasil-lo-que-se-sabe-de-la-intoxicacion-masiva-por-metanol-noticia-123459#1759813218827-5dm6d147g,Las autoridades brasileñas investigan una intoxicación masiva por metanol que ha causado muertes y la caída del consumo de alcohol en el país. Se han reportado varios casos en diferentes estados.,,RPP Noticias,2025-10-07T05:00:18.827Z,cmgg1fs0c0003112g7epw4vrz,Deportes,#F59E0B
cmgg3cq2x013gx718kyey3gsr,Con caras nuevas: Selección Peruana empezó sus entrenamientos pensando en duelo ante Chile,https://rpp.pe/deportes/futbol/con-caras-nuevas-seleccion-peruana-empezo-sus-entrenamientos-pensando-en-duelo-ante-chile-noticia-123457#1759813218825-kaz3juze2,"Con la presencia de 20 futbolistas, la Selección Peruana empezó sus entrenamientos en La Videna FPF con miras al partido amistoso ante Chile. Felipe Chávez de Bayern Munich dijo presente.",,RPP Noticias,2025-10-07T05:00:18.826Z,cmgg1fs0c0003112g7epw4vrz,Deportes,#F59E0B
cmgg3cq2y013ix718wf0z7uje,Corpac reconoce que hubo 'breve interrupción' en el funcionamiento del sistema de control radar,https://rpp.pe/lima/actualidad/corpac-reconoce-que-hubo-breve-interrupcion-en-el-funcionamiento-del-sistema-de-control-radar-noticia-123458#1759813218826-1jq298qw2,La Corporación Peruana de Aeropuertos y Aviación Comercial (Corpac) reconoció que hubo una breve interrupción en el funcionamiento del sistema de control radar en el aeropuerto Jorge Chávez.,,RPP Noticias,2025-10-07T05:00:18.826Z,,Sin categoría,
cmgg3cq2w013ex7185se1wjom,Dirigentes transportistas acuerdan no continuar con el paro tras reunión con ministros,https://rpp.pe/politica/actualidad/dirigentes-transportistas-acuerdan-no-continuar-con-el-paro-tras-reunion-con-ministros-noticia-123456#1759813218824-md3nqm0gj,"Los representantes del sector sostuvieron una reunión con el jefe del Gabinete Ministerial, Eduardo Arana, y otros ministros en la que acordaron, entre otros puntos, la instalación de una mesa de trabajo.",,RPP Noticias,2025-10-07T05:00:18.825Z,cmgg1fs0b0001112g2lb2odtv,Política,#DC2626
cmgg3cq2r013ax718cez24zrr,Medio ambiente: Proyecto de conservación en la Amazonía peruana,https://www.radionacional.gob.pe/medio-ambiente/proyecto-de-conservacion-en-la-amazonia-peruana#1759813218819-d5p7mwe2u,Se lanza un nuevo proyecto de conservación en la Amazonía peruana que busca proteger la biodiversidad y promover el desarrollo sostenible en las comunidades locales.,,Radio Nacional del Perú,2025-10-07T05:00:18.820Z,cmgg1fs0g000a112g93a1z2i9,Medio Ambiente,#22C55E
cmgg3cq2q0138x7183xiiudu3,Educación: Nuevas tecnologías llegan a escuelas rurales,https://www.radionacional.gob.pe/educacion/nuevas-tecnologias-llegan-a-escuelas-rurales#1759813218818-qnr00plh9,"El Ministerio de Educación implementa programas de tecnología educativa en escuelas rurales, llevando internet y equipos informáticos a comunidades alejadas para mejorar la calidad educativa.",,Radio Nacional del Perú,2025-10-07T05:00:18.819Z,cmgg1fs0f0008112gsse5oyp2,Sociedad,#F97316
cmgg3cq2p0136x718fs7actu7,Ministerio de Salud reporta avances en campaña de vacunación,https://www.radionacional.gob.pe/salud/ministerio-de-salud-reporta-avances-en-campana-de-vacunacion#1759813218817-y6hstjeds,"El Ministerio de Salud informó sobre los avances en la campaña de vacunación contra diversas enfermedades, alcanzando importantes coberturas en las regiones más vulnerables del país.",,Radio Nacional del Perú,2025-10-07T05:00:18.817Z,cmgg1fs0f0007112gev7odmxo,Salud,#10B981
cmgg3cq2n0134x718n8tvojbg,Cultura peruana celebra el Día Internacional de la Lengua Materna,https://www.radionacional.gob.pe/cultura/cultura-peruana-celebra-el-dia-internacional-de-la-lengua-materna#1759813218815-xpns0jlrg,"Diversas actividades culturales se realizan en todo el país para conmemorar el Día Internacional de la Lengua Materna, destacando la importancia de preservar las lenguas originarias del Perú.",,Radio Nacional del Perú,2025-10-07T05:00:18.816Z,cmgg1fs0b0000112g1dwxzwzw,Actualidad,#3B82F6
cmgg3cq2k0132x718qu8nd7dr,Gobierno anuncia nuevas medidas económicas para reactivar el país,https://www.radionacional.gob.pe/economia/gobierno-anuncia-nuevas-medidas-economicas-para-reactivar-el-pais#1759813218811-s0qqy8nkr,"El Ministerio de Economía y Finanzas presentó un paquete de medidas destinadas a impulsar la reactivación económica del país, incluyendo incentivos fiscales y programas de apoyo a las pequeñas empresas.",,Radio Nacional del Perú,2025-10-07T05:00:18.812Z,cmgg1fs0c0002112gtz9dd9xz,Economía,#059669
cmgg3ci5s012yx718vz9lkukk,Artículo de diariocorreo.pe,https://diariocorreo.pe//articulo-1#1759813208560-yigrgsb32,Contenido extraído usando selectores CSS personalizados...,,diariocorreo.pe,2025-10-07T05:00:08.561Z,,Sin categoría,
cmgg3ci5r012ux7181dlpbpqp,Artículo de peru21.pe,https://peru21.pe//articulo-1#1759813208559-0oqbf0mp0,Contenido extraído usando selectores CSS personalizados...,,peru21.pe,2025-10-07T05:00:08.559Z,,Sin categoría,
cmgg3ci5q012qx718zeqn5o9a,Artículo de larepublica.pe,https://larepublica.pe//articulo-1#1759813208558-eveu6twhj,Contenido extraído usando selectores CSS personalizados...,,larepublica.pe,2025-10-07T05:00:08.558Z,,Sin categoría,
cmgg3ci5p012mx7189lz6mzqz,Artículo de elcomercio.pe,https://elcomercio.pe//articulo-1#1759813208557-7zdj3hk5n,Contenido extraído usando selectores CSS personalizados...,,elcomercio.pe,2025-10-07T05:00:08.557Z,,Sin categoría,
cmgg3ci5n012ix7185vzqhucc,Artículo de www.youtube.com,https://www.youtube.com/channel/UCkZCoc42IipR1ucqJmIehsA/articulo-1#1759813208555-i5cqt9glv,Contenido extraído usando selectores CSS personalizados...,,www.youtube.com,2025-10-07T05:00:08.556Z,,Sin categoría,
cmgg3ci5m012ex718pk17ny8o,Artículo de radios.com.pe,https://radios.com.pe/exitosa-lima//articulo-1#1759813208554-kgv1lght6,Contenido extraído usando selectores CSS personalizados...,,radios.com.pe,2025-10-07T05:00:08.554Z,,Sin categoría,
cmgg3ci5k012ax7182vud8nd0,Artículo de streema.com,https://streema.com/radios/Radio_Noticias_Peru/articulo-1#1759813208552-zxha9unky,Contenido extraído usando selectores CSS personalizados...,,streema.com,2025-10-07T05:00:08.553Z,,Sin categoría,
cmgg3ci5j0126x718omgp4798,Artículo de radiouno.pe,https://radiouno.pe//articulo-1#1759813208551-wyogo54am,Contenido extraído usando selectores CSS personalizados...,,radiouno.pe,2025-10-07T05:00:08.552Z,,Sin categoría,
cmgg3ci5i0122x718iuacs0ba,Artículo de canaln.pe,https://canaln.pe//articulo-1#1759813208550-v38sh3ur2,Contenido extraído usando selectores CSS personalizados...,,canaln.pe,2025-10-07T05:00:08.550Z,,Sin categoría,
cmgg3ci5g011yx718ydibn893,Artículo de www.exitosanoticias.pe,https://www.exitosanoticias.pe//articulo-1#1759813208548-dnsgk51oq,Contenido extraído usando selectores CSS personalizados...,,www.exitosanoticias.pe,2025-10-07T05:00:08.549Z,,Sin categoría,
cmgg3ci5e011ux71818kupc5q,"Miguel Ángel Russo, entrenador de Boca Juniors, en grave estado de salud",https://rpp.pe/deportes/futbol/miguel-angel-russo-entrenador-de-boca-juniors-en-grave-estado-de-salud-noticia-123460#1759813208546-inxujn5yq,"El entrenador de Boca Juniors, Miguel Ángel Russo, se encuentra en grave estado de salud y fue internado en un centro médico. El club emitió un comunicado informando sobre su situación.",,RPP Noticias,2025-10-07T05:00:08.547Z,cmgg1fs0f0007112gev7odmxo,Salud,#10B981
cmgg3ci5d011qx718rwb68h16,Corpac reconoce que hubo 'breve interrupción' en el funcionamiento del sistema de control radar,https://rpp.pe/lima/actualidad/corpac-reconoce-que-hubo-breve-interrupcion-en-el-funcionamiento-del-sistema-de-control-radar-noticia-123458#1759813208545-ujlw56kkp,La Corporación Peruana de Aeropuertos y Aviación Comercial (Corpac) reconoció que hubo una breve interrupción en el funcionamiento del sistema de control radar en el aeropuerto Jorge Chávez.,,RPP Noticias,2025-10-07T05:00:08.546Z,,Sin categoría,
cmgg3ci5e011sx718zsjb9i2k,Crisis sanitaria en Brasil: lo que se sabe de la intoxicación masiva por metanol,https://rpp.pe/mundo/latinoamerica/crisis-sanitaria-en-brasil-lo-que-se-sabe-de-la-intoxicacion-masiva-por-metanol-noticia-123459#1759813208546-m06kvcarn,Las autoridades brasileñas investigan una intoxicación masiva por metanol que ha causado muertes y la caída del consumo de alcohol en el país. Se han reportado varios casos en diferentes estados.,,RPP Noticias,2025-10-07T05:00:08.546Z,cmgg1fs0c0003112g7epw4vrz,Deportes,#F59E0B
cmgg3ci5c011ox7187rn5fmem,Con caras nuevas: Selección Peruana empezó sus entrenamientos pensando en duelo ante Chile,https://rpp.pe/deportes/futbol/con-caras-nuevas-seleccion-peruana-empezo-sus-entrenamientos-pensando-en-duelo-ante-chile-noticia-123457#1759813208544-ud6htr0ws,"Con la presencia de 20 futbolistas, la Selección Peruana empezó sus entrenamientos en La Videna FPF con miras al partido amistoso ante Chile. Felipe Chávez de Bayern Munich dijo presente.",,RPP Noticias,2025-10-07T05:00:08.545Z,cmgg1fs0c0003112g7epw4vrz,Deportes,#F59E0B
cmgg3ci5b011mx718ugtjxdup,Dirigentes transportistas acuerdan no continuar con el paro tras reunión con ministros,https://rpp.pe/politica/actualidad/dirigentes-transportistas-acuerdan-no-continuar-con-el-paro-tras-reunion-con-ministros-noticia-123456#1759813208543-42xbvjko4,"Los representantes del sector sostuvieron una reunión con el jefe del Gabinete Ministerial, Eduardo Arana, y otros ministros en la que acordaron, entre otros puntos, la instalación de una mesa de trabajo.",,RPP Noticias,2025-10-07T05:00:08.544Z,cmgg1fs0b0001112g2lb2odtv,Política,#DC2626
cmgg3ci57011ix718s90hgq4j,Medio ambiente: Proyecto de conservación en la Amazonía peruana,https://www.radionacional.gob.pe/medio-ambiente/proyecto-de-conservacion-en-la-amazonia-peruana#1759813208538-qmj2u2ecw,Se lanza un nuevo proyecto de conservación en la Amazonía peruana que busca proteger la biodiversidad y promover el desarrollo sostenible en las comunidades locales.,,Radio Nacional del Perú,2025-10-07T05:00:08.539Z,cmgg1fs0g000a112g93a1z2i9,Medio Ambiente,#22C55E
cmgg3ci56011gx718n2zmidog,Educación: Nuevas tecnologías llegan a escuelas rurales,https://www.radionacional.gob.pe/educacion/nuevas-tecnologias-llegan-a-escuelas-rurales#1759813208537-6fxgsllh2,"El Ministerio de Educación implementa programas de tecnología educativa en escuelas rurales, llevando internet y equipos informáticos a comunidades alejadas para mejorar la calidad educativa.",,Radio Nacional del Perú,2025-10-07T05:00:08.538Z,cmgg1fs0f0008112gsse5oyp2,Sociedad,#F97316
cmgg3ci55011ex71863ok86hq,Ministerio de Salud reporta avances en campaña de vacunación,https://www.radionacional.gob.pe/salud/ministerio-de-salud-reporta-avances-en-campana-de-vacunacion#1759813208536-24orm0yh5,"El Ministerio de Salud informó sobre los avances en la campaña de vacunación contra diversas enfermedades, alcanzando importantes coberturas en las regiones más vulnerables del país.",,Radio Nacional del Perú,2025-10-07T05:00:08.537Z,cmgg1fs0f0007112gev7odmxo,Salud,#10B981
cmgg3ci53011cx718f3e7dnnq,Cultura peruana celebra el Día Internacional de la Lengua Materna,https://www.radionacional.gob.pe/cultura/cultura-peruana-celebra-el-dia-internacional-de-la-lengua-materna#1759813208535-rgjq2n464,"Diversas actividades culturales se realizan en todo el país para conmemorar el Día Internacional de la Lengua Materna, destacando la importancia de preservar las lenguas originarias del Perú.",,Radio Nacional del Perú,2025-10-07T05:00:08.535Z,cmgg1fs0b0000112g1dwxzwzw,Actualidad,#3B82F6
cmgg3ci50011ax7183hra6c60,Gobierno anuncia nuevas medidas económicas para reactivar el país,https://www.radionacional.gob.pe/economia/gobierno-anuncia-nuevas-medidas-economicas-para-reactivar-el-pais#1759813208532-dezquqimq,"El Ministerio de Economía y Finanzas presentó un paquete de medidas destinadas a impulsar la reactivación económica del país, incluyendo incentivos fiscales y programas de apoyo a las pequeñas empresas.",,Radio Nacional del Perú,2025-10-07T05:00:08.533Z,cmgg1fs0c0002112gtz9dd9xz,Economía,#059669
cmgg3cc7m0116x718li8oi5md,Artículo de diariocorreo.pe,https://diariocorreo.pe//articulo-1#1759813200850-xuqeepjxc,Contenido extraído usando selectores CSS personalizados...,,diariocorreo.pe,2025-10-07T05:00:00.850Z,,Sin categoría,
cmgg3cc7l0112x718j1hbfrx9,Artículo de peru21.pe,https://peru21.pe//articulo-1#1759813200849-kcu5u3ebz,Contenido extraído usando selectores CSS personalizados...,,peru21.pe,2025-10-07T05:00:00.849Z,,Sin categoría,
cmgg3cc7j010yx718b30ov2p3,Artículo de larepublica.pe,https://larepublica.pe//articulo-1#1759813200847-mq4fg669t,Contenido extraído usando selectores CSS personalizados...,,larepublica.pe,2025-10-07T05:00:00.848Z,,Sin categoría,
cmgg3cc7i010ux7185q8sczgo,Artículo de elcomercio.pe,https://elcomercio.pe//articulo-1#1759813200846-2a5taeysb,Contenido extraído usando selectores CSS personalizados...,,elcomercio.pe,2025-10-07T05:00:00.847Z,,Sin categoría,
cmgg3cc7h010qx718msbzic6a,Artículo de www.youtube.com,https://www.youtube.com/channel/UCkZCoc42IipR1ucqJmIehsA/articulo-1#1759813200845-bef04koyl,Contenido extraído usando selectores CSS personalizados...,,www.youtube.com,2025-10-07T05:00:00.845Z,,Sin categoría,
cmgg3cc7g010mx7180yzk3ypl,Artículo de radios.com.pe,https://radios.com.pe/exitosa-lima//articulo-1#1759813200843-pbdhs0il6,Contenido extraído usando selectores CSS personalizados...,,radios.com.pe,2025-10-07T05:00:00.844Z,,Sin categoría,
cmgg3cc7e010ix718yptqi0sr,Artículo de streema.com,https://streema.com/radios/Radio_Noticias_Peru/articulo-1#1759813200842-xkr3yt12i,Contenido extraído usando selectores CSS personalizados...,,streema.com,2025-10-07T05:00:00.843Z,,Sin categoría,
cmgg3cc7c010ex718xqd4vb5z,Artículo de radiouno.pe,https://radiouno.pe//articulo-1#1759813200840-mj9oxbuu0,Contenido extraído usando selectores CSS personalizados...,,radiouno.pe,2025-10-07T05:00:00.841Z,,Sin categoría,
cmgg3cc7a010ax718r3bdu95v,Artículo de canaln.pe,https://canaln.pe//articulo-1#1759813200838-7732xcy2o,Contenido extraído usando selectores CSS personalizados...,,canaln.pe,2025-10-07T05:00:00.839Z,,Sin categoría,
cmgg3cc780106x718r6of82p3,Artículo de www.exitosanoticias.pe,https://www.exitosanoticias.pe//articulo-1#1759813200836-sabgy5qpd,Contenido extraído usando selectores CSS personalizados...,,www.exitosanoticias.pe,2025-10-07T05:00:00.837Z,,Sin categoría,
cmgg3cc760102x718iw8lmxkz,"Miguel Ángel Russo, entrenador de Boca Juniors, en grave estado de salud",https://rpp.pe/deportes/futbol/miguel-angel-russo-entrenador-de-boca-juniors-en-grave-estado-de-salud-noticia-123460#1759813200834-x5qke7g5p,"El entrenador de Boca Juniors, Miguel Ángel Russo, se encuentra en grave estado de salud y fue internado en un centro médico. El club emitió un comunicado informando sobre su situación.",,RPP Noticias,2025-10-07T05:00:00.835Z,cmgg1fs0f0007112gev7odmxo,Salud,#10B981
cmgg3cc760100x718gxpdj8z0,Crisis sanitaria en Brasil: lo que se sabe de la intoxicación masiva por metanol,https://rpp.pe/mundo/latinoamerica/crisis-sanitaria-en-brasil-lo-que-se-sabe-de-la-intoxicacion-masiva-por-metanol-noticia-123459#1759813200833-2zgcukd11,Las autoridades brasileñas investigan una intoxicación masiva por metanol que ha causado muertes y la caída del consumo de alcohol en el país. Se han reportado varios casos en diferentes estados.,,RPP Noticias,2025-10-07T05:00:00.834Z,cmgg1fs0c0003112g7epw4vrz,Deportes,#F59E0B
cmgg3cc7500zyx718h5fpidnx,Corpac reconoce que hubo 'breve interrupción' en el funcionamiento del sistema de control radar,https://rpp.pe/lima/actualidad/corpac-reconoce-que-hubo-breve-interrupcion-en-el-funcionamiento-del-sistema-de-control-radar-noticia-123458#1759813200832-mjqs14x85,La Corporación Peruana de Aeropuertos y Aviación Comercial (Corpac) reconoció que hubo una breve interrupción en el funcionamiento del sistema de control radar en el aeropuerto Jorge Chávez.,,RPP Noticias,2025-10-07T05:00:00.833Z,,Sin categoría,
cmgg3cc7400zwx718gya2b8pb,Con caras nuevas: Selección Peruana empezó sus entrenamientos pensando en duelo ante Chile,https://rpp.pe/deportes/futbol/con-caras-nuevas-seleccion-peruana-empezo-sus-entrenamientos-pensando-en-duelo-ante-chile-noticia-123457#1759813200832-bpbpv1z6t,"Con la presencia de 20 futbolistas, la Selección Peruana empezó sus entrenamientos en La Videna FPF con miras al partido amistoso ante Chile. Felipe Chávez de Bayern Munich dijo presente.",,RPP Noticias,2025-10-07T05:00:00.832Z,cmgg1fs0c0003112g7epw4vrz,Deportes,#F59E0B
cmgg3cc7300zux718y55bgoov,Dirigentes transportistas acuerdan no continuar con el paro tras reunión con ministros,https://rpp.pe/politica/actualidad/dirigentes-transportistas-acuerdan-no-continuar-con-el-paro-tras-reunion-con-ministros-noticia-123456#1759813200830-lrkmtmix0,"Los representantes del sector sostuvieron una reunión con el jefe del Gabinete Ministerial, Eduardo Arana, y otros ministros en la que acordaron, entre otros puntos, la instalación de una mesa de trabajo.",,RPP Noticias,2025-10-07T05:00:00.831Z,cmgg1fs0b0001112g2lb2odtv,Política,#DC2626
cmgg3cc6x00zqx7185jgko5ho,Medio ambiente: Proyecto de conservación en la Amazonía peruana,https://www.radionacional.gob.pe/medio-ambiente/proyecto-de-conservacion-en-la-amazonia-peruana#1759813200825-7qqo0vj3d,Se lanza un nuevo proyecto de conservación en la Amazonía peruana que busca proteger la biodiversidad y promover el desarrollo sostenible en las comunidades locales.,,Radio Nacional del Perú,2025-10-07T05:00:00.825Z,cmgg1fs0g000a112g93a1z2i9,Medio Ambiente,#22C55E
cmgg3cc6v00zox718z312qk6k,Educación: Nuevas tecnologías llegan a escuelas rurales,https://www.radionacional.gob.pe/educacion/nuevas-tecnologias-llegan-a-escuelas-rurales#1759813200823-xoib5flxz,"El Ministerio de Educación implementa programas de tecnología educativa en escuelas rurales, llevando internet y equipos informáticos a comunidades alejadas para mejorar la calidad educativa.",,Radio Nacional del Perú,2025-10-07T05:00:00.824Z,cmgg1fs0f0008112gsse5oyp2,Sociedad,#F97316
cmgg3cc6u00zmx718fjjf70ql,Ministerio de Salud reporta avances en campaña de vacunación,https://www.radionacional.gob.pe/salud/ministerio-de-salud-reporta-avances-en-campana-de-vacunacion#1759813200822-8vvzti5ba,"El Ministerio de Salud informó sobre los avances en la campaña de vacunación contra diversas enfermedades, alcanzando importantes coberturas en las regiones más vulnerables del país.",,Radio Nacional del Perú,2025-10-07T05:00:00.822Z,cmgg1fs0f0007112gev7odmxo,Salud,#10B981
cmgg3cc6t00zkx718a6izxj8d,Cultura peruana celebra el Día Internacional de la Lengua Materna,https://www.radionacional.gob.pe/cultura/cultura-peruana-celebra-el-dia-internacional-de-la-lengua-materna#1759813200820-5cqr28wgt,"Diversas actividades culturales se realizan en todo el país para conmemorar el Día Internacional de la Lengua Materna, destacando la importancia de preservar las lenguas originarias del Perú.",,Radio Nacional del Perú,2025-10-07T05:00:00.821Z,cmgg1fs0b0000112g1dwxzwzw,Actualidad,#3B82F6
cmgg3cc6q00zix71880s3hz3h,Gobierno anuncia nuevas medidas económicas para reactivar el país,https://www.radionacional.gob.pe/economia/gobierno-anuncia-nuevas-medidas-economicas-para-reactivar-el-pais#1759813200818-8gcs11y6d,"El Ministerio de Economía y Finanzas presentó un paquete de medidas destinadas a impulsar la reactivación económica del país, incluyendo incentivos fiscales y programas de apoyo a las pequeñas empresas.",,Radio Nacional del Perú,2025-10-07T05:00:00.819Z,cmgg1fs0c0002112gtz9dd9xz,Economía,#059669
cmgg3cc2c00zex718dtoa2t6v,Artículo de diariocorreo.pe,https://diariocorreo.pe//articulo-1#1759813200660-ipz2zj56g,Contenido extraído usando selectores CSS personalizados...,,diariocorreo.pe,2025-10-07T05:00:00.661Z,,Sin categoría,
cmgg3cc2b00zax718weac4m9l,Artículo de peru21.pe,https://peru21.pe//articulo-1#1759813200659-03c7tdbuk,Contenido extraído usando selectores CSS personalizados...,,peru21.pe,2025-10-07T05:00:00.659Z,,Sin categoría,
cmgg3cc2a00z6x718hs9bl12j,Artículo de larepublica.pe,https://larepublica.pe//articulo-1#1759813200658-m3xvnac3f,Contenido extraído usando selectores CSS personalizados...,,larepublica.pe,2025-10-07T05:00:00.658Z,,Sin categoría,
cmgg3cc2900z2x718ujn2fj4q,Artículo de elcomercio.pe,https://elcomercio.pe//articulo-1#1759813200656-70czonvd8,Contenido extraído usando selectores CSS personalizados...,,elcomercio.pe,2025-10-07T05:00:00.657Z,,Sin categoría,
cmgg3cc2700yyx718obqmvabc,Artículo de www.youtube.com,https://www.youtube.com/channel/UCkZCoc42IipR1ucqJmIehsA/articulo-1#1759813200655-bbl9mr3c0,Contenido extraído usando selectores CSS personalizados...,,www.youtube.com,2025-10-07T05:00:00.656Z,,Sin categoría,
cmgg3cc2600yux718ecyv75ox,Artículo de radios.com.pe,https://radios.com.pe/exitosa-lima//articulo-1#1759813200654-e141e43vw,Contenido extraído usando selectores CSS personalizados...,,radios.com.pe,2025-10-07T05:00:00.655Z,,Sin categoría,
cmgg3cc2500yqx718x8hruowz,Artículo de streema.com,https://streema.com/radios/Radio_Noticias_Peru/articulo-1#1759813200653-1j5knnsec,Contenido extraído usando selectores CSS personalizados...,,streema.com,2025-10-07T05:00:00.654Z,,Sin categoría,
cmgg3cc2400ymx718pjvhl4bx,Artículo de radiouno.pe,https://radiouno.pe//articulo-1#1759813200652-6osdicr3k,Contenido extraído usando selectores CSS personalizados...,,radiouno.pe,2025-10-07T05:00:00.652Z,,Sin categoría,
cmgg3cc2300yix718nbm64rxo,Artículo de canaln.pe,https://canaln.pe//articulo-1#1759813200651-17mau18ri,Contenido extraído usando selectores CSS personalizados...,,canaln.pe,2025-10-07T05:00:00.651Z,,Sin categoría,
cmgg3cc2100yex718egn7byg6,Artículo de www.exitosanoticias.pe,https://www.exitosanoticias.pe//articulo-1#1759813200649-kinob3n1y,Contenido extraído usando selectores CSS personalizados...,,www.exitosanoticias.pe,2025-10-07T05:00:00.650Z,,Sin categoría,
cmgg3cc2000yax7181dwo3scn,"Miguel Ángel Russo, entrenador de Boca Juniors, en grave estado de salud",https://rpp.pe/deportes/futbol/miguel-angel-russo-entrenador-de-boca-juniors-en-grave-estado-de-salud-noticia-123460#1759813200648-rv4r8z7ic,"El entrenador de Boca Juniors, Miguel Ángel Russo, se encuentra en grave estado de salud y fue internado en un centro médico. El club emitió un comunicado informando sobre su situación.",,RPP Noticias,2025-10-07T05:00:00.649Z,cmgg1fs0f0007112gev7odmxo,Salud,#10B981
cmgg3cc1z00y6x718kvk0d10c,Corpac reconoce que hubo 'breve interrupción' en el funcionamiento del sistema de control radar,https://rpp.pe/lima/actualidad/corpac-reconoce-que-hubo-breve-interrupcion-en-el-funcionamiento-del-sistema-de-control-radar-noticia-123458#1759813200647-tkqdlr6sl,La Corporación Peruana de Aeropuertos y Aviación Comercial (Corpac) reconoció que hubo una breve interrupción en el funcionamiento del sistema de control radar en el aeropuerto Jorge Chávez.,,RPP Noticias,2025-10-07T05:00:00.648Z,,Sin categoría,
cmgg3cc2000y8x7187udvsv0f,Crisis sanitaria en Brasil: lo que se sabe de la intoxicación masiva por metanol,https://rpp.pe/mundo/latinoamerica/crisis-sanitaria-en-brasil-lo-que-se-sabe-de-la-intoxicacion-masiva-por-metanol-noticia-123459#1759813200648-mwslz2hs9,Las autoridades brasileñas investigan una intoxicación masiva por metanol que ha causado muertes y la caída del consumo de alcohol en el país. Se han reportado varios casos en diferentes estados.,,RPP Noticias,2025-10-07T05:00:00.648Z,cmgg1fs0c0003112g7epw4vrz,Deportes,#F59E0B
cmgg3cc1z00y4x718mpeviwl0,Con caras nuevas: Selección Peruana empezó sus entrenamientos pensando en duelo ante Chile,https://rpp.pe/deportes/futbol/con-caras-nuevas-seleccion-peruana-empezo-sus-entrenamientos-pensando-en-duelo-ante-chile-noticia-123457#1759813200646-sw8qf9xhy,"Con la presencia de 20 futbolistas, la Selección Peruana empezó sus entrenamientos en La Videna FPF con miras al partido amistoso ante Chile. Felipe Chávez de Bayern Munich dijo presente.",,RPP Noticias,2025-10-07T05:00:00.647Z,cmgg1fs0c0003112g7epw4vrz,Deportes,#F59E0B
cmgg3cc1y00y2x7189aeenc2v,Dirigentes transportistas acuerdan no continuar con el paro tras reunión con ministros,https://rpp.pe/politica/actualidad/dirigentes-transportistas-acuerdan-no-continuar-con-el-paro-tras-reunion-con-ministros-noticia-123456#1759813200646-eh7haktby,"Los representantes del sector sostuvieron una reunión con el jefe del Gabinete Ministerial, Eduardo Arana, y otros ministros en la que acordaron, entre otros puntos, la instalación de una mesa de trabajo.",,RPP Noticias,2025-10-07T05:00:00.646Z,cmgg1fs0b0001112g2lb2odtv,Política,#DC2626
cmgg3cc1u00xwx718fiw4i9dh,Educación: Nuevas tecnologías llegan a escuelas rurales,https://www.radionacional.gob.pe/educacion/nuevas-tecnologias-llegan-a-escuelas-rurales#1759813200642-u60nkyym3,"El Ministerio de Educación implementa programas de tecnología educativa en escuelas rurales, llevando internet y equipos informáticos a comunidades alejadas para mejorar la calidad educativa.",,Radio Nacional del Perú,2025-10-07T05:00:00.643Z,cmgg1fs0f0008112gsse5oyp2,Sociedad,#F97316
cmgg3cc1v00xyx7186123qqpo,Medio ambiente: Proyecto de conservación en la Amazonía peruana,https://www.radionacional.gob.pe/medio-ambiente/proyecto-de-conservacion-en-la-amazonia-peruana#1759813200643-l1cvb44yc,Se lanza un nuevo proyecto de conservación en la Amazonía peruana que busca proteger la biodiversidad y promover el desarrollo sostenible en las comunidades locales.,,Radio Nacional del Perú,2025-10-07T05:00:00.643Z,cmgg1fs0g000a112g93a1z2i9,Medio Ambiente,#22C55E
cmgg3cc1u00xux718qj11fbjl,Ministerio de Salud reporta avances en campaña de vacunación,https://www.radionacional.gob.pe/salud/ministerio-de-salud-reporta-avances-en-campana-de-vacunacion#1759813200641-1j6z4hvnt,"El Ministerio de Salud informó sobre los avances en la campaña de vacunación contra diversas enfermedades, alcanzando importantes coberturas en las regiones más vulnerables del país.",,Radio Nacional del Perú,2025-10-07T05:00:00.642Z,cmgg1fs0f0007112gev7odmxo,Salud,#10B981
cmgg3cc1t00xsx7188k4mad3s,Cultura peruana celebra el Día Internacional de la Lengua Materna,https://www.radionacional.gob.pe/cultura/cultura-peruana-celebra-el-dia-internacional-de-la-lengua-materna#1759813200641-9lvthawlv,"Diversas actividades culturales se realizan en todo el país para conmemorar el Día Internacional de la Lengua Materna, destacando la importancia de preservar las lenguas originarias del Perú.",,Radio Nacional del Perú,2025-10-07T05:00:00.641Z,cmgg1fs0b0000112g1dwxzwzw,Actualidad,#3B82F6
cmgg3cc1s00xqx71835a3pyuk,Gobierno anuncia nuevas medidas económicas para reactivar el país,https://www.radionacional.gob.pe/economia/gobierno-anuncia-nuevas-medidas-economicas-para-reactivar-el-pais#1759813200640-ggwg56lzb,"El Ministerio de Economía y Finanzas presentó un paquete de medidas destinadas a impulsar la reactivación económica del país, incluyendo incentivos fiscales y programas de apoyo a las pequeñas empresas.",,Radio Nacional del Perú,2025-10-07T05:00:00.640Z,cmgg1fs0c0002112gtz9dd9xz,Economía,#059669
cmgg3cbzo00xmx718l5i6r02j,Artículo de diariocorreo.pe,https://diariocorreo.pe//articulo-1#1759813200564-a1nnx68md,Contenido extraído usando selectores CSS personalizados...,,diariocorreo.pe,2025-10-07T05:00:00.565Z,,Sin categoría,
cmgg3cbzn00xix718bh41wtsd,Artículo de peru21.pe,https://peru21.pe//articulo-1#1759813200563-cihjdcmlv,Contenido extraído usando selectores CSS personalizados...,,peru21.pe,2025-10-07T05:00:00.564Z,,Sin categoría,
cmgg3cbzm00xex718ok1hze79,Artículo de larepublica.pe,https://larepublica.pe//articulo-1#1759813200562-ho9s263r0,Contenido extraído usando selectores CSS personalizados...,,larepublica.pe,2025-10-07T05:00:00.563Z,,Sin categoría,
cmgg3cbzl00xax718637svnxv,Artículo de elcomercio.pe,https://elcomercio.pe//articulo-1#1759813200561-9ew3r84gy,Contenido extraído usando selectores CSS personalizados...,,elcomercio.pe,2025-10-07T05:00:00.562Z,,Sin categoría,
cmgg3cbzk00x6x718oiz18pmp,Artículo de www.youtube.com,https://www.youtube.com/channel/UCkZCoc42IipR1ucqJmIehsA/articulo-1#1759813200560-87e8ap52i,Contenido extraído usando selectores CSS personalizados...,,www.youtube.com,2025-10-07T05:00:00.561Z,,Sin categoría,
cmgg3cbzj00x2x718a93q0xdh,Artículo de radios.com.pe,https://radios.com.pe/exitosa-lima//articulo-1#1759813200559-je4dime83,Contenido extraído usando selectores CSS personalizados...,,radios.com.pe,2025-10-07T05:00:00.560Z,,Sin categoría,
cmgg3cbzj00wyx718onwn5cds,Artículo de streema.com,https://streema.com/radios/Radio_Noticias_Peru/articulo-1#1759813200559-8xyqrmi0u,Contenido extraído usando selectores CSS personalizados...,,streema.com,2025-10-07T05:00:00.559Z,,Sin categoría,
cmgg3cbzi00wux718ul4ia45g,Artículo de radiouno.pe,https://radiouno.pe//articulo-1#1759813200558-y360qzz2t,Contenido extraído usando selectores CSS personalizados...,,radiouno.pe,2025-10-07T05:00:00.558Z,,Sin categoría,
cmgg3cbzg00wqx718vmjfhmrs,Artículo de canaln.pe,https://canaln.pe//articulo-1#1759813200556-gxrjjkq09,Contenido extraído usando selectores CSS personalizados...,,canaln.pe,2025-10-07T05:00:00.557Z,,Sin categoría,
cmgg3cbzg00wmx718xoyd0enc,Artículo de www.exitosanoticias.pe,https://www.exitosanoticias.pe//articulo-1#1759813200555-ciic4o5qo,Contenido extraído usando selectores CSS personalizados...,,www.exitosanoticias.pe,2025-10-07T05:00:00.556Z,,Sin categoría,
cmgg3cbze00wix718g1xyj0l2,"Miguel Ángel Russo, entrenador de Boca Juniors, en grave estado de salud",https://rpp.pe/deportes/futbol/miguel-angel-russo-entrenador-de-boca-juniors-en-grave-estado-de-salud-noticia-123460#1759813200554-1hbncyw09,"El entrenador de Boca Juniors, Miguel Ángel Russo, se encuentra en grave estado de salud y fue internado en un centro médico. El club emitió un comunicado informando sobre su situación.",,RPP Noticias,2025-10-07T05:00:00.555Z,cmgg1fs0f0007112gev7odmxo,Salud,#10B981
cmgg3cbzd00wex718cxz8jewf,Corpac reconoce que hubo 'breve interrupción' en el funcionamiento del sistema de control radar,https://rpp.pe/lima/actualidad/corpac-reconoce-que-hubo-breve-interrupcion-en-el-funcionamiento-del-sistema-de-control-radar-noticia-123458#1759813200553-9rlqhbsgk,La Corporación Peruana de Aeropuertos y Aviación Comercial (Corpac) reconoció que hubo una breve interrupción en el funcionamiento del sistema de control radar en el aeropuerto Jorge Chávez.,,RPP Noticias,2025-10-07T05:00:00.554Z,,Sin categoría,
cmgg3cbze00wgx7181ynanwk5,Crisis sanitaria en Brasil: lo que se sabe de la intoxicación masiva por metanol,https://rpp.pe/mundo/latinoamerica/crisis-sanitaria-en-brasil-lo-que-se-sabe-de-la-intoxicacion-masiva-por-metanol-noticia-123459#1759813200554-cxl00coyn,Las autoridades brasileñas investigan una intoxicación masiva por metanol que ha causado muertes y la caída del consumo de alcohol en el país. Se han reportado varios casos en diferentes estados.,,RPP Noticias,2025-10-07T05:00:00.554Z,cmgg1fs0c0003112g7epw4vrz,Deportes,#F59E0B
cmgg3cbzc00wax718oey1s5rl,Dirigentes transportistas acuerdan no continuar con el paro tras reunión con ministros,https://rpp.pe/politica/actualidad/dirigentes-transportistas-acuerdan-no-continuar-con-el-paro-tras-reunion-con-ministros-noticia-123456#1759813200552-poza2otgc,"Los representantes del sector sostuvieron una reunión con el jefe del Gabinete Ministerial, Eduardo Arana, y otros ministros en la que acordaron, entre otros puntos, la instalación de una mesa de trabajo.",,RPP Noticias,2025-10-07T05:00:00.553Z,cmgg1fs0b0001112g2lb2odtv,Política,#DC2626
cmgg3cbzd00wcx718jstc7ozd,Con caras nuevas: Selección Peruana empezó sus entrenamientos pensando en duelo ante Chile,https://rpp.pe/deportes/futbol/con-caras-nuevas-seleccion-peruana-empezo-sus-entrenamientos-pensando-en-duelo-ante-chile-noticia-123457#1759813200553-cs1vz4qw6,"Con la presencia de 20 futbolistas, la Selección Peruana empezó sus entrenamientos en La Videna FPF con miras al partido amistoso ante Chile. Felipe Chávez de Bayern Munich dijo presente.",,RPP Noticias,2025-10-07T05:00:00.553Z,cmgg1fs0c0003112g7epw4vrz,Deportes,#F59E0B
cmgg3cbza00w6x718htat5g5s,Medio ambiente: Proyecto de conservación en la Amazonía peruana,https://www.radionacional.gob.pe/medio-ambiente/proyecto-de-conservacion-en-la-amazonia-peruana#1759813200550-eson0t26t,Se lanza un nuevo proyecto de conservación en la Amazonía peruana que busca proteger la biodiversidad y promover el desarrollo sostenible en las comunidades locales.,,Radio Nacional del Perú,2025-10-07T05:00:00.551Z,cmgg1fs0g000a112g93a1z2i9,Medio Ambiente,#22C55E
cmgg3cbz900w2x718yxsxge2g,Ministerio de Salud reporta avances en campaña de vacunación,https://www.radionacional.gob.pe/salud/ministerio-de-salud-reporta-avances-en-campana-de-vacunacion#1759813200549-clltu5gan,"El Ministerio de Salud informó sobre los avances en la campaña de vacunación contra diversas enfermedades, alcanzando importantes coberturas en las regiones más vulnerables del país.",,Radio Nacional del Perú,2025-10-07T05:00:00.550Z,cmgg1fs0f0007112gev7odmxo,Salud,#10B981
cmgg3cbza00w4x718vrk6hbh4,Educación: Nuevas tecnologías llegan a escuelas rurales,https://www.radionacional.gob.pe/educacion/nuevas-tecnologias-llegan-a-escuelas-rurales#1759813200550-ujhtbea9w,"El Ministerio de Educación implementa programas de tecnología educativa en escuelas rurales, llevando internet y equipos informáticos a comunidades alejadas para mejorar la calidad educativa.",,Radio Nacional del Perú,2025-10-07T05:00:00.550Z,cmgg1fs0f0008112gsse5oyp2,Sociedad,#F97316
cmgg3cbz900w0x718rt18r78j,Cultura peruana celebra el Día Internacional de la Lengua Materna,https://www.radionacional.gob.pe/cultura/cultura-peruana-celebra-el-dia-internacional-de-la-lengua-materna#1759813200549-9mqiawp1b,"Diversas actividades culturales se realizan en todo el país para conmemorar el Día Internacional de la Lengua Materna, destacando la importancia de preservar las lenguas originarias del Perú.",,Radio Nacional del Perú,2025-10-07T05:00:00.549Z,cmgg1fs0b0000112g1dwxzwzw,Actualidad,#3B82F6
cmgg3cbz800vyx7183bk879b6,Gobierno anuncia nuevas medidas económicas para reactivar el país,https://www.radionacional.gob.pe/economia/gobierno-anuncia-nuevas-medidas-economicas-para-reactivar-el-pais#1759813200548-xc5ub09qn,"El Ministerio de Economía y Finanzas presentó un paquete de medidas destinadas a impulsar la reactivación económica del país, incluyendo incentivos fiscales y programas de apoyo a las pequeñas empresas.",,Radio Nacional del Perú,2025-10-07T05:00:00.548Z,cmgg1fs0c0002112gtz9dd9xz,Economía,#059669
cmgg3cbxq00vux7187sk5jvo4,Artículo de diariocorreo.pe,https://diariocorreo.pe//articulo-1#1759813200494-ztdxvnnxx,Contenido extraído usando selectores CSS personalizados...,,diariocorreo.pe,2025-10-07T05:00:00.495Z,,Sin categoría,
cmgg3cbxp00vqx718u908jx7p,Artículo de peru21.pe,https://peru21.pe//articulo-1#1759813200493-x3bqggsi2,Contenido extraído usando selectores CSS personalizados...,,peru21.pe,2025-10-07T05:00:00.494Z,,Sin categoría,
cmgg3cbxo00vmx7183fw3hzyk,Artículo de larepublica.pe,https://larepublica.pe//articulo-1#1759813200492-opt8jkuyn,Contenido extraído usando selectores CSS personalizados...,,larepublica.pe,2025-10-07T05:00:00.493Z,,Sin categoría,
cmgg3cbxo00vix718shfno2hw,Artículo de elcomercio.pe,https://elcomercio.pe//articulo-1#1759813200492-1lxiuhqr0,Contenido extraído usando selectores CSS personalizados...,,elcomercio.pe,2025-10-07T05:00:00.492Z,,Sin categoría,
cmgg3cbxn00vex718t5b8kskp,Artículo de www.youtube.com,https://www.youtube.com/channel/UCkZCoc42IipR1ucqJmIehsA/articulo-1#1759813200491-rakavux1h,Contenido extraído usando selectores CSS personalizados...,,www.youtube.com,2025-10-07T05:00:00.491Z,,Sin categoría,
cmgg3cbxm00vax718g2y2st5t,Artículo de radios.com.pe,https://radios.com.pe/exitosa-lima//articulo-1#1759813200490-4eeakf86z,Contenido extraído usando selectores CSS personalizados...,,radios.com.pe,2025-10-07T05:00:00.490Z,,Sin categoría,
cmgg3cbxk00v2x718rd31tqyt,Artículo de radiouno.pe,https://radiouno.pe//articulo-1#1759813200488-v911j0hwy,Contenido extraído usando selectores CSS personalizados...,,radiouno.pe,2025-10-07T05:00:00.489Z,,Sin categoría,
cmgg3cbxl00v6x718mo47walc,Artículo de streema.com,https://streema.com/radios/Radio_Noticias_Peru/articulo-1#1759813200489-wxepe0lpw,Contenido extraído usando selectores CSS personalizados...,,streema.com,2025-10-07T05:00:00.489Z,,Sin categoría,
cmgg3cbxj00uyx71859en5i97,Artículo de canaln.pe,https://canaln.pe//articulo-1#1759813200487-1qqvwup2w,Contenido extraído usando selectores CSS personalizados...,,canaln.pe,2025-10-07T05:00:00.488Z,,Sin categoría,
cmgg3cbxi00uux7186djymtms,Artículo de www.exitosanoticias.pe,https://www.exitosanoticias.pe//articulo-1#1759813200486-wfmjuced2,Contenido extraído usando selectores CSS personalizados...,,www.exitosanoticias.pe,2025-10-07T05:00:00.487Z,,Sin categoría,
cmgg3cbxh00uqx718eqw9wivk,"Miguel Ángel Russo, entrenador de Boca Juniors, en grave estado de salud",https://rpp.pe/deportes/futbol/miguel-angel-russo-entrenador-de-boca-juniors-en-grave-estado-de-salud-noticia-123460#1759813200485-43x8ihahw,"El entrenador de Boca Juniors, Miguel Ángel Russo, se encuentra en grave estado de salud y fue internado en un centro médico. El club emitió un comunicado informando sobre su situación.",,RPP Noticias,2025-10-07T05:00:00.486Z,cmgg1fs0f0007112gev7odmxo,Salud,#10B981
cmgg3cbxg00umx718jsgposhw,Corpac reconoce que hubo 'breve interrupción' en el funcionamiento del sistema de control radar,https://rpp.pe/lima/actualidad/corpac-reconoce-que-hubo-breve-interrupcion-en-el-funcionamiento-del-sistema-de-control-radar-noticia-123458#1759813200484-wifz8io6a,La Corporación Peruana de Aeropuertos y Aviación Comercial (Corpac) reconoció que hubo una breve interrupción en el funcionamiento del sistema de control radar en el aeropuerto Jorge Chávez.,,RPP Noticias,2025-10-07T05:00:00.485Z,,Sin categoría,
cmgg3cbxh00uox718ahuaa42w,Crisis sanitaria en Brasil: lo que se sabe de la intoxicación masiva por metanol,https://rpp.pe/mundo/latinoamerica/crisis-sanitaria-en-brasil-lo-que-se-sabe-de-la-intoxicacion-masiva-por-metanol-noticia-123459#1759813200485-j94qpc2ma,Las autoridades brasileñas investigan una intoxicación masiva por metanol que ha causado muertes y la caída del consumo de alcohol en el país. Se han reportado varios casos en diferentes estados.,,RPP Noticias,2025-10-07T05:00:00.485Z,cmgg1fs0c0003112g7epw4vrz,Deportes,#F59E0B
cmgg3cbxf00uix7183u4uuca9,Dirigentes transportistas acuerdan no continuar con el paro tras reunión con ministros,https://rpp.pe/politica/actualidad/dirigentes-transportistas-acuerdan-no-continuar-con-el-paro-tras-reunion-con-ministros-noticia-123456#1759813200483-xzwcm3phu,"Los representantes del sector sostuvieron una reunión con el jefe del Gabinete Ministerial, Eduardo Arana, y otros ministros en la que acordaron, entre otros puntos, la instalación de una mesa de trabajo.",,RPP Noticias,2025-10-07T05:00:00.484Z,cmgg1fs0b0001112g2lb2odtv,Política,#DC2626
cmgg3cbxg00ukx7183hl10n0g,Con caras nuevas: Selección Peruana empezó sus entrenamientos pensando en duelo ante Chile,https://rpp.pe/deportes/futbol/con-caras-nuevas-seleccion-peruana-empezo-sus-entrenamientos-pensando-en-duelo-ante-chile-noticia-123457#1759813200484-rph7zf42l,"Con la presencia de 20 futbolistas, la Selección Peruana empezó sus entrenamientos en La Videna FPF con miras al partido amistoso ante Chile. Felipe Chávez de Bayern Munich dijo presente.",,RPP Noticias,2025-10-07T05:00:00.484Z,cmgg1fs0c0003112g7epw4vrz,Deportes,#F59E0B
cmgg3cbxd00ucx71878hmylyh,Educación: Nuevas tecnologías llegan a escuelas rurales,https://www.radionacional.gob.pe/educacion/nuevas-tecnologias-llegan-a-escuelas-rurales#1759813200481-gxyngiduy,"El Ministerio de Educación implementa programas de tecnología educativa en escuelas rurales, llevando internet y equipos informáticos a comunidades alejadas para mejorar la calidad educativa.",,Radio Nacional del Perú,2025-10-07T05:00:00.482Z,cmgg1fs0f0008112gsse5oyp2,Sociedad,#F97316
cmgg3cbxe00uex718ylj6a20m,Medio ambiente: Proyecto de conservación en la Amazonía peruana,https://www.radionacional.gob.pe/medio-ambiente/proyecto-de-conservacion-en-la-amazonia-peruana#1759813200482-i91cjpbkf,Se lanza un nuevo proyecto de conservación en la Amazonía peruana que busca proteger la biodiversidad y promover el desarrollo sostenible en las comunidades locales.,,Radio Nacional del Perú,2025-10-07T05:00:00.482Z,cmgg1fs0g000a112g93a1z2i9,Medio Ambiente,#22C55E
cmgg3cbxc00u8x718zelt904t,Cultura peruana celebra el Día Internacional de la Lengua Materna,https://www.radionacional.gob.pe/cultura/cultura-peruana-celebra-el-dia-internacional-de-la-lengua-materna#1759813200480-e7kfdx6xq,"Diversas actividades culturales se realizan en todo el país para conmemorar el Día Internacional de la Lengua Materna, destacando la importancia de preservar las lenguas originarias del Perú.",,Radio Nacional del Perú,2025-10-07T05:00:00.481Z,cmgg1fs0b0000112g1dwxzwzw,Actualidad,#3B82F6
cmgg3cbxd00uax718go8vs5w2,Ministerio de Salud reporta avances en campaña de vacunación,https://www.radionacional.gob.pe/salud/ministerio-de-salud-reporta-avances-en-campana-de-vacunacion#1759813200481-c7ywa8oz5,"El Ministerio de Salud informó sobre los avances en la campaña de vacunación contra diversas enfermedades, alcanzando importantes coberturas en las regiones más vulnerables del país.",,Radio Nacional del Perú,2025-10-07T05:00:00.481Z,cmgg1fs0f0007112gev7odmxo,Salud,#10B981
cmgg3cbxc00u6x718owza1dug,Gobierno anuncia nuevas medidas económicas para reactivar el país,https://www.radionacional.gob.pe/economia/gobierno-anuncia-nuevas-medidas-economicas-para-reactivar-el-pais#1759813200480-x6eymp068,"El Ministerio de Economía y Finanzas presentó un paquete de medidas destinadas a impulsar la reactivación económica del país, incluyendo incentivos fiscales y programas de apoyo a las pequeñas empresas.",,Radio Nacional del Perú,2025-10-07T05:00:00.480Z,cmgg1fs0c0002112gtz9dd9xz,Economía,#059669
cmgg3cbwq00tyx718qbrsd1pv,Artículo de peru21.pe,https://peru21.pe//articulo-1#1759813200458-xov4akob3,Contenido extraído usando selectores CSS personalizados...,,peru21.pe,2025-10-07T05:00:00.459Z,,Sin categoría,
cmgg3cbwr00u2x718gcdad0m9,Artículo de diariocorreo.pe,https://diariocorreo.pe//articulo-1#1759813200459-m2evpwxk4,Contenido extraído usando selectores CSS personalizados...,,diariocorreo.pe,2025-10-07T05:00:00.459Z,,Sin categoría,
cmgg3cbwp00tux718nwmk21zm,Artículo de larepublica.pe,https://larepublica.pe//articulo-1#1759813200457-yry0l09wa,Contenido extraído usando selectores CSS personalizados...,,larepublica.pe,2025-10-07T05:00:00.458Z,,Sin categoría,
cmgg3cbwp00tqx718mmm2b2kd,Artículo de elcomercio.pe,https://elcomercio.pe//articulo-1#1759813200456-1ly40nmao,Contenido extraído usando selectores CSS personalizados...,,elcomercio.pe,2025-10-07T05:00:00.457Z,,Sin categoría,
cmgg3cbwn00tmx718u3d66avs,Artículo de www.youtube.com,https://www.youtube.com/channel/UCkZCoc42IipR1ucqJmIehsA/articulo-1#1759813200455-3r0xx3uej,Contenido extraído usando selectores CSS personalizados...,,www.youtube.com,2025-10-07T05:00:00.456Z,,Sin categoría,
cmgg3cbwn00tix718qfnq7fyr,Artículo de radios.com.pe,https://radios.com.pe/exitosa-lima//articulo-1#1759813200454-ifo7dp8vf,Contenido extraído usando selectores CSS personalizados...,,radios.com.pe,2025-10-07T05:00:00.455Z,,Sin categoría,
cmgg3cbwl00tex718pemvm6o2,Artículo de streema.com,https://streema.com/radios/Radio_Noticias_Peru/articulo-1#1759813200453-56bg61pn5,Contenido extraído usando selectores CSS personalizados...,,streema.com,2025-10-07T05:00:00.454Z,,Sin categoría,
cmgg3cbwl00tax718nvhmybbt,Artículo de radiouno.pe,https://radiouno.pe//articulo-1#1759813200452-zgmvhbftt,Contenido extraído usando selectores CSS personalizados...,,radiouno.pe,2025-10-07T05:00:00.453Z,,Sin categoría,
cmgg3cbwk00t6x7182gn44y30,Artículo de canaln.pe,https://canaln.pe//articulo-1#1759813200452-rgsj2s8zx,Contenido extraído usando selectores CSS personalizados...,,canaln.pe,2025-10-07T05:00:00.452Z,,Sin categoría,
cmgg3cbwj00t2x718v8rlpe6j,Artículo de www.exitosanoticias.pe,https://www.exitosanoticias.pe//articulo-1#1759813200451-taraqx2rl,Contenido extraído usando selectores CSS personalizados...,,www.exitosanoticias.pe,2025-10-07T05:00:00.451Z,,Sin categoría,
cmgg3cbwh00swx7185j9qsop3,Crisis sanitaria en Brasil: lo que se sabe de la intoxicación masiva por metanol,https://rpp.pe/mundo/latinoamerica/crisis-sanitaria-en-brasil-lo-que-se-sabe-de-la-intoxicacion-masiva-por-metanol-noticia-123459#1759813200449-j4o5ghh4m,Las autoridades brasileñas investigan una intoxicación masiva por metanol que ha causado muertes y la caída del consumo de alcohol en el país. Se han reportado varios casos en diferentes estados.,,RPP Noticias,2025-10-07T05:00:00.450Z,cmgg1fs0c0003112g7epw4vrz,Deportes,#F59E0B
cmgg3cbwi00syx7183xofj65b,"Miguel Ángel Russo, entrenador de Boca Juniors, en grave estado de salud",https://rpp.pe/deportes/futbol/miguel-angel-russo-entrenador-de-boca-juniors-en-grave-estado-de-salud-noticia-123460#1759813200450-qar69c1lo,"El entrenador de Boca Juniors, Miguel Ángel Russo, se encuentra en grave estado de salud y fue internado en un centro médico. El club emitió un comunicado informando sobre su situación.",,RPP Noticias,2025-10-07T05:00:00.450Z,cmgg1fs0f0007112gev7odmxo,Salud,#10B981
cmgg3cbwg00ssx7189oswh49h,Con caras nuevas: Selección Peruana empezó sus entrenamientos pensando en duelo ante Chile,https://rpp.pe/deportes/futbol/con-caras-nuevas-seleccion-peruana-empezo-sus-entrenamientos-pensando-en-duelo-ante-chile-noticia-123457#1759813200448-hifob5xqk,"Con la presencia de 20 futbolistas, la Selección Peruana empezó sus entrenamientos en La Videna FPF con miras al partido amistoso ante Chile. Felipe Chávez de Bayern Munich dijo presente.",,RPP Noticias,2025-10-07T05:00:00.449Z,cmgg1fs0c0003112g7epw4vrz,Deportes,#F59E0B
cmgg3cbwh00sux718gl3jocp3,Corpac reconoce que hubo 'breve interrupción' en el funcionamiento del sistema de control radar,https://rpp.pe/lima/actualidad/corpac-reconoce-que-hubo-breve-interrupcion-en-el-funcionamiento-del-sistema-de-control-radar-noticia-123458#1759813200449-zub494er8,La Corporación Peruana de Aeropuertos y Aviación Comercial (Corpac) reconoció que hubo una breve interrupción en el funcionamiento del sistema de control radar en el aeropuerto Jorge Chávez.,,RPP Noticias,2025-10-07T05:00:00.449Z,,Sin categoría,
cmgg3cbwg00sqx718bikow3sr,Dirigentes transportistas acuerdan no continuar con el paro tras reunión con ministros,https://rpp.pe/politica/actualidad/dirigentes-transportistas-acuerdan-no-continuar-con-el-paro-tras-reunion-con-ministros-noticia-123456#1759813200448-dcmy2zg6s,"Los representantes del sector sostuvieron una reunión con el jefe del Gabinete Ministerial, Eduardo Arana, y otros ministros en la que acordaron, entre otros puntos, la instalación de una mesa de trabajo.",,RPP Noticias,2025-10-07T05:00:00.448Z,cmgg1fs0b0001112g2lb2odtv,Política,#DC2626
cmgg3cbwd00six718hfejwuhz,Ministerio de Salud reporta avances en campaña de vacunación,https://www.radionacional.gob.pe/salud/ministerio-de-salud-reporta-avances-en-campana-de-vacunacion#1759813200445-xnwky6jzn,"El Ministerio de Salud informó sobre los avances en la campaña de vacunación contra diversas enfermedades, alcanzando importantes coberturas en las regiones más vulnerables del país.",,Radio Nacional del Perú,2025-10-07T05:00:00.446Z,cmgg1fs0f0007112gev7odmxo,Salud,#10B981
cmgg3cbwe00skx718zhmt7w4r,Educación: Nuevas tecnologías llegan a escuelas rurales,https://www.radionacional.gob.pe/educacion/nuevas-tecnologias-llegan-a-escuelas-rurales#1759813200445-1ms1t569o,"El Ministerio de Educación implementa programas de tecnología educativa en escuelas rurales, llevando internet y equipos informáticos a comunidades alejadas para mejorar la calidad educativa.",,Radio Nacional del Perú,2025-10-07T05:00:00.446Z,cmgg1fs0f0008112gsse5oyp2,Sociedad,#F97316
cmgg3cbwe00smx718z5hg2w5m,Medio ambiente: Proyecto de conservación en la Amazonía peruana,https://www.radionacional.gob.pe/medio-ambiente/proyecto-de-conservacion-en-la-amazonia-peruana#1759813200446-t3pi3iz8y,Se lanza un nuevo proyecto de conservación en la Amazonía peruana que busca proteger la biodiversidad y promover el desarrollo sostenible en las comunidades locales.,,Radio Nacional del Perú,2025-10-07T05:00:00.446Z,cmgg1fs0g000a112g93a1z2i9,Medio Ambiente,#22C55E
cmgg3cbwc00sex7186vphhhv1,Gobierno anuncia nuevas medidas económicas para reactivar el país,https://www.radionacional.gob.pe/economia/gobierno-anuncia-nuevas-medidas-economicas-para-reactivar-el-pais#1759813200444-55oq705lo,"El Ministerio de Economía y Finanzas presentó un paquete de medidas destinadas a impulsar la reactivación económica del país, incluyendo incentivos fiscales y programas de apoyo a las pequeñas empresas.",,Radio Nacional del Perú,2025-10-07T05:00:00.445Z,cmgg1fs0c0002112gtz9dd9xz,Economía,#059669
cmgg3cbwd00sgx718aypt12sa,Cultura peruana celebra el Día Internacional de la Lengua Materna,https://www.radionacional.gob.pe/cultura/cultura-peruana-celebra-el-dia-internacional-de-la-lengua-materna#1759813200445-pa1k74wvh,"Diversas actividades culturales se realizan en todo el país para conmemorar el Día Internacional de la Lengua Materna, destacando la importancia de preservar las lenguas originarias del Perú.",,Radio Nacional del Perú,2025-10-07T05:00:00.445Z,cmgg1fs0b0000112g1dwxzwzw,Actualidad,#3B82F6
cmgg3cbw100sax718nujjdnyx,Artículo de diariocorreo.pe,https://diariocorreo.pe//articulo-1#1759813200432-cegrl5yg8,Contenido extraído usando selectores CSS personalizados...,,diariocorreo.pe,2025-10-07T05:00:00.433Z,,Sin categoría,
cmgg3cbw000s6x718xukx5e2w,Artículo de peru21.pe,https://peru21.pe//articulo-1#1759813200431-ncgy1fxe4,Contenido extraído usando selectores CSS personalizados...,,peru21.pe,2025-10-07T05:00:00.432Z,,Sin categoría,
cmgg3cbvz00s2x71814a4bk69,Artículo de larepublica.pe,https://larepublica.pe//articulo-1#1759813200430-4fuyd783m,Contenido extraído usando selectores CSS personalizados...,,larepublica.pe,2025-10-07T05:00:00.431Z,,Sin categoría,
cmgg3cbvy00ryx718e224gf4s,Artículo de elcomercio.pe,https://elcomercio.pe//articulo-1#1759813200429-83r26mvaw,Contenido extraído usando selectores CSS personalizados...,,elcomercio.pe,2025-10-07T05:00:00.430Z,,Sin categoría,
cmgg3cbvx00rux71865m0ojnf,Artículo de www.youtube.com,https://www.youtube.com/channel/UCkZCoc42IipR1ucqJmIehsA/articulo-1#1759813200429-dg9hlxrly,Contenido extraído usando selectores CSS personalizados...,,www.youtube.com,2025-10-07T05:00:00.429Z,,Sin categoría,
cmgg3cbvv00rqx718nw3a2iqe,Artículo de radios.com.pe,https://radios.com.pe/exitosa-lima//articulo-1#1759813200427-za4epfeam,Contenido extraído usando selectores CSS personalizados...,,radios.com.pe,2025-10-07T05:00:00.428Z,,Sin categoría,
cmgg3cbvu00rmx718mtz35nzk,Artículo de streema.com,https://streema.com/radios/Radio_Noticias_Peru/articulo-1#1759813200426-3ljh4j0lf,Contenido extraído usando selectores CSS personalizados...,,streema.com,2025-10-07T05:00:00.427Z,,Sin categoría,
cmgg3cbvt00rix718uslk3xt7,Artículo de radiouno.pe,https://radiouno.pe//articulo-1#1759813200425-afutoyvxo,Contenido extraído usando selectores CSS personalizados...,,radiouno.pe,2025-10-07T05:00:00.426Z,,Sin categoría,
cmgg3cbvs00rex7188d58dkup,Artículo de canaln.pe,https://canaln.pe//articulo-1#1759813200424-k72578mbw,Contenido extraído usando selectores CSS personalizados...,,canaln.pe,2025-10-07T05:00:00.425Z,,Sin categoría,
cmgg3cbvr00rax718vvx60lpg,Artículo de www.exitosanoticias.pe,https://www.exitosanoticias.pe//articulo-1#1759813200423-qol2kurwi,Contenido extraído usando selectores CSS personalizados...,,www.exitosanoticias.pe,2025-10-07T05:00:00.423Z,,Sin categoría,
cmgg3cbvp00r4x7185rm4uzxn,Crisis sanitaria en Brasil: lo que se sabe de la intoxicación masiva por metanol,https://rpp.pe/mundo/latinoamerica/crisis-sanitaria-en-brasil-lo-que-se-sabe-de-la-intoxicacion-masiva-por-metanol-noticia-123459#1759813200421-y5nowle84,Las autoridades brasileñas investigan una intoxicación masiva por metanol que ha causado muertes y la caída del consumo de alcohol en el país. Se han reportado varios casos en diferentes estados.,,RPP Noticias,2025-10-07T05:00:00.422Z,cmgg1fs0c0003112g7epw4vrz,Deportes,#F59E0B
cmgg3cbvq00r6x718fxt832yh,"Miguel Ángel Russo, entrenador de Boca Juniors, en grave estado de salud",https://rpp.pe/deportes/futbol/miguel-angel-russo-entrenador-de-boca-juniors-en-grave-estado-de-salud-noticia-123460#1759813200422-474n233fe,"El entrenador de Boca Juniors, Miguel Ángel Russo, se encuentra en grave estado de salud y fue internado en un centro médico. El club emitió un comunicado informando sobre su situación.",,RPP Noticias,2025-10-07T05:00:00.422Z,cmgg1fs0f0007112gev7odmxo,Salud,#10B981
cmgg3cbvo00r2x718s4uvr0vy,Corpac reconoce que hubo 'breve interrupción' en el funcionamiento del sistema de control radar,https://rpp.pe/lima/actualidad/corpac-reconoce-que-hubo-breve-interrupcion-en-el-funcionamiento-del-sistema-de-control-radar-noticia-123458#1759813200420-beohfwk01,La Corporación Peruana de Aeropuertos y Aviación Comercial (Corpac) reconoció que hubo una breve interrupción en el funcionamiento del sistema de control radar en el aeropuerto Jorge Chávez.,,RPP Noticias,2025-10-07T05:00:00.421Z,,Sin categoría,
cmgg3cbvn00qyx718pqsknfhb,Dirigentes transportistas acuerdan no continuar con el paro tras reunión con ministros,https://rpp.pe/politica/actualidad/dirigentes-transportistas-acuerdan-no-continuar-con-el-paro-tras-reunion-con-ministros-noticia-123456#1759813200419-5ehyttg3a,"Los representantes del sector sostuvieron una reunión con el jefe del Gabinete Ministerial, Eduardo Arana, y otros ministros en la que acordaron, entre otros puntos, la instalación de una mesa de trabajo.",,RPP Noticias,2025-10-07T05:00:00.420Z,cmgg1fs0b0001112g2lb2odtv,Política,#DC2626
cmgg3cbvo00r0x718cjvu072b,Con caras nuevas: Selección Peruana empezó sus entrenamientos pensando en duelo ante Chile,https://rpp.pe/deportes/futbol/con-caras-nuevas-seleccion-peruana-empezo-sus-entrenamientos-pensando-en-duelo-ante-chile-noticia-123457#1759813200420-rxa8c268f,"Con la presencia de 20 futbolistas, la Selección Peruana empezó sus entrenamientos en La Videna FPF con miras al partido amistoso ante Chile. Felipe Chávez de Bayern Munich dijo presente.",,RPP Noticias,2025-10-07T05:00:00.420Z,cmgg1fs0c0003112g7epw4vrz,Deportes,#F59E0B
cmgg3cbvk00qsx718xw35i8ha,Educación: Nuevas tecnologías llegan a escuelas rurales,https://www.radionacional.gob.pe/educacion/nuevas-tecnologias-llegan-a-escuelas-rurales#1759813200416-754rbrijk,"El Ministerio de Educación implementa programas de tecnología educativa en escuelas rurales, llevando internet y equipos informáticos a comunidades alejadas para mejorar la calidad educativa.",,Radio Nacional del Perú,2025-10-07T05:00:00.417Z,cmgg1fs0f0008112gsse5oyp2,Sociedad,#F97316
cmgg3cbvl00qux718cp1k7ekw,Medio ambiente: Proyecto de conservación en la Amazonía peruana,https://www.radionacional.gob.pe/medio-ambiente/proyecto-de-conservacion-en-la-amazonia-peruana#1759813200417-jbeyop4p9,Se lanza un nuevo proyecto de conservación en la Amazonía peruana que busca proteger la biodiversidad y promover el desarrollo sostenible en las comunidades locales.,,Radio Nacional del Perú,2025-10-07T05:00:00.417Z,cmgg1fs0g000a112g93a1z2i9,Medio Ambiente,#22C55E
cmgg3cbvk00qqx7183dogpmu1,Ministerio de Salud reporta avances en campaña de vacunación,https://www.radionacional.gob.pe/salud/ministerio-de-salud-reporta-avances-en-campana-de-vacunacion#1759813200415-ckwvp6e2l,"El Ministerio de Salud informó sobre los avances en la campaña de vacunación contra diversas enfermedades, alcanzando importantes coberturas en las regiones más vulnerables del país.",,Radio Nacional del Perú,2025-10-07T05:00:00.416Z,cmgg1fs0f0007112gev7odmxo,Salud,#10B981
cmgg3cbvi00qmx718u0hrzimf,Gobierno anuncia nuevas medidas económicas para reactivar el país,https://www.radionacional.gob.pe/economia/gobierno-anuncia-nuevas-medidas-economicas-para-reactivar-el-pais#1759813200414-8962xl50b,"El Ministerio de Economía y Finanzas presentó un paquete de medidas destinadas a impulsar la reactivación económica del país, incluyendo incentivos fiscales y programas de apoyo a las pequeñas empresas.",,Radio Nacional del Perú,2025-10-07T05:00:00.415Z,cmgg1fs0c0002112gtz9dd9xz,Economía,#059669
cmgg3cbvj00qox718yohsqdq3,Cultura peruana celebra el Día Internacional de la Lengua Materna,https://www.radionacional.gob.pe/cultura/cultura-peruana-celebra-el-dia-internacional-de-la-lengua-materna#1759813200415-78lg2eb6h,"Diversas actividades culturales se realizan en todo el país para conmemorar el Día Internacional de la Lengua Materna, destacando la importancia de preservar las lenguas originarias del Perú.",,Radio Nacional del Perú,2025-10-07T05:00:00.415Z,cmgg1fs0b0000112g1dwxzwzw,Actualidad,#3B82F6
cmgg3cbux00qix718hefnibpf,Artículo de diariocorreo.pe,https://diariocorreo.pe//articulo-1#1759813200393-p4aksuysp,Contenido extraído usando selectores CSS personalizados...,,diariocorreo.pe,2025-10-07T05:00:00.394Z,,Sin categoría,
cmgg3cbuw00qex718cze2nmjv,Artículo de peru21.pe,https://peru21.pe//articulo-1#1759813200392-alst8sham,Contenido extraído usando selectores CSS personalizados...,,peru21.pe,2025-10-07T05:00:00.393Z,,Sin categoría,
cmgg3cbuv00qax718e8rwly1m,Artículo de larepublica.pe,https://larepublica.pe//articulo-1#1759813200391-4mtm024z1,Contenido extraído usando selectores CSS personalizados...,,larepublica.pe,2025-10-07T05:00:00.391Z,,Sin categoría,
cmgg3cbuu00q6x718sr3lt12e,Artículo de elcomercio.pe,https://elcomercio.pe//articulo-1#1759813200389-objizz333,Contenido extraído usando selectores CSS personalizados...,,elcomercio.pe,2025-10-07T05:00:00.390Z,,Sin categoría,
cmgg3cbus00q2x71895b02nw9,Artículo de www.youtube.com,https://www.youtube.com/channel/UCkZCoc42IipR1ucqJmIehsA/articulo-1#1759813200388-b4g4a9s49,Contenido extraído usando selectores CSS personalizados...,,www.youtube.com,2025-10-07T05:00:00.389Z,,Sin categoría,
cmgg3cbur00pyx718tflzg6sv,Artículo de radios.com.pe,https://radios.com.pe/exitosa-lima//articulo-1#1759813200387-3ve34p6xz,Contenido extraído usando selectores CSS personalizados...,,radios.com.pe,2025-10-07T05:00:00.387Z,,Sin categoría,
cmgg3cbuq00pux7185kddmnqz,Artículo de streema.com,https://streema.com/radios/Radio_Noticias_Peru/articulo-1#1759813200385-wctn7n4pt,Contenido extraído usando selectores CSS personalizados...,,streema.com,2025-10-07T05:00:00.386Z,,Sin categoría,
cmgg3cbuo00pqx718z0tu5p50,Artículo de radiouno.pe,https://radiouno.pe//articulo-1#1759813200384-3mytz6m9o,Contenido extraído usando selectores CSS personalizados...,,radiouno.pe,2025-10-07T05:00:00.384Z,,Sin categoría,
cmgg3cbum00pmx7183yi4ljqi,Artículo de canaln.pe,https://canaln.pe//articulo-1#1759813200382-7slpwzrxy,Contenido extraído usando selectores CSS personalizados...,,canaln.pe,2025-10-07T05:00:00.383Z,,Sin categoría,
cmgg3cbul00pix718fa33og0o,Artículo de www.exitosanoticias.pe,https://www.exitosanoticias.pe//articulo-1#1759813200381-mgmy8jerp,Contenido extraído usando selectores CSS personalizados...,,www.exitosanoticias.pe,2025-10-07T05:00:00.381Z,,Sin categoría,
cmgg3cbuj00pex718b1xpe3fu,"Miguel Ángel Russo, entrenador de Boca Juniors, en grave estado de salud",https://rpp.pe/deportes/futbol/miguel-angel-russo-entrenador-de-boca-juniors-en-grave-estado-de-salud-noticia-123460#1759813200379-emnmma5pe,"El entrenador de Boca Juniors, Miguel Ángel Russo, se encuentra en grave estado de salud y fue internado en un centro médico. El club emitió un comunicado informando sobre su situación.",,RPP Noticias,2025-10-07T05:00:00.380Z,cmgg1fs0f0007112gev7odmxo,Salud,#10B981
cmgg3cbui00pcx718uf2kd7uf,Crisis sanitaria en Brasil: lo que se sabe de la intoxicación masiva por metanol,https://rpp.pe/mundo/latinoamerica/crisis-sanitaria-en-brasil-lo-que-se-sabe-de-la-intoxicacion-masiva-por-metanol-noticia-123459#1759813200378-tqbyc3yte,Las autoridades brasileñas investigan una intoxicación masiva por metanol que ha causado muertes y la caída del consumo de alcohol en el país. Se han reportado varios casos en diferentes estados.,,RPP Noticias,2025-10-07T05:00:00.379Z,cmgg1fs0c0003112g7epw4vrz,Deportes,#F59E0B
cmgg3cbui00pax718cogm9gad,Corpac reconoce que hubo 'breve interrupción' en el funcionamiento del sistema de control radar,https://rpp.pe/lima/actualidad/corpac-reconoce-que-hubo-breve-interrupcion-en-el-funcionamiento-del-sistema-de-control-radar-noticia-123458#1759813200377-a8r8jvsk4,La Corporación Peruana de Aeropuertos y Aviación Comercial (Corpac) reconoció que hubo una breve interrupción en el funcionamiento del sistema de control radar en el aeropuerto Jorge Chávez.,,RPP Noticias,2025-10-07T05:00:00.378Z,,Sin categoría,
cmgg3cbuh00p8x718ogg9yqfw,Con caras nuevas: Selección Peruana empezó sus entrenamientos pensando en duelo ante Chile,https://rpp.pe/deportes/futbol/con-caras-nuevas-seleccion-peruana-empezo-sus-entrenamientos-pensando-en-duelo-ante-chile-noticia-123457#1759813200377-llqbz77wf,"Con la presencia de 20 futbolistas, la Selección Peruana empezó sus entrenamientos en La Videna FPF con miras al partido amistoso ante Chile. Felipe Chávez de Bayern Munich dijo presente.",,RPP Noticias,2025-10-07T05:00:00.377Z,cmgg1fs0c0003112g7epw4vrz,Deportes,#F59E0B
cmgg3cbug00p6x718iclpoglw,Dirigentes transportistas acuerdan no continuar con el paro tras reunión con ministros,https://rpp.pe/politica/actualidad/dirigentes-transportistas-acuerdan-no-continuar-con-el-paro-tras-reunion-con-ministros-noticia-123456#1759813200376-gu441q0jd,"Los representantes del sector sostuvieron una reunión con el jefe del Gabinete Ministerial, Eduardo Arana, y otros ministros en la que acordaron, entre otros puntos, la instalación de una mesa de trabajo.",,RPP Noticias,2025-10-07T05:00:00.376Z,cmgg1fs0b0001112g2lb2odtv,Política,#DC2626
cmgg3cbub00p2x718atk50eu7,Medio ambiente: Proyecto de conservación en la Amazonía peruana,https://www.radionacional.gob.pe/medio-ambiente/proyecto-de-conservacion-en-la-amazonia-peruana#1759813200371-bvr24z62i,Se lanza un nuevo proyecto de conservación en la Amazonía peruana que busca proteger la biodiversidad y promover el desarrollo sostenible en las comunidades locales.,,Radio Nacional del Perú,2025-10-07T05:00:00.372Z,cmgg1fs0g000a112g93a1z2i9,Medio Ambiente,#22C55E
cmgg3cbua00p0x71884beaude,Educación: Nuevas tecnologías llegan a escuelas rurales,https://www.radionacional.gob.pe/educacion/nuevas-tecnologias-llegan-a-escuelas-rurales#1759813200370-hox8gyaek,"El Ministerio de Educación implementa programas de tecnología educativa en escuelas rurales, llevando internet y equipos informáticos a comunidades alejadas para mejorar la calidad educativa.",,Radio Nacional del Perú,2025-10-07T05:00:00.371Z,cmgg1fs0f0008112gsse5oyp2,Sociedad,#F97316
cmgg3cbu900oyx718dkt6sx0q,Ministerio de Salud reporta avances en campaña de vacunación,https://www.radionacional.gob.pe/salud/ministerio-de-salud-reporta-avances-en-campana-de-vacunacion#1759813200369-99neoalqe,"El Ministerio de Salud informó sobre los avances en la campaña de vacunación contra diversas enfermedades, alcanzando importantes coberturas en las regiones más vulnerables del país.",,Radio Nacional del Perú,2025-10-07T05:00:00.370Z,cmgg1fs0f0007112gev7odmxo,Salud,#10B981
cmgg3cbu800owx718fwvyj7g3,Cultura peruana celebra el Día Internacional de la Lengua Materna,https://www.radionacional.gob.pe/cultura/cultura-peruana-celebra-el-dia-internacional-de-la-lengua-materna#1759813200367-g9wmysqkp,"Diversas actividades culturales se realizan en todo el país para conmemorar el Día Internacional de la Lengua Materna, destacando la importancia de preservar las lenguas originarias del Perú.",,Radio Nacional del Perú,2025-10-07T05:00:00.368Z,cmgg1fs0b0000112g1dwxzwzw,Actualidad,#3B82F6
cmgg3cbu500oux718wenls05y,Gobierno anuncia nuevas medidas económicas para reactivar el país,https://www.radionacional.gob.pe/economia/gobierno-anuncia-nuevas-medidas-economicas-para-reactivar-el-pais#1759813200365-wz04boyor,"El Ministerio de Economía y Finanzas presentó un paquete de medidas destinadas a impulsar la reactivación económica del país, incluyendo incentivos fiscales y programas de apoyo a las pequeñas empresas.",,Radio Nacional del Perú,2025-10-07T05:00:00.366Z,cmgg1fs0c0002112gtz9dd9xz,Economía,#059669
cmgg3cbqc00oqx718am9na30f,Artículo de diariocorreo.pe,https://diariocorreo.pe//articulo-1#1759813200228-8uyzrq5sb,Contenido extraído usando selectores CSS personalizados...,,diariocorreo.pe,2025-10-07T05:00:00.229Z,,Sin categoría,
cmgg3cbqb00omx718ttjf4r05,Artículo de peru21.pe,https://peru21.pe//articulo-1#1759813200227-wptfp02t9,Contenido extraído usando selectores CSS personalizados...,,peru21.pe,2025-10-07T05:00:00.228Z,,Sin categoría,
cmgg3cbqa00oix718wsjl7fyw,Artículo de larepublica.pe,https://larepublica.pe//articulo-1#1759813200226-b1rgk9aaq,Contenido extraído usando selectores CSS personalizados...,,larepublica.pe,2025-10-07T05:00:00.226Z,,Sin categoría,
cmgg3cbq900oex718y3bc4xr2,Artículo de elcomercio.pe,https://elcomercio.pe//articulo-1#1759813200225-mg8n4igum,Contenido extraído usando selectores CSS personalizados...,,elcomercio.pe,2025-10-07T05:00:00.225Z,,Sin categoría,
cmgg3cbq700oax7182bgaqp8v,Artículo de www.youtube.com,https://www.youtube.com/channel/UCkZCoc42IipR1ucqJmIehsA/articulo-1#1759813200223-e29dpb6vs,Contenido extraído usando selectores CSS personalizados...,,www.youtube.com,2025-10-07T05:00:00.224Z,,Sin categoría,
cmgg3cbq600o6x718giul9sok,Artículo de radios.com.pe,https://radios.com.pe/exitosa-lima//articulo-1#1759813200221-iz8k42sjn,Contenido extraído usando selectores CSS personalizados...,,radios.com.pe,2025-10-07T05:00:00.222Z,,Sin categoría,
cmgg3cbq400o2x718xnl6jopp,Artículo de streema.com,https://streema.com/radios/Radio_Noticias_Peru/articulo-1#1759813200220-knif2fwtx,Contenido extraído usando selectores CSS personalizados...,,streema.com,2025-10-07T05:00:00.220Z,,Sin categoría,
cmgg3cbq200nyx718v4v2w9kh,Artículo de radiouno.pe,https://radiouno.pe//articulo-1#1759813200218-2m1gki7g7,Contenido extraído usando selectores CSS personalizados...,,radiouno.pe,2025-10-07T05:00:00.219Z,,Sin categoría,
cmgg3cbq000nux718wpppt1t9,Artículo de canaln.pe,https://canaln.pe//articulo-1#1759813200216-s09rso3z3,Contenido extraído usando selectores CSS personalizados...,,canaln.pe,2025-10-07T05:00:00.217Z,,Sin categoría,
cmgg3cbpy00nqx7186dh6dycz,Artículo de www.exitosanoticias.pe,https://www.exitosanoticias.pe//articulo-1#1759813200214-dgfq2y42h,Contenido extraído usando selectores CSS personalizados...,,www.exitosanoticias.pe,2025-10-07T05:00:00.215Z,,Sin categoría,
cmgg3cbpw00nmx718fpdldrt2,"Miguel Ángel Russo, entrenador de Boca Juniors, en grave estado de salud",https://rpp.pe/deportes/futbol/miguel-angel-russo-entrenador-de-boca-juniors-en-grave-estado-de-salud-noticia-123460#1759813200212-hdjjfb3nr,"El entrenador de Boca Juniors, Miguel Ángel Russo, se encuentra en grave estado de salud y fue internado en un centro médico. El club emitió un comunicado informando sobre su situación.",,RPP Noticias,2025-10-07T05:00:00.213Z,cmgg1fs0f0007112gev7odmxo,Salud,#10B981
cmgg3cbpv00nkx718mizev5ce,Crisis sanitaria en Brasil: lo que se sabe de la intoxicación masiva por metanol,https://rpp.pe/mundo/latinoamerica/crisis-sanitaria-en-brasil-lo-que-se-sabe-de-la-intoxicacion-masiva-por-metanol-noticia-123459#1759813200211-xzn4ipxp4,Las autoridades brasileñas investigan una intoxicación masiva por metanol que ha causado muertes y la caída del consumo de alcohol en el país. Se han reportado varios casos en diferentes estados.,,RPP Noticias,2025-10-07T05:00:00.212Z,cmgg1fs0c0003112g7epw4vrz,Deportes,#F59E0B
cmgg3cbpv00nix718cwvm03pe,Corpac reconoce que hubo 'breve interrupción' en el funcionamiento del sistema de control radar,https://rpp.pe/lima/actualidad/corpac-reconoce-que-hubo-breve-interrupcion-en-el-funcionamiento-del-sistema-de-control-radar-noticia-123458#1759813200211-s5c5453t4,La Corporación Peruana de Aeropuertos y Aviación Comercial (Corpac) reconoció que hubo una breve interrupción en el funcionamiento del sistema de control radar en el aeropuerto Jorge Chávez.,,RPP Noticias,2025-10-07T05:00:00.211Z,,Sin categoría,
cmgg3cbpu00ngx718gb9z37bu,Con caras nuevas: Selección Peruana empezó sus entrenamientos pensando en duelo ante Chile,https://rpp.pe/deportes/futbol/con-caras-nuevas-seleccion-peruana-empezo-sus-entrenamientos-pensando-en-duelo-ante-chile-noticia-123457#1759813200210-c3du89vwz,"Con la presencia de 20 futbolistas, la Selección Peruana empezó sus entrenamientos en La Videna FPF con miras al partido amistoso ante Chile. Felipe Chávez de Bayern Munich dijo presente.",,RPP Noticias,2025-10-07T05:00:00.210Z,cmgg1fs0c0003112g7epw4vrz,Deportes,#F59E0B
cmgg3cbps00nex718mxfvv1aj,Dirigentes transportistas acuerdan no continuar con el paro tras reunión con ministros,https://rpp.pe/politica/actualidad/dirigentes-transportistas-acuerdan-no-continuar-con-el-paro-tras-reunion-con-ministros-noticia-123456#1759813200208-wzr9tdzpi,"Los representantes del sector sostuvieron una reunión con el jefe del Gabinete Ministerial, Eduardo Arana, y otros ministros en la que acordaron, entre otros puntos, la instalación de una mesa de trabajo.",,RPP Noticias,2025-10-07T05:00:00.209Z,cmgg1fs0b0001112g2lb2odtv,Política,#DC2626
cmgg3cbpm00nax7183ba7fcsj,Medio ambiente: Proyecto de conservación en la Amazonía peruana,https://www.radionacional.gob.pe/medio-ambiente/proyecto-de-conservacion-en-la-amazonia-peruana#1759813200202-nmw261v4y,Se lanza un nuevo proyecto de conservación en la Amazonía peruana que busca proteger la biodiversidad y promover el desarrollo sostenible en las comunidades locales.,,Radio Nacional del Perú,2025-10-07T05:00:00.203Z,cmgg1fs0g000a112g93a1z2i9,Medio Ambiente,#22C55E
cmgg3cbpl00n8x71884k5dyjf,Educación: Nuevas tecnologías llegan a escuelas rurales,https://www.radionacional.gob.pe/educacion/nuevas-tecnologias-llegan-a-escuelas-rurales#1759813200201-fdiemc3i8,"El Ministerio de Educación implementa programas de tecnología educativa en escuelas rurales, llevando internet y equipos informáticos a comunidades alejadas para mejorar la calidad educativa.",,Radio Nacional del Perú,2025-10-07T05:00:00.201Z,cmgg1fs0f0008112gsse5oyp2,Sociedad,#F97316
cmgg3cbpk00n6x718ky2eph9h,Ministerio de Salud reporta avances en campaña de vacunación,https://www.radionacional.gob.pe/salud/ministerio-de-salud-reporta-avances-en-campana-de-vacunacion#1759813200200-81fa8k7ff,"El Ministerio de Salud informó sobre los avances en la campaña de vacunación contra diversas enfermedades, alcanzando importantes coberturas en las regiones más vulnerables del país.",,Radio Nacional del Perú,2025-10-07T05:00:00.200Z,cmgg1fs0f0007112gev7odmxo,Salud,#10B981
cmgg3cbpi00n4x718gm0fdrdd,Cultura peruana celebra el Día Internacional de la Lengua Materna,https://www.radionacional.gob.pe/cultura/cultura-peruana-celebra-el-dia-internacional-de-la-lengua-materna#1759813200198-zekw5550b,"Diversas actividades culturales se realizan en todo el país para conmemorar el Día Internacional de la Lengua Materna, destacando la importancia de preservar las lenguas originarias del Perú.",,Radio Nacional del Perú,2025-10-07T05:00:00.199Z,cmgg1fs0b0000112g1dwxzwzw,Actualidad,#3B82F6
cmgg3cbpg00n2x718zltci4pa,Gobierno anuncia nuevas medidas económicas para reactivar el país,https://www.radionacional.gob.pe/economia/gobierno-anuncia-nuevas-medidas-economicas-para-reactivar-el-pais#1759813200196-4q3sfo46h,"El Ministerio de Economía y Finanzas presentó un paquete de medidas destinadas a impulsar la reactivación económica del país, incluyendo incentivos fiscales y programas de apoyo a las pequeñas empresas.",,Radio Nacional del Perú,2025-10-07T05:00:00.196Z,cmgg1fs0c0002112gtz9dd9xz,Economía,#059669
cmgg3cb5y00myx718jyraiutp,Artículo de diariocorreo.pe,https://diariocorreo.pe//articulo-1#1759813199494-lj1k8v6je,Contenido extraído usando selectores CSS personalizados...,,diariocorreo.pe,2025-10-07T04:59:59.495Z,,Sin categoría,
cmgg3cb5x00mux718d9xy7dp5,Artículo de peru21.pe,https://peru21.pe//articulo-1#1759813199493-a7fs1i8w4,Contenido extraído usando selectores CSS personalizados...,,peru21.pe,2025-10-07T04:59:59.493Z,,Sin categoría,
cmgg3cb5w00mqx718e0l66rrb,Artículo de larepublica.pe,https://larepublica.pe//articulo-1#1759813199492-4y4ifswpj,Contenido extraído usando selectores CSS personalizados...,,larepublica.pe,2025-10-07T04:59:59.492Z,,Sin categoría,
cmgg3cb5v00mmx718fn60phap,Artículo de elcomercio.pe,https://elcomercio.pe//articulo-1#1759813199490-2ll4pjr3k,Contenido extraído usando selectores CSS personalizados...,,elcomercio.pe,2025-10-07T04:59:59.491Z,,Sin categoría,
cmgg3cb5t00mix718714si66s,Artículo de www.youtube.com,https://www.youtube.com/channel/UCkZCoc42IipR1ucqJmIehsA/articulo-1#1759813199489-eevj6imya,Contenido extraído usando selectores CSS personalizados...,,www.youtube.com,2025-10-07T04:59:59.490Z,,Sin categoría,
cmgg3cb5s00mex718sv4pf60v,Artículo de radios.com.pe,https://radios.com.pe/exitosa-lima//articulo-1#1759813199488-z5pph46xb,Contenido extraído usando selectores CSS personalizados...,,radios.com.pe,2025-10-07T04:59:59.488Z,,Sin categoría,
cmgg3cb5r00max718bf8u5ily,Artículo de streema.com,https://streema.com/radios/Radio_Noticias_Peru/articulo-1#1759813199486-8kqa7kl6q,Contenido extraído usando selectores CSS personalizados...,,streema.com,2025-10-07T04:59:59.487Z,,Sin categoría,
cmgg3cb5p00m6x71897wwav34,Artículo de radiouno.pe,https://radiouno.pe//articulo-1#1759813199485-hvk5o6uy5,Contenido extraído usando selectores CSS personalizados...,,radiouno.pe,2025-10-07T04:59:59.486Z,,Sin categoría,
cmgg3cb5o00m2x718gjtd3abj,Artículo de canaln.pe,https://canaln.pe//articulo-1#1759813199484-w4s7xkk30,Contenido extraído usando selectores CSS personalizados...,,canaln.pe,2025-10-07T04:59:59.484Z,,Sin categoría,
cmgg3cb5m00lyx718mztcif0l,Artículo de www.exitosanoticias.pe,https://www.exitosanoticias.pe//articulo-1#1759813199482-btqm19akg,Contenido extraído usando selectores CSS personalizados...,,www.exitosanoticias.pe,2025-10-07T04:59:59.483Z,,Sin categoría,
cmgg3cb5k00lsx718axl8mtxx,Crisis sanitaria en Brasil: lo que se sabe de la intoxicación masiva por metanol,https://rpp.pe/mundo/latinoamerica/crisis-sanitaria-en-brasil-lo-que-se-sabe-de-la-intoxicacion-masiva-por-metanol-noticia-123459#1759813199480-ck35ei9dr,Las autoridades brasileñas investigan una intoxicación masiva por metanol que ha causado muertes y la caída del consumo de alcohol en el país. Se han reportado varios casos en diferentes estados.,,RPP Noticias,2025-10-07T04:59:59.481Z,cmgg1fs0c0003112g7epw4vrz,Deportes,#F59E0B
cmgg3cb5l00lux718ltbgn1k3,"Miguel Ángel Russo, entrenador de Boca Juniors, en grave estado de salud",https://rpp.pe/deportes/futbol/miguel-angel-russo-entrenador-de-boca-juniors-en-grave-estado-de-salud-noticia-123460#1759813199481-kubqs4doa,"El entrenador de Boca Juniors, Miguel Ángel Russo, se encuentra en grave estado de salud y fue internado en un centro médico. El club emitió un comunicado informando sobre su situación.",,RPP Noticias,2025-10-07T04:59:59.481Z,cmgg1fs0f0007112gev7odmxo,Salud,#10B981
cmgg3cb5j00lqx718bdcnw6rr,Corpac reconoce que hubo 'breve interrupción' en el funcionamiento del sistema de control radar,https://rpp.pe/lima/actualidad/corpac-reconoce-que-hubo-breve-interrupcion-en-el-funcionamiento-del-sistema-de-control-radar-noticia-123458#1759813199479-s0kr6zech,La Corporación Peruana de Aeropuertos y Aviación Comercial (Corpac) reconoció que hubo una breve interrupción en el funcionamiento del sistema de control radar en el aeropuerto Jorge Chávez.,,RPP Noticias,2025-10-07T04:59:59.480Z,,Sin categoría,
cmgg3cb5j00lox718119s79i6,Con caras nuevas: Selección Peruana empezó sus entrenamientos pensando en duelo ante Chile,https://rpp.pe/deportes/futbol/con-caras-nuevas-seleccion-peruana-empezo-sus-entrenamientos-pensando-en-duelo-ante-chile-noticia-123457#1759813199478-94vvgj6tf,"Con la presencia de 20 futbolistas, la Selección Peruana empezó sus entrenamientos en La Videna FPF con miras al partido amistoso ante Chile. Felipe Chávez de Bayern Munich dijo presente.",,RPP Noticias,2025-10-07T04:59:59.479Z,cmgg1fs0c0003112g7epw4vrz,Deportes,#F59E0B
cmgg3cb5i00lmx718ok5bdtlp,Dirigentes transportistas acuerdan no continuar con el paro tras reunión con ministros,https://rpp.pe/politica/actualidad/dirigentes-transportistas-acuerdan-no-continuar-con-el-paro-tras-reunion-con-ministros-noticia-123456#1759813199478-4wtb1bjvp,"Los representantes del sector sostuvieron una reunión con el jefe del Gabinete Ministerial, Eduardo Arana, y otros ministros en la que acordaron, entre otros puntos, la instalación de una mesa de trabajo.",,RPP Noticias,2025-10-07T04:59:59.478Z,cmgg1fs0b0001112g2lb2odtv,Política,#DC2626
cmgg3cb5e00lix718lklcx4gg,Medio ambiente: Proyecto de conservación en la Amazonía peruana,https://www.radionacional.gob.pe/medio-ambiente/proyecto-de-conservacion-en-la-amazonia-peruana#1759813199474-yh0quwbff,Se lanza un nuevo proyecto de conservación en la Amazonía peruana que busca proteger la biodiversidad y promover el desarrollo sostenible en las comunidades locales.,,Radio Nacional del Perú,2025-10-07T04:59:59.474Z,cmgg1fs0g000a112g93a1z2i9,Medio Ambiente,#22C55E
cmgg3cb5d00lgx718ol6xk9vs,Educación: Nuevas tecnologías llegan a escuelas rurales,https://www.radionacional.gob.pe/educacion/nuevas-tecnologias-llegan-a-escuelas-rurales#1759813199473-8rychv8rs,"El Ministerio de Educación implementa programas de tecnología educativa en escuelas rurales, llevando internet y equipos informáticos a comunidades alejadas para mejorar la calidad educativa.",,Radio Nacional del Perú,2025-10-07T04:59:59.473Z,cmgg1fs0f0008112gsse5oyp2,Sociedad,#F97316
cmgg3cb5c00lex7181dg3d4g1,Ministerio de Salud reporta avances en campaña de vacunación,https://www.radionacional.gob.pe/salud/ministerio-de-salud-reporta-avances-en-campana-de-vacunacion#1759813199472-u4h75l2eu,"El Ministerio de Salud informó sobre los avances en la campaña de vacunación contra diversas enfermedades, alcanzando importantes coberturas en las regiones más vulnerables del país.",,Radio Nacional del Perú,2025-10-07T04:59:59.472Z,cmgg1fs0f0007112gev7odmxo,Salud,#10B981
cmgg3cb5b00lcx7184syqts35,Cultura peruana celebra el Día Internacional de la Lengua Materna,https://www.radionacional.gob.pe/cultura/cultura-peruana-celebra-el-dia-internacional-de-la-lengua-materna#1759813199470-mne9tah7n,"Diversas actividades culturales se realizan en todo el país para conmemorar el Día Internacional de la Lengua Materna, destacando la importancia de preservar las lenguas originarias del Perú.",,Radio Nacional del Perú,2025-10-07T04:59:59.471Z,cmgg1fs0b0000112g1dwxzwzw,Actualidad,#3B82F6
cmgg3cb5800lax718opqrttkq,Gobierno anuncia nuevas medidas económicas para reactivar el país,https://www.radionacional.gob.pe/economia/gobierno-anuncia-nuevas-medidas-economicas-para-reactivar-el-pais#1759813199468-r28z77yrw,"El Ministerio de Economía y Finanzas presentó un paquete de medidas destinadas a impulsar la reactivación económica del país, incluyendo incentivos fiscales y programas de apoyo a las pequeñas empresas.",,Radio Nacional del Perú,2025-10-07T04:59:59.469Z,cmgg1fs0c0002112gtz9dd9xz,Economía,#059669
cmgg3c30k00l6x718fs6f8enf,Artículo de diariocorreo.pe,https://diariocorreo.pe//articulo-1#1759813188932-ra1p3doj8,Contenido extraído usando selectores CSS personalizados...,,diariocorreo.pe,2025-10-07T04:59:48.933Z,,Sin categoría,
cmgg3c30j00l2x7184oeys8mh,Artículo de peru21.pe,https://peru21.pe//articulo-1#1759813188931-khj7hrh7i,Contenido extraído usando selectores CSS personalizados...,,peru21.pe,2025-10-07T04:59:48.931Z,,Sin categoría,
cmgg3c30i00kyx7186ng1vv8r,Artículo de larepublica.pe,https://larepublica.pe//articulo-1#1759813188930-cl9rgzs09,Contenido extraído usando selectores CSS personalizados...,,larepublica.pe,2025-10-07T04:59:48.930Z,,Sin categoría,
cmgg3c30h00kux7184en2ax58,Artículo de elcomercio.pe,https://elcomercio.pe//articulo-1#1759813188929-teismawjj,Contenido extraído usando selectores CSS personalizados...,,elcomercio.pe,2025-10-07T04:59:48.929Z,,Sin categoría,
cmgg3c30g00kqx718i8kdu9ut,Artículo de www.youtube.com,https://www.youtube.com/channel/UCkZCoc42IipR1ucqJmIehsA/articulo-1#1759813188928-3gtu2ihvk,Contenido extraído usando selectores CSS personalizados...,,www.youtube.com,2025-10-07T04:59:48.928Z,,Sin categoría,
cmgg3c30e00kmx7183fqzu2yi,Artículo de radios.com.pe,https://radios.com.pe/exitosa-lima//articulo-1#1759813188926-gei2ke1s8,Contenido extraído usando selectores CSS personalizados...,,radios.com.pe,2025-10-07T04:59:48.927Z,,Sin categoría,
cmgg3c30d00kix718snuuaq8l,Artículo de streema.com,https://streema.com/radios/Radio_Noticias_Peru/articulo-1#1759813188925-esnw8tvbx,Contenido extraído usando selectores CSS personalizados...,,streema.com,2025-10-07T04:59:48.926Z,,Sin categoría,
cmgg3c30c00kex718cf5323he,Artículo de radiouno.pe,https://radiouno.pe//articulo-1#1759813188924-1yip9g7lu,Contenido extraído usando selectores CSS personalizados...,,radiouno.pe,2025-10-07T04:59:48.924Z,,Sin categoría,
cmgg3c30b00kax71860zfhy8q,Artículo de canaln.pe,https://canaln.pe//articulo-1#1759813188923-acz53qasz,Contenido extraído usando selectores CSS personalizados...,,canaln.pe,2025-10-07T04:59:48.923Z,,Sin categoría,
cmgg3c30900k6x7188wswczd1,Artículo de www.exitosanoticias.pe,https://www.exitosanoticias.pe//articulo-1#1759813188921-odwfon524,Contenido extraído usando selectores CSS personalizados...,,www.exitosanoticias.pe,2025-10-07T04:59:48.922Z,,Sin categoría,
cmgg3c30700k0x718lwg12q20,Crisis sanitaria en Brasil: lo que se sabe de la intoxicación masiva por metanol,https://rpp.pe/mundo/latinoamerica/crisis-sanitaria-en-brasil-lo-que-se-sabe-de-la-intoxicacion-masiva-por-metanol-noticia-123459#1759813188919-xtuxmjmh4,Las autoridades brasileñas investigan una intoxicación masiva por metanol que ha causado muertes y la caída del consumo de alcohol en el país. Se han reportado varios casos en diferentes estados.,,RPP Noticias,2025-10-07T04:59:48.920Z,cmgg1fs0c0003112g7epw4vrz,Deportes,#F59E0B
cmgg3c30800k2x718houbnpiu,"Miguel Ángel Russo, entrenador de Boca Juniors, en grave estado de salud",https://rpp.pe/deportes/futbol/miguel-angel-russo-entrenador-de-boca-juniors-en-grave-estado-de-salud-noticia-123460#1759813188920-gi8eya2v4,"El entrenador de Boca Juniors, Miguel Ángel Russo, se encuentra en grave estado de salud y fue internado en un centro médico. El club emitió un comunicado informando sobre su situación.",,RPP Noticias,2025-10-07T04:59:48.920Z,cmgg1fs0f0007112gev7odmxo,Salud,#10B981
cmgg3c30600jyx718uj9puk4d,Corpac reconoce que hubo 'breve interrupción' en el funcionamiento del sistema de control radar,https://rpp.pe/lima/actualidad/corpac-reconoce-que-hubo-breve-interrupcion-en-el-funcionamiento-del-sistema-de-control-radar-noticia-123458#1759813188918-8p0vyw6ic,La Corporación Peruana de Aeropuertos y Aviación Comercial (Corpac) reconoció que hubo una breve interrupción en el funcionamiento del sistema de control radar en el aeropuerto Jorge Chávez.,,RPP Noticias,2025-10-07T04:59:48.919Z,,Sin categoría,
cmgg3c30600jwx71841i2c1pq,Con caras nuevas: Selección Peruana empezó sus entrenamientos pensando en duelo ante Chile,https://rpp.pe/deportes/futbol/con-caras-nuevas-seleccion-peruana-empezo-sus-entrenamientos-pensando-en-duelo-ante-chile-noticia-123457#1759813188918-yoiejfxsw,"Con la presencia de 20 futbolistas, la Selección Peruana empezó sus entrenamientos en La Videna FPF con miras al partido amistoso ante Chile. Felipe Chávez de Bayern Munich dijo presente.",,RPP Noticias,2025-10-07T04:59:48.918Z,cmgg1fs0c0003112g7epw4vrz,Deportes,#F59E0B
cmgg3c30500jux7180qmqbhgr,Dirigentes transportistas acuerdan no continuar con el paro tras reunión con ministros,https://rpp.pe/politica/actualidad/dirigentes-transportistas-acuerdan-no-continuar-con-el-paro-tras-reunion-con-ministros-noticia-123456#1759813188916-rox28eez7,"Los representantes del sector sostuvieron una reunión con el jefe del Gabinete Ministerial, Eduardo Arana, y otros ministros en la que acordaron, entre otros puntos, la instalación de una mesa de trabajo.",,RPP Noticias,2025-10-07T04:59:48.917Z,cmgg1fs0b0001112g2lb2odtv,Política,#DC2626
cmgg3c30100jqx718e0al1kox,Medio ambiente: Proyecto de conservación en la Amazonía peruana,https://www.radionacional.gob.pe/medio-ambiente/proyecto-de-conservacion-en-la-amazonia-peruana#1759813188912-ygqxz0dkm,Se lanza un nuevo proyecto de conservación en la Amazonía peruana que busca proteger la biodiversidad y promover el desarrollo sostenible en las comunidades locales.,,Radio Nacional del Perú,2025-10-07T04:59:48.913Z,cmgg1fs0g000a112g93a1z2i9,Medio Ambiente,#22C55E
cmgg3c30000jox718nxkvolnw,Educación: Nuevas tecnologías llegan a escuelas rurales,https://www.radionacional.gob.pe/educacion/nuevas-tecnologias-llegan-a-escuelas-rurales#1759813188911-8pgqedh7j,"El Ministerio de Educación implementa programas de tecnología educativa en escuelas rurales, llevando internet y equipos informáticos a comunidades alejadas para mejorar la calidad educativa.",,Radio Nacional del Perú,2025-10-07T04:59:48.912Z,cmgg1fs0f0008112gsse5oyp2,Sociedad,#F97316
cmgg3c2zy00jmx718pu8k7gv7,Ministerio de Salud reporta avances en campaña de vacunación,https://www.radionacional.gob.pe/salud/ministerio-de-salud-reporta-avances-en-campana-de-vacunacion#1759813188910-ebfms9mf9,"El Ministerio de Salud informó sobre los avances en la campaña de vacunación contra diversas enfermedades, alcanzando importantes coberturas en las regiones más vulnerables del país.",,Radio Nacional del Perú,2025-10-07T04:59:48.911Z,cmgg1fs0f0007112gev7odmxo,Salud,#10B981
cmgg3c2zx00jkx7182u4z5r7t,Cultura peruana celebra el Día Internacional de la Lengua Materna,https://www.radionacional.gob.pe/cultura/cultura-peruana-celebra-el-dia-internacional-de-la-lengua-materna#1759813188909-nfz2oya5q,"Diversas actividades culturales se realizan en todo el país para conmemorar el Día Internacional de la Lengua Materna, destacando la importancia de preservar las lenguas originarias del Perú.",,Radio Nacional del Perú,2025-10-07T04:59:48.909Z,cmgg1fs0b0000112g1dwxzwzw,Actualidad,#3B82F6
cmgg3c2zv00jix7184x9vva1c,Gobierno anuncia nuevas medidas económicas para reactivar el país,https://www.radionacional.gob.pe/economia/gobierno-anuncia-nuevas-medidas-economicas-para-reactivar-el-pais#1759813188906-20hq7ozgy,"El Ministerio de Economía y Finanzas presentó un paquete de medidas destinadas a impulsar la reactivación económica del país, incluyendo incentivos fiscales y programas de apoyo a las pequeñas empresas.",,Radio Nacional del Perú,2025-10-07T04:59:48.907Z,cmgg1fs0c0002112gtz9dd9xz,Economía,#059669
cmgg3b1kv00jdx71804g9lmn9,Artículo de peru21.pe,https://peru21.pe//articulo-1#1759813140415-i17cmnabe,Contenido extraído usando selectores CSS personalizados...,,peru21.pe,2025-10-07T04:59:00.415Z,,Sin categoría,
cmgg3b1ku00j9x718zf70tsdx,Artículo de larepublica.pe,https://larepublica.pe//articulo-1#1759813140414-owq8hwo8t,Contenido extraído usando selectores CSS personalizados...,,larepublica.pe,2025-10-07T04:59:00.414Z,,Sin categoría,
cmgg3b1kt00j5x71892ab1y3w,Artículo de elcomercio.pe,https://elcomercio.pe//articulo-1#1759813140413-esmqurcd0,Contenido extraído usando selectores CSS personalizados...,,elcomercio.pe,2025-10-07T04:59:00.413Z,,Sin categoría,
cmgg3b1ks00j1x718hyxqs3s9,Artículo de www.youtube.com,https://www.youtube.com/channel/UCkZCoc42IipR1ucqJmIehsA/articulo-1#1759813140412-9unuv0h7o,Contenido extraído usando selectores CSS personalizados...,,www.youtube.com,2025-10-07T04:59:00.412Z,,Sin categoría,
cmgg3b1kr00ixx7181v5xrnhb,Artículo de radios.com.pe,https://radios.com.pe/exitosa-lima//articulo-1#1759813140410-cwnoz1xgr,Contenido extraído usando selectores CSS personalizados...,,radios.com.pe,2025-10-07T04:59:00.411Z,,Sin categoría,
cmgg3b1kp00itx718fbuwgabm,Artículo de streema.com,https://streema.com/radios/Radio_Noticias_Peru/articulo-1#1759813140409-5uqrwq2hf,Contenido extraído usando selectores CSS personalizados...,,streema.com,2025-10-07T04:59:00.410Z,,Sin categoría,
cmgg3b1ko00ipx7187wiar6hs,Artículo de radiouno.pe,https://radiouno.pe//articulo-1#1759813140408-o3hbv79ly,Contenido extraído usando selectores CSS personalizados...,,radiouno.pe,2025-10-07T04:59:00.409Z,,Sin categoría,
cmgg3b1kn00ilx718w93wsjv5,Artículo de canaln.pe,https://canaln.pe//articulo-1#1759813140407-scqp6almh,Contenido extraído usando selectores CSS personalizados...,,canaln.pe,2025-10-07T04:59:00.408Z,,Sin categoría,
cmgg3b1km00ihx718dwehai69,Artículo de www.exitosanoticias.pe,https://www.exitosanoticias.pe//articulo-1#1759813140406-cxpk4mwju,Contenido extraído usando selectores CSS personalizados...,,www.exitosanoticias.pe,2025-10-07T04:59:00.406Z,,Sin categoría,
cmgg3b1kk00idx718pfkob2cq,"Miguel Ángel Russo, entrenador de Boca Juniors, en grave estado de salud",https://rpp.pe/deportes/futbol/miguel-angel-russo-entrenador-de-boca-juniors-en-grave-estado-de-salud-noticia-123460#1759813140404-701lwvnd7,"El entrenador de Boca Juniors, Miguel Ángel Russo, se encuentra en grave estado de salud y fue internado en un centro médico. El club emitió un comunicado informando sobre su situación.",,RPP Noticias,2025-10-07T04:59:00.405Z,cmgg1fs0f0007112gev7odmxo,Salud,#10B981
cmgg3b1kj00i9x718yu5do3z8,Corpac reconoce que hubo 'breve interrupción' en el funcionamiento del sistema de control radar,https://rpp.pe/lima/actualidad/corpac-reconoce-que-hubo-breve-interrupcion-en-el-funcionamiento-del-sistema-de-control-radar-noticia-123458#1759813140403-rak96wxnc,La Corporación Peruana de Aeropuertos y Aviación Comercial (Corpac) reconoció que hubo una breve interrupción en el funcionamiento del sistema de control radar en el aeropuerto Jorge Chávez.,,RPP Noticias,2025-10-07T04:59:00.404Z,,Sin categoría,
cmgg3b1kk00ibx718nb5r2f6z,Crisis sanitaria en Brasil: lo que se sabe de la intoxicación masiva por metanol,https://rpp.pe/mundo/latinoamerica/crisis-sanitaria-en-brasil-lo-que-se-sabe-de-la-intoxicacion-masiva-por-metanol-noticia-123459#1759813140404-is4kecmpj,Las autoridades brasileñas investigan una intoxicación masiva por metanol que ha causado muertes y la caída del consumo de alcohol en el país. Se han reportado varios casos en diferentes estados.,,RPP Noticias,2025-10-07T04:59:00.404Z,cmgg1fs0c0003112g7epw4vrz,Deportes,#F59E0B
cmgg3b1ki00i7x718mwpa4ip4,Con caras nuevas: Selección Peruana empezó sus entrenamientos pensando en duelo ante Chile,https://rpp.pe/deportes/futbol/con-caras-nuevas-seleccion-peruana-empezo-sus-entrenamientos-pensando-en-duelo-ante-chile-noticia-123457#1759813140402-61vczjl4w,"Con la presencia de 20 futbolistas, la Selección Peruana empezó sus entrenamientos en La Videna FPF con miras al partido amistoso ante Chile. Felipe Chávez de Bayern Munich dijo presente.",,RPP Noticias,2025-10-07T04:59:00.403Z,cmgg1fs0c0003112g7epw4vrz,Deportes,#F59E0B
cmgg3b1ki00i5x7187ur0r29m,Dirigentes transportistas acuerdan no continuar con el paro tras reunión con ministros,https://rpp.pe/politica/actualidad/dirigentes-transportistas-acuerdan-no-continuar-con-el-paro-tras-reunion-con-ministros-noticia-123456#1759813140401-5x5xt7atq,"Los representantes del sector sostuvieron una reunión con el jefe del Gabinete Ministerial, Eduardo Arana, y otros ministros en la que acordaron, entre otros puntos, la instalación de una mesa de trabajo.",,RPP Noticias,2025-10-07T04:59:00.402Z,cmgg1fs0b0001112g2lb2odtv,Política,#DC2626
cmgg3b1ke00i1x718vz1fspu7,Medio ambiente: Proyecto de conservación en la Amazonía peruana,https://www.radionacional.gob.pe/medio-ambiente/proyecto-de-conservacion-en-la-amazonia-peruana#1759813140398-lja72jfck,Se lanza un nuevo proyecto de conservación en la Amazonía peruana que busca proteger la biodiversidad y promover el desarrollo sostenible en las comunidades locales.,,Radio Nacional del Perú,2025-10-07T04:59:00.399Z,cmgg1fs0g000a112g93a1z2i9,Medio Ambiente,#22C55E
cmgg3b1kd00hzx7187iluwzdh,Educación: Nuevas tecnologías llegan a escuelas rurales,https://www.radionacional.gob.pe/educacion/nuevas-tecnologias-llegan-a-escuelas-rurales#1759813140397-on41cijos,"El Ministerio de Educación implementa programas de tecnología educativa en escuelas rurales, llevando internet y equipos informáticos a comunidades alejadas para mejorar la calidad educativa.",,Radio Nacional del Perú,2025-10-07T04:59:00.398Z,cmgg1fs0f0008112gsse5oyp2,Sociedad,#F97316
cmgg3b1kc00hxx718i471esk1,Ministerio de Salud reporta avances en campaña de vacunación,https://www.radionacional.gob.pe/salud/ministerio-de-salud-reporta-avances-en-campana-de-vacunacion#1759813140396-51e6ph9rb,"El Ministerio de Salud informó sobre los avances en la campaña de vacunación contra diversas enfermedades, alcanzando importantes coberturas en las regiones más vulnerables del país.",,Radio Nacional del Perú,2025-10-07T04:59:00.397Z,cmgg1fs0f0007112gev7odmxo,Salud,#10B981
cmgg3b1kb00hvx718sb2lj6tl,Cultura peruana celebra el Día Internacional de la Lengua Materna,https://www.radionacional.gob.pe/cultura/cultura-peruana-celebra-el-dia-internacional-de-la-lengua-materna#1759813140395-o627f5147,"Diversas actividades culturales se realizan en todo el país para conmemorar el Día Internacional de la Lengua Materna, destacando la importancia de preservar las lenguas originarias del Perú.",,Radio Nacional del Perú,2025-10-07T04:59:00.396Z,cmgg1fs0b0000112g1dwxzwzw,Actualidad,#3B82F6
cmgg3b1k900htx718lnceu61w,Gobierno anuncia nuevas medidas económicas para reactivar el país,https://www.radionacional.gob.pe/economia/gobierno-anuncia-nuevas-medidas-economicas-para-reactivar-el-pais#1759813140393-9h3g1cy7u,"El Ministerio de Economía y Finanzas presentó un paquete de medidas destinadas a impulsar la reactivación económica del país, incluyendo incentivos fiscales y programas de apoyo a las pequeñas empresas.",,Radio Nacional del Perú,2025-10-07T04:59:00.394Z,cmgg1fs0c0002112gtz9dd9xz,Economía,#059669
cmgg3abzu00hox718v0wc08ss,Artículo de larepublica.pe,https://larepublica.pe//articulo-1#1759813107257-0p76tgx7m,Contenido extraído usando selectores CSS personalizados...,,larepublica.pe,2025-10-07T04:58:27.258Z,,Sin categoría,
cmgg3abzs00hkx718yhj7ob3b,Artículo de elcomercio.pe,https://elcomercio.pe//articulo-1#1759813107256-e9e84qv3c,Contenido extraído usando selectores CSS personalizados...,,elcomercio.pe,2025-10-07T04:58:27.257Z,,Sin categoría,
cmgg3abzr00hgx718xtjok6fe,Artículo de www.youtube.com,https://www.youtube.com/channel/UCkZCoc42IipR1ucqJmIehsA/articulo-1#1759813107255-jl8ibtr5w,Contenido extraído usando selectores CSS personalizados...,,www.youtube.com,2025-10-07T04:58:27.256Z,,Sin categoría,
cmgg3abzq00hcx718cweoy14k,Artículo de radios.com.pe,https://radios.com.pe/exitosa-lima//articulo-1#1759813107254-m8z68bh9m,Contenido extraído usando selectores CSS personalizados...,,radios.com.pe,2025-10-07T04:58:27.254Z,,Sin categoría,
cmgg3abzp00h8x718qzrshv3u,Artículo de streema.com,https://streema.com/radios/Radio_Noticias_Peru/articulo-1#1759813107253-a49lfqihk,Contenido extraído usando selectores CSS personalizados...,,streema.com,2025-10-07T04:58:27.253Z,,Sin categoría,
cmgg3abzn00h4x71877tzmepr,Artículo de radiouno.pe,https://radiouno.pe//articulo-1#1759813107251-r0kny6uce,Contenido extraído usando selectores CSS personalizados...,,radiouno.pe,2025-10-07T04:58:27.252Z,,Sin categoría,
cmgg3abzm00h0x718ru02kx5y,Artículo de canaln.pe,https://canaln.pe//articulo-1#1759813107250-e0vg5o9kf,Contenido extraído usando selectores CSS personalizados...,,canaln.pe,2025-10-07T04:58:27.250Z,,Sin categoría,
cmgg3abzk00gwx718udaz3pgu,Artículo de www.exitosanoticias.pe,https://www.exitosanoticias.pe//articulo-1#1759813107248-6i0fwr1pd,Contenido extraído usando selectores CSS personalizados...,,www.exitosanoticias.pe,2025-10-07T04:58:27.249Z,,Sin categoría,
cmgg3abzj00gsx71883dj6dgn,"Miguel Ángel Russo, entrenador de Boca Juniors, en grave estado de salud",https://rpp.pe/deportes/futbol/miguel-angel-russo-entrenador-de-boca-juniors-en-grave-estado-de-salud-noticia-123460#1759813107246-kvxuronlc,"El entrenador de Boca Juniors, Miguel Ángel Russo, se encuentra en grave estado de salud y fue internado en un centro médico. El club emitió un comunicado informando sobre su situación.",,RPP Noticias,2025-10-07T04:58:27.247Z,cmgg1fs0f0007112gev7odmxo,Salud,#10B981
cmgg3abzh00gox7189r9thrtl,Corpac reconoce que hubo 'breve interrupción' en el funcionamiento del sistema de control radar,https://rpp.pe/lima/actualidad/corpac-reconoce-que-hubo-breve-interrupcion-en-el-funcionamiento-del-sistema-de-control-radar-noticia-123458#1759813107245-8fz82w77y,La Corporación Peruana de Aeropuertos y Aviación Comercial (Corpac) reconoció que hubo una breve interrupción en el funcionamiento del sistema de control radar en el aeropuerto Jorge Chávez.,,RPP Noticias,2025-10-07T04:58:27.246Z,,Sin categoría,
cmgg3abzi00gqx718yknc033d,Crisis sanitaria en Brasil: lo que se sabe de la intoxicación masiva por metanol,https://rpp.pe/mundo/latinoamerica/crisis-sanitaria-en-brasil-lo-que-se-sabe-de-la-intoxicacion-masiva-por-metanol-noticia-123459#1759813107246-iurk4tt53,Las autoridades brasileñas investigan una intoxicación masiva por metanol que ha causado muertes y la caída del consumo de alcohol en el país. Se han reportado varios casos en diferentes estados.,,RPP Noticias,2025-10-07T04:58:27.246Z,cmgg1fs0c0003112g7epw4vrz,Deportes,#F59E0B
cmgg3abzg00gmx718589ypbmu,Con caras nuevas: Selección Peruana empezó sus entrenamientos pensando en duelo ante Chile,https://rpp.pe/deportes/futbol/con-caras-nuevas-seleccion-peruana-empezo-sus-entrenamientos-pensando-en-duelo-ante-chile-noticia-123457#1759813107244-f1cxk6ifo,"Con la presencia de 20 futbolistas, la Selección Peruana empezó sus entrenamientos en La Videna FPF con miras al partido amistoso ante Chile. Felipe Chávez de Bayern Munich dijo presente.",,RPP Noticias,2025-10-07T04:58:27.245Z,cmgg1fs0c0003112g7epw4vrz,Deportes,#F59E0B
cmgg3abzg00gkx7189l4emah8,Dirigentes transportistas acuerdan no continuar con el paro tras reunión con ministros,https://rpp.pe/politica/actualidad/dirigentes-transportistas-acuerdan-no-continuar-con-el-paro-tras-reunion-con-ministros-noticia-123456#1759813107243-xeq90kz2z,"Los representantes del sector sostuvieron una reunión con el jefe del Gabinete Ministerial, Eduardo Arana, y otros ministros en la que acordaron, entre otros puntos, la instalación de una mesa de trabajo.",,RPP Noticias,2025-10-07T04:58:27.244Z,cmgg1fs0b0001112g2lb2odtv,Política,#DC2626
cmgg3abzb00ggx718eefu4kw5,Medio ambiente: Proyecto de conservación en la Amazonía peruana,https://www.radionacional.gob.pe/medio-ambiente/proyecto-de-conservacion-en-la-amazonia-peruana#1759813107239-pf39ixh6l,Se lanza un nuevo proyecto de conservación en la Amazonía peruana que busca proteger la biodiversidad y promover el desarrollo sostenible en las comunidades locales.,,Radio Nacional del Perú,2025-10-07T04:58:27.240Z,cmgg1fs0g000a112g93a1z2i9,Medio Ambiente,#22C55E
cmgg3abza00gex718j39g8rar,Educación: Nuevas tecnologías llegan a escuelas rurales,https://www.radionacional.gob.pe/educacion/nuevas-tecnologias-llegan-a-escuelas-rurales#1759813107238-lri0677wv,"El Ministerio de Educación implementa programas de tecnología educativa en escuelas rurales, llevando internet y equipos informáticos a comunidades alejadas para mejorar la calidad educativa.",,Radio Nacional del Perú,2025-10-07T04:58:27.239Z,cmgg1fs0f0008112gsse5oyp2,Sociedad,#F97316
cmgg3abz900gcx718b6higzn9,Ministerio de Salud reporta avances en campaña de vacunación,https://www.radionacional.gob.pe/salud/ministerio-de-salud-reporta-avances-en-campana-de-vacunacion#1759813107237-mnjxx8mo3,"El Ministerio de Salud informó sobre los avances en la campaña de vacunación contra diversas enfermedades, alcanzando importantes coberturas en las regiones más vulnerables del país.",,Radio Nacional del Perú,2025-10-07T04:58:27.238Z,cmgg1fs0f0007112gev7odmxo,Salud,#10B981
cmgg3abz700gax718n9rv1p1l,Cultura peruana celebra el Día Internacional de la Lengua Materna,https://www.radionacional.gob.pe/cultura/cultura-peruana-celebra-el-dia-internacional-de-la-lengua-materna#1759813107235-p07l6f7t2,"Diversas actividades culturales se realizan en todo el país para conmemorar el Día Internacional de la Lengua Materna, destacando la importancia de preservar las lenguas originarias del Perú.",,Radio Nacional del Perú,2025-10-07T04:58:27.236Z,cmgg1fs0b0000112g1dwxzwzw,Actualidad,#3B82F6
cmgg3abz500g8x718gey1k6gf,Gobierno anuncia nuevas medidas económicas para reactivar el país,https://www.radionacional.gob.pe/economia/gobierno-anuncia-nuevas-medidas-economicas-para-reactivar-el-pais#1759813107232-36i2peldv,"El Ministerio de Economía y Finanzas presentó un paquete de medidas destinadas a impulsar la reactivación económica del país, incluyendo incentivos fiscales y programas de apoyo a las pequeñas empresas.",,Radio Nacional del Perú,2025-10-07T04:58:27.233Z,cmgg1fs0c0002112gtz9dd9xz,Economía,#059669
cmgg3a5t800g4x71860i3rz4d,Artículo de larepublica.pe,https://larepublica.pe//articulo-1#1759813099244-7j6zmz8qu,Contenido extraído usando selectores CSS personalizados...,,larepublica.pe,2025-10-07T04:58:19.244Z,,Sin categoría,
cmgg3a5t600g0x718i3v9dbl1,Artículo de elcomercio.pe,https://elcomercio.pe//articulo-1#1759813099242-k68losv4z,Contenido extraído usando selectores CSS personalizados...,,elcomercio.pe,2025-10-07T04:58:19.243Z,,Sin categoría,
cmgg3a5t500fwx718o8a4b5yk,Artículo de www.youtube.com,https://www.youtube.com/channel/UCkZCoc42IipR1ucqJmIehsA/articulo-1#1759813099241-lvam7lnk5,Contenido extraído usando selectores CSS personalizados...,,www.youtube.com,2025-10-07T04:58:19.242Z,,Sin categoría,
cmgg3a5t400fsx71839wwzzux,Artículo de radios.com.pe,https://radios.com.pe/exitosa-lima//articulo-1#1759813099240-jkxj9vens,Contenido extraído usando selectores CSS personalizados...,,radios.com.pe,2025-10-07T04:58:19.241Z,,Sin categoría,
cmgg3a5t300fox718kcybhis6,Artículo de streema.com,https://streema.com/radios/Radio_Noticias_Peru/articulo-1#1759813099239-xocew4kum,Contenido extraído usando selectores CSS personalizados...,,streema.com,2025-10-07T04:58:19.239Z,,Sin categoría,
cmgg3a5t200fkx718jgm77r38,Artículo de radiouno.pe,https://radiouno.pe//articulo-1#1759813099238-w661np9bc,Contenido extraído usando selectores CSS personalizados...,,radiouno.pe,2025-10-07T04:58:19.238Z,,Sin categoría,
cmgg3a5t000fgx7181w892d82,Artículo de canaln.pe,https://canaln.pe//articulo-1#1759813099236-6wh7aqn3t,Contenido extraído usando selectores CSS personalizados...,,canaln.pe,2025-10-07T04:58:19.237Z,,Sin categoría,
cmgg3a5sz00fcx718z1n3m7mh,Artículo de www.exitosanoticias.pe,https://www.exitosanoticias.pe//articulo-1#1759813099235-hpa1v5gpy,Contenido extraído usando selectores CSS personalizados...,,www.exitosanoticias.pe,2025-10-07T04:58:19.235Z,,Sin categoría,
cmgg3a5sx00f8x718akcz5550,"Miguel Ángel Russo, entrenador de Boca Juniors, en grave estado de salud",https://rpp.pe/deportes/futbol/miguel-angel-russo-entrenador-de-boca-juniors-en-grave-estado-de-salud-noticia-123460#1759813099233-7wxk37nho,"El entrenador de Boca Juniors, Miguel Ángel Russo, se encuentra en grave estado de salud y fue internado en un centro médico. El club emitió un comunicado informando sobre su situación.",,RPP Noticias,2025-10-07T04:58:19.234Z,cmgg1fs0f0007112gev7odmxo,Salud,#10B981
cmgg3a5sw00f4x718gzc3ky6k,Corpac reconoce que hubo 'breve interrupción' en el funcionamiento del sistema de control radar,https://rpp.pe/lima/actualidad/corpac-reconoce-que-hubo-breve-interrupcion-en-el-funcionamiento-del-sistema-de-control-radar-noticia-123458#1759813099232-5sdcstrng,La Corporación Peruana de Aeropuertos y Aviación Comercial (Corpac) reconoció que hubo una breve interrupción en el funcionamiento del sistema de control radar en el aeropuerto Jorge Chávez.,,RPP Noticias,2025-10-07T04:58:19.233Z,,Sin categoría,
cmgg3a5sx00f6x718b50xqxf9,Crisis sanitaria en Brasil: lo que se sabe de la intoxicación masiva por metanol,https://rpp.pe/mundo/latinoamerica/crisis-sanitaria-en-brasil-lo-que-se-sabe-de-la-intoxicacion-masiva-por-metanol-noticia-123459#1759813099233-x6qzr101v,Las autoridades brasileñas investigan una intoxicación masiva por metanol que ha causado muertes y la caída del consumo de alcohol en el país. Se han reportado varios casos en diferentes estados.,,RPP Noticias,2025-10-07T04:58:19.233Z,cmgg1fs0c0003112g7epw4vrz,Deportes,#F59E0B
cmgg3a5sv00f2x718cxwtb7po,Con caras nuevas: Selección Peruana empezó sus entrenamientos pensando en duelo ante Chile,https://rpp.pe/deportes/futbol/con-caras-nuevas-seleccion-peruana-empezo-sus-entrenamientos-pensando-en-duelo-ante-chile-noticia-123457#1759813099231-0i03eka7d,"Con la presencia de 20 futbolistas, la Selección Peruana empezó sus entrenamientos en La Videna FPF con miras al partido amistoso ante Chile. Felipe Chávez de Bayern Munich dijo presente.",,RPP Noticias,2025-10-07T04:58:19.232Z,cmgg1fs0c0003112g7epw4vrz,Deportes,#F59E0B
cmgg3a5su00f0x7182kbh9dbr,Dirigentes transportistas acuerdan no continuar con el paro tras reunión con ministros,https://rpp.pe/politica/actualidad/dirigentes-transportistas-acuerdan-no-continuar-con-el-paro-tras-reunion-con-ministros-noticia-123456#1759813099230-75nsu7fo2,"Los representantes del sector sostuvieron una reunión con el jefe del Gabinete Ministerial, Eduardo Arana, y otros ministros en la que acordaron, entre otros puntos, la instalación de una mesa de trabajo.",,RPP Noticias,2025-10-07T04:58:19.231Z,cmgg1fs0b0001112g2lb2odtv,Política,#DC2626
cmgg3a5sq00ewx718yu8nxv6v,Medio ambiente: Proyecto de conservación en la Amazonía peruana,https://www.radionacional.gob.pe/medio-ambiente/proyecto-de-conservacion-en-la-amazonia-peruana#1759813099226-9j4q3ovuu,Se lanza un nuevo proyecto de conservación en la Amazonía peruana que busca proteger la biodiversidad y promover el desarrollo sostenible en las comunidades locales.,,Radio Nacional del Perú,2025-10-07T04:58:19.227Z,cmgg1fs0g000a112g93a1z2i9,Medio Ambiente,#22C55E
cmgg3a5sp00eux7183wmayymk,Educación: Nuevas tecnologías llegan a escuelas rurales,https://www.radionacional.gob.pe/educacion/nuevas-tecnologias-llegan-a-escuelas-rurales#1759813099225-hfkvknuua,"El Ministerio de Educación implementa programas de tecnología educativa en escuelas rurales, llevando internet y equipos informáticos a comunidades alejadas para mejorar la calidad educativa.",,Radio Nacional del Perú,2025-10-07T04:58:19.226Z,cmgg1fs0f0008112gsse5oyp2,Sociedad,#F97316
cmgg3a5so00esx718ho2e022e,Ministerio de Salud reporta avances en campaña de vacunación,https://www.radionacional.gob.pe/salud/ministerio-de-salud-reporta-avances-en-campana-de-vacunacion#1759813099224-j6ec1isi0,"El Ministerio de Salud informó sobre los avances en la campaña de vacunación contra diversas enfermedades, alcanzando importantes coberturas en las regiones más vulnerables del país.",,Radio Nacional del Perú,2025-10-07T04:58:19.225Z,cmgg1fs0f0007112gev7odmxo,Salud,#10B981
cmgg3a5sn00eqx718soemh1jl,Cultura peruana celebra el Día Internacional de la Lengua Materna,https://www.radionacional.gob.pe/cultura/cultura-peruana-celebra-el-dia-internacional-de-la-lengua-materna#1759813099223-xnhr8bz86,"Diversas actividades culturales se realizan en todo el país para conmemorar el Día Internacional de la Lengua Materna, destacando la importancia de preservar las lenguas originarias del Perú.",,Radio Nacional del Perú,2025-10-07T04:58:19.223Z,cmgg1fs0b0000112g1dwxzwzw,Actualidad,#3B82F6
cmgg3a5sl00eox71850aw5uh5,Gobierno anuncia nuevas medidas económicas para reactivar el país,https://www.radionacional.gob.pe/economia/gobierno-anuncia-nuevas-medidas-economicas-para-reactivar-el-pais#1759813099221-6ys04y4al,"El Ministerio de Economía y Finanzas presentó un paquete de medidas destinadas a impulsar la reactivación económica del país, incluyendo incentivos fiscales y programas de apoyo a las pequeñas empresas.",,Radio Nacional del Perú,2025-10-07T04:58:19.221Z,cmgg1fs0c0002112gtz9dd9xz,Economía,#059669
cmgg3a07100ekx718kfmmffdo,Artículo de larepublica.pe,https://larepublica.pe//articulo-1#1759813091965-3c6wje260,Contenido extraído usando selectores CSS personalizados...,,larepublica.pe,2025-10-07T04:58:11.966Z,,Sin categoría,
cmgg3a07000egx718b06s13jx,Artículo de elcomercio.pe,https://elcomercio.pe//articulo-1#1759813091964-xxptuh6f4,Contenido extraído usando selectores CSS personalizados...,,elcomercio.pe,2025-10-07T04:58:11.964Z,,Sin categoría,
cmgg3a06z00ecx71840attdsv,Artículo de www.youtube.com,https://www.youtube.com/channel/UCkZCoc42IipR1ucqJmIehsA/articulo-1#1759813091963-nle7x3k4r,Contenido extraído usando selectores CSS personalizados...,,www.youtube.com,2025-10-07T04:58:11.963Z,,Sin categoría,
cmgg3a06x00e8x718oqvyanfp,Artículo de radios.com.pe,https://radios.com.pe/exitosa-lima//articulo-1#1759813091961-gk15o28wf,Contenido extraído usando selectores CSS personalizados...,,radios.com.pe,2025-10-07T04:58:11.962Z,,Sin categoría,
cmgg3a06w00e4x718vmtljp9l,Artículo de streema.com,https://streema.com/radios/Radio_Noticias_Peru/articulo-1#1759813091960-hqm598mab,Contenido extraído usando selectores CSS personalizados...,,streema.com,2025-10-07T04:58:11.961Z,,Sin categoría,
cmgg3a06v00e0x718ufy61yx4,Artículo de radiouno.pe,https://radiouno.pe//articulo-1#1759813091959-501r3igih,Contenido extraído usando selectores CSS personalizados...,,radiouno.pe,2025-10-07T04:58:11.960Z,,Sin categoría,
cmgg3a06u00dwx7189rlznyry,Artículo de canaln.pe,https://canaln.pe//articulo-1#1759813091957-iai1i900f,Contenido extraído usando selectores CSS personalizados...,,canaln.pe,2025-10-07T04:58:11.958Z,,Sin categoría,
cmgg3a06s00dsx7183tr74mtv,Artículo de www.exitosanoticias.pe,https://www.exitosanoticias.pe//articulo-1#1759813091956-71ktffe5w,Contenido extraído usando selectores CSS personalizados...,,www.exitosanoticias.pe,2025-10-07T04:58:11.957Z,,Sin categoría,
cmgg3a06q00dmx7181rp57jbl,Crisis sanitaria en Brasil: lo que se sabe de la intoxicación masiva por metanol,https://rpp.pe/mundo/latinoamerica/crisis-sanitaria-en-brasil-lo-que-se-sabe-de-la-intoxicacion-masiva-por-metanol-noticia-123459#1759813091954-mfgac2trp,Las autoridades brasileñas investigan una intoxicación masiva por metanol que ha causado muertes y la caída del consumo de alcohol en el país. Se han reportado varios casos en diferentes estados.,,RPP Noticias,2025-10-07T04:58:11.955Z,cmgg1fs0c0003112g7epw4vrz,Deportes,#F59E0B
cmgg3a06r00dox718o52xdcg1,"Miguel Ángel Russo, entrenador de Boca Juniors, en grave estado de salud",https://rpp.pe/deportes/futbol/miguel-angel-russo-entrenador-de-boca-juniors-en-grave-estado-de-salud-noticia-123460#1759813091955-h0vv1dnd3,"El entrenador de Boca Juniors, Miguel Ángel Russo, se encuentra en grave estado de salud y fue internado en un centro médico. El club emitió un comunicado informando sobre su situación.",,RPP Noticias,2025-10-07T04:58:11.955Z,cmgg1fs0f0007112gev7odmxo,Salud,#10B981
cmgg3a06p00dkx718pev21kjw,Corpac reconoce que hubo 'breve interrupción' en el funcionamiento del sistema de control radar,https://rpp.pe/lima/actualidad/corpac-reconoce-que-hubo-breve-interrupcion-en-el-funcionamiento-del-sistema-de-control-radar-noticia-123458#1759813091953-7atu8k3za,La Corporación Peruana de Aeropuertos y Aviación Comercial (Corpac) reconoció que hubo una breve interrupción en el funcionamiento del sistema de control radar en el aeropuerto Jorge Chávez.,,RPP Noticias,2025-10-07T04:58:11.954Z,,Sin categoría,
cmgg3a06p00dix718ptv8l426,Con caras nuevas: Selección Peruana empezó sus entrenamientos pensando en duelo ante Chile,https://rpp.pe/deportes/futbol/con-caras-nuevas-seleccion-peruana-empezo-sus-entrenamientos-pensando-en-duelo-ante-chile-noticia-123457#1759813091953-vkz5looql,"Con la presencia de 20 futbolistas, la Selección Peruana empezó sus entrenamientos en La Videna FPF con miras al partido amistoso ante Chile. Felipe Chávez de Bayern Munich dijo presente.",,RPP Noticias,2025-10-07T04:58:11.953Z,cmgg1fs0c0003112g7epw4vrz,Deportes,#F59E0B
cmgg3a06o00dgx718vt125u9y,Dirigentes transportistas acuerdan no continuar con el paro tras reunión con ministros,https://rpp.pe/politica/actualidad/dirigentes-transportistas-acuerdan-no-continuar-con-el-paro-tras-reunion-con-ministros-noticia-123456#1759813091952-l9wzcqzrz,"Los representantes del sector sostuvieron una reunión con el jefe del Gabinete Ministerial, Eduardo Arana, y otros ministros en la que acordaron, entre otros puntos, la instalación de una mesa de trabajo.",,RPP Noticias,2025-10-07T04:58:11.952Z,cmgg1fs0b0001112g2lb2odtv,Política,#DC2626
cmgg3a06k00dcx718hz7i69ys,Medio ambiente: Proyecto de conservación en la Amazonía peruana,https://www.radionacional.gob.pe/medio-ambiente/proyecto-de-conservacion-en-la-amazonia-peruana#1759813091948-7mihhd1j6,Se lanza un nuevo proyecto de conservación en la Amazonía peruana que busca proteger la biodiversidad y promover el desarrollo sostenible en las comunidades locales.,,Radio Nacional del Perú,2025-10-07T04:58:11.949Z,cmgg1fs0g000a112g93a1z2i9,Medio Ambiente,#22C55E
cmgg3a06j00dax718d4psnf0o,Educación: Nuevas tecnologías llegan a escuelas rurales,https://www.radionacional.gob.pe/educacion/nuevas-tecnologias-llegan-a-escuelas-rurales#1759813091947-ccgbpiwyk,"El Ministerio de Educación implementa programas de tecnología educativa en escuelas rurales, llevando internet y equipos informáticos a comunidades alejadas para mejorar la calidad educativa.",,Radio Nacional del Perú,2025-10-07T04:58:11.948Z,cmgg1fs0f0008112gsse5oyp2,Sociedad,#F97316
cmgg3a06i00d8x718xudp8oeo,Ministerio de Salud reporta avances en campaña de vacunación,https://www.radionacional.gob.pe/salud/ministerio-de-salud-reporta-avances-en-campana-de-vacunacion#1759813091946-gp6avkvf3,"El Ministerio de Salud informó sobre los avances en la campaña de vacunación contra diversas enfermedades, alcanzando importantes coberturas en las regiones más vulnerables del país.",,Radio Nacional del Perú,2025-10-07T04:58:11.947Z,cmgg1fs0f0007112gev7odmxo,Salud,#10B981
cmgg3a06h00d6x718g47xhd7w,Cultura peruana celebra el Día Internacional de la Lengua Materna,https://www.radionacional.gob.pe/cultura/cultura-peruana-celebra-el-dia-internacional-de-la-lengua-materna#1759813091945-2bxzeg761,"Diversas actividades culturales se realizan en todo el país para conmemorar el Día Internacional de la Lengua Materna, destacando la importancia de preservar las lenguas originarias del Perú.",,Radio Nacional del Perú,2025-10-07T04:58:11.946Z,cmgg1fs0b0000112g1dwxzwzw,Actualidad,#3B82F6
cmgg3a06f00d4x718mllhr3l9,Gobierno anuncia nuevas medidas económicas para reactivar el país,https://www.radionacional.gob.pe/economia/gobierno-anuncia-nuevas-medidas-economicas-para-reactivar-el-pais#1759813091943-z96zrtu52,"El Ministerio de Economía y Finanzas presentó un paquete de medidas destinadas a impulsar la reactivación económica del país, incluyendo incentivos fiscales y programas de apoyo a las pequeñas empresas.",,Radio Nacional del Perú,2025-10-07T04:58:11.944Z,cmgg1fs0c0002112gtz9dd9xz,Economía,#059669
cmgg39w0300d0x7181c9nc8af,Artículo de larepublica.pe,https://larepublica.pe//articulo-1#1759813086531-lbu7exawb,Contenido extraído usando selectores CSS personalizados...,,larepublica.pe,2025-10-07T04:58:06.532Z,,Sin categoría,
cmgg39w0200cwx718j4ypydzn,Artículo de elcomercio.pe,https://elcomercio.pe//articulo-1#1759813086530-ny37kv7lf,Contenido extraído usando selectores CSS personalizados...,,elcomercio.pe,2025-10-07T04:58:06.531Z,,Sin categoría,
cmgg39w0100csx718agcobrpb,Artículo de www.youtube.com,https://www.youtube.com/channel/UCkZCoc42IipR1ucqJmIehsA/articulo-1#1759813086529-1nbqotw67,Contenido extraído usando selectores CSS personalizados...,,www.youtube.com,2025-10-07T04:58:06.530Z,,Sin categoría,
cmgg39w0100cox71818thrcq3,Artículo de radios.com.pe,https://radios.com.pe/exitosa-lima//articulo-1#1759813086529-kr31ubhng,Contenido extraído usando selectores CSS personalizados...,,radios.com.pe,2025-10-07T04:58:06.529Z,,Sin categoría,
cmgg39w0000ckx718iq0djgyu,Artículo de streema.com,https://streema.com/radios/Radio_Noticias_Peru/articulo-1#1759813086528-9dzizy8we,Contenido extraído usando selectores CSS personalizados...,,streema.com,2025-10-07T04:58:06.528Z,,Sin categoría,
cmgg39vzy00ccx718eg89covq,Artículo de canaln.pe,https://canaln.pe//articulo-1#1759813086526-d7zyq4mo6,Contenido extraído usando selectores CSS personalizados...,,canaln.pe,2025-10-07T04:58:06.527Z,,Sin categoría,
cmgg39vzz00cgx718wynwpopo,Artículo de radiouno.pe,https://radiouno.pe//articulo-1#1759813086527-ufj44w2tj,Contenido extraído usando selectores CSS personalizados...,,radiouno.pe,2025-10-07T04:58:06.527Z,,Sin categoría,
cmgg39vzx00c8x7183ap6uuqc,Artículo de www.exitosanoticias.pe,https://www.exitosanoticias.pe//articulo-1#1759813086525-br0r5lkih,Contenido extraído usando selectores CSS personalizados...,,www.exitosanoticias.pe,2025-10-07T04:58:06.526Z,,Sin categoría,
cmgg39vzw00c4x718qnpjc5fb,"Miguel Ángel Russo, entrenador de Boca Juniors, en grave estado de salud",https://rpp.pe/deportes/futbol/miguel-angel-russo-entrenador-de-boca-juniors-en-grave-estado-de-salud-noticia-123460#1759813086524-piljuv9xk,"El entrenador de Boca Juniors, Miguel Ángel Russo, se encuentra en grave estado de salud y fue internado en un centro médico. El club emitió un comunicado informando sobre su situación.",,RPP Noticias,2025-10-07T04:58:06.525Z,cmgg1fs0f0007112gev7odmxo,Salud,#10B981
cmgg39vzv00byx718xoso010r,Con caras nuevas: Selección Peruana empezó sus entrenamientos pensando en duelo ante Chile,https://rpp.pe/deportes/futbol/con-caras-nuevas-seleccion-peruana-empezo-sus-entrenamientos-pensando-en-duelo-ante-chile-noticia-123457#1759813086523-rs6z3lmq7,"Con la presencia de 20 futbolistas, la Selección Peruana empezó sus entrenamientos en La Videna FPF con miras al partido amistoso ante Chile. Felipe Chávez de Bayern Munich dijo presente.",,RPP Noticias,2025-10-07T04:58:06.524Z,cmgg1fs0c0003112g7epw4vrz,Deportes,#F59E0B
cmgg39vzw00c0x718na3red2j,Corpac reconoce que hubo 'breve interrupción' en el funcionamiento del sistema de control radar,https://rpp.pe/lima/actualidad/corpac-reconoce-que-hubo-breve-interrupcion-en-el-funcionamiento-del-sistema-de-control-radar-noticia-123458#1759813086523-u3k7o2bla,La Corporación Peruana de Aeropuertos y Aviación Comercial (Corpac) reconoció que hubo una breve interrupción en el funcionamiento del sistema de control radar en el aeropuerto Jorge Chávez.,,RPP Noticias,2025-10-07T04:58:06.524Z,,Sin categoría,
cmgg39vzw00c2x718037rnz16,Crisis sanitaria en Brasil: lo que se sabe de la intoxicación masiva por metanol,https://rpp.pe/mundo/latinoamerica/crisis-sanitaria-en-brasil-lo-que-se-sabe-de-la-intoxicacion-masiva-por-metanol-noticia-123459#1759813086524-ys8qf0tdr,Las autoridades brasileñas investigan una intoxicación masiva por metanol que ha causado muertes y la caída del consumo de alcohol en el país. Se han reportado varios casos en diferentes estados.,,RPP Noticias,2025-10-07T04:58:06.524Z,cmgg1fs0c0003112g7epw4vrz,Deportes,#F59E0B
cmgg39vzv00bwx718yb132x6f,Dirigentes transportistas acuerdan no continuar con el paro tras reunión con ministros,https://rpp.pe/politica/actualidad/dirigentes-transportistas-acuerdan-no-continuar-con-el-paro-tras-reunion-con-ministros-noticia-123456#1759813086522-ws9bxqhba,"Los representantes del sector sostuvieron una reunión con el jefe del Gabinete Ministerial, Eduardo Arana, y otros ministros en la que acordaron, entre otros puntos, la instalación de una mesa de trabajo.",,RPP Noticias,2025-10-07T04:58:06.523Z,cmgg1fs0b0001112g2lb2odtv,Política,#DC2626
cmgg39vzs00bqx718uwauuvgo,Educación: Nuevas tecnologías llegan a escuelas rurales,https://www.radionacional.gob.pe/educacion/nuevas-tecnologias-llegan-a-escuelas-rurales#1759813086520-4ytafljtb,"El Ministerio de Educación implementa programas de tecnología educativa en escuelas rurales, llevando internet y equipos informáticos a comunidades alejadas para mejorar la calidad educativa.",,Radio Nacional del Perú,2025-10-07T04:58:06.521Z,cmgg1fs0f0008112gsse5oyp2,Sociedad,#F97316
cmgg39vzt00bsx7180pkgunsl,Medio ambiente: Proyecto de conservación en la Amazonía peruana,https://www.radionacional.gob.pe/medio-ambiente/proyecto-de-conservacion-en-la-amazonia-peruana#1759813086521-d5z33qt7w,Se lanza un nuevo proyecto de conservación en la Amazonía peruana que busca proteger la biodiversidad y promover el desarrollo sostenible en las comunidades locales.,,Radio Nacional del Perú,2025-10-07T04:58:06.521Z,cmgg1fs0g000a112g93a1z2i9,Medio Ambiente,#22C55E
cmgg39vzr00bmx7187ggmpvgq,Cultura peruana celebra el Día Internacional de la Lengua Materna,https://www.radionacional.gob.pe/cultura/cultura-peruana-celebra-el-dia-internacional-de-la-lengua-materna#1759813086519-hn2blo7g4,"Diversas actividades culturales se realizan en todo el país para conmemorar el Día Internacional de la Lengua Materna, destacando la importancia de preservar las lenguas originarias del Perú.",,Radio Nacional del Perú,2025-10-07T04:58:06.520Z,cmgg1fs0b0000112g1dwxzwzw,Actualidad,#3B82F6
cmgg39vzs00box718wtw7hjan,Ministerio de Salud reporta avances en campaña de vacunación,https://www.radionacional.gob.pe/salud/ministerio-de-salud-reporta-avances-en-campana-de-vacunacion#1759813086520-33gtkuh0d,"El Ministerio de Salud informó sobre los avances en la campaña de vacunación contra diversas enfermedades, alcanzando importantes coberturas en las regiones más vulnerables del país.",,Radio Nacional del Perú,2025-10-07T04:58:06.520Z,cmgg1fs0f0007112gev7odmxo,Salud,#10B981
cmgg39vzr00bkx718z817nexb,Gobierno anuncia nuevas medidas económicas para reactivar el país,https://www.radionacional.gob.pe/economia/gobierno-anuncia-nuevas-medidas-economicas-para-reactivar-el-pais#1759813086518-bsru06apg,"El Ministerio de Economía y Finanzas presentó un paquete de medidas destinadas a impulsar la reactivación económica del país, incluyendo incentivos fiscales y programas de apoyo a las pequeñas empresas.",,Radio Nacional del Perú,2025-10-07T04:58:06.519Z,cmgg1fs0c0002112gtz9dd9xz,Economía,#059669
cmgg36ksx00bgx7188ja5hwr7,Artículo de larepublica.pe,https://larepublica.pe//articulo-1#1759812932049-hb453v4yd,Contenido extraído usando selectores CSS personalizados...,,larepublica.pe,2025-10-07T04:55:32.050Z,,Sin categoría,
cmgg36ksw00bcx718jmolfugh,Artículo de elcomercio.pe,https://elcomercio.pe//articulo-1#1759812932048-ofya4820k,Contenido extraído usando selectores CSS personalizados...,,elcomercio.pe,2025-10-07T04:55:32.049Z,,Sin categoría,
cmgg36ksv00b8x718n02zmadt,Artículo de www.youtube.com,https://www.youtube.com/channel/UCkZCoc42IipR1ucqJmIehsA/articulo-1#1759812932047-qyhpw8779,Contenido extraído usando selectores CSS personalizados...,,www.youtube.com,2025-10-07T04:55:32.048Z,,Sin categoría,
cmgg36ksu00b4x718s1br6rbj,Artículo de radios.com.pe,https://radios.com.pe/exitosa-lima//articulo-1#1759812932046-9ya72ocp3,Contenido extraído usando selectores CSS personalizados...,,radios.com.pe,2025-10-07T04:55:32.046Z,,Sin categoría,
cmgg36kst00b0x71847uyix8p,Artículo de streema.com,https://streema.com/radios/Radio_Noticias_Peru/articulo-1#1759812932044-j28mj89nv,Contenido extraído usando selectores CSS personalizados...,,streema.com,2025-10-07T04:55:32.045Z,,Sin categoría,
cmgg36ksr00awx718hebj914t,Artículo de radiouno.pe,https://radiouno.pe//articulo-1#1759812932043-26kwo2hbx,Contenido extraído usando selectores CSS personalizados...,,radiouno.pe,2025-10-07T04:55:32.044Z,,Sin categoría,
cmgg36ksq00asx718jfkey07a,Artículo de canaln.pe,https://canaln.pe//articulo-1#1759812932042-q0f7lenxd,Contenido extraído usando selectores CSS personalizados...,,canaln.pe,2025-10-07T04:55:32.042Z,,Sin categoría,
cmgg36kso00aox718aacbe93h,Artículo de www.exitosanoticias.pe,https://www.exitosanoticias.pe//articulo-1#1759812932040-oxipzs9lm,Contenido extraído usando selectores CSS personalizados...,,www.exitosanoticias.pe,2025-10-07T04:55:32.041Z,,Sin categoría,
cmgg36ksn00akx718r7bta45b,"Miguel Ángel Russo, entrenador de Boca Juniors, en grave estado de salud",https://rpp.pe/deportes/futbol/miguel-angel-russo-entrenador-de-boca-juniors-en-grave-estado-de-salud-noticia-123460#1759812932039-yp366giwb,"El entrenador de Boca Juniors, Miguel Ángel Russo, se encuentra en grave estado de salud y fue internado en un centro médico. El club emitió un comunicado informando sobre su situación.",,RPP Noticias,2025-10-07T04:55:32.039Z,cmgg1fs0f0007112gev7odmxo,Salud,#10B981
cmgg36ksl00agx718lg3njs5c,Corpac reconoce que hubo 'breve interrupción' en el funcionamiento del sistema de control radar,https://rpp.pe/lima/actualidad/corpac-reconoce-que-hubo-breve-interrupcion-en-el-funcionamiento-del-sistema-de-control-radar-noticia-123458#1759812932037-4uakqfyhc,La Corporación Peruana de Aeropuertos y Aviación Comercial (Corpac) reconoció que hubo una breve interrupción en el funcionamiento del sistema de control radar en el aeropuerto Jorge Chávez.,,RPP Noticias,2025-10-07T04:55:32.038Z,,Sin categoría,
cmgg36ksm00aix718d9v32gfr,Crisis sanitaria en Brasil: lo que se sabe de la intoxicación masiva por metanol,https://rpp.pe/mundo/latinoamerica/crisis-sanitaria-en-brasil-lo-que-se-sabe-de-la-intoxicacion-masiva-por-metanol-noticia-123459#1759812932038-36x3t6024,Las autoridades brasileñas investigan una intoxicación masiva por metanol que ha causado muertes y la caída del consumo de alcohol en el país. Se han reportado varios casos en diferentes estados.,,RPP Noticias,2025-10-07T04:55:32.038Z,cmgg1fs0c0003112g7epw4vrz,Deportes,#F59E0B
cmgg36ksk00aex7187cxoiik4,Con caras nuevas: Selección Peruana empezó sus entrenamientos pensando en duelo ante Chile,https://rpp.pe/deportes/futbol/con-caras-nuevas-seleccion-peruana-empezo-sus-entrenamientos-pensando-en-duelo-ante-chile-noticia-123457#1759812932036-2ibu49ip8,"Con la presencia de 20 futbolistas, la Selección Peruana empezó sus entrenamientos en La Videna FPF con miras al partido amistoso ante Chile. Felipe Chávez de Bayern Munich dijo presente.",,RPP Noticias,2025-10-07T04:55:32.037Z,cmgg1fs0c0003112g7epw4vrz,Deportes,#F59E0B
cmgg36ksj00acx718x46kszuv,Dirigentes transportistas acuerdan no continuar con el paro tras reunión con ministros,https://rpp.pe/politica/actualidad/dirigentes-transportistas-acuerdan-no-continuar-con-el-paro-tras-reunion-con-ministros-noticia-123456#1759812932035-vrhllsxla,"Los representantes del sector sostuvieron una reunión con el jefe del Gabinete Ministerial, Eduardo Arana, y otros ministros en la que acordaron, entre otros puntos, la instalación de una mesa de trabajo.",,RPP Noticias,2025-10-07T04:55:32.036Z,cmgg1fs0b0001112g2lb2odtv,Política,#DC2626
cmgg36ksf00a8x718qkin9wiw,Medio ambiente: Proyecto de conservación en la Amazonía peruana,https://www.radionacional.gob.pe/medio-ambiente/proyecto-de-conservacion-en-la-amazonia-peruana#1759812932031-lkegrhh7m,Se lanza un nuevo proyecto de conservación en la Amazonía peruana que busca proteger la biodiversidad y promover el desarrollo sostenible en las comunidades locales.,,Radio Nacional del Perú,2025-10-07T04:55:32.031Z,cmgg1fs0g000a112g93a1z2i9,Medio Ambiente,#22C55E
cmgg36kse00a6x7189eadsi0w,Educación: Nuevas tecnologías llegan a escuelas rurales,https://www.radionacional.gob.pe/educacion/nuevas-tecnologias-llegan-a-escuelas-rurales#1759812932030-u2uayif0f,"El Ministerio de Educación implementa programas de tecnología educativa en escuelas rurales, llevando internet y equipos informáticos a comunidades alejadas para mejorar la calidad educativa.",,Radio Nacional del Perú,2025-10-07T04:55:32.030Z,cmgg1fs0f0008112gsse5oyp2,Sociedad,#F97316
cmgg36ksd00a4x718uzawnl5c,Ministerio de Salud reporta avances en campaña de vacunación,https://www.radionacional.gob.pe/salud/ministerio-de-salud-reporta-avances-en-campana-de-vacunacion#1759812932029-2q6q6uni1,"El Ministerio de Salud informó sobre los avances en la campaña de vacunación contra diversas enfermedades, alcanzando importantes coberturas en las regiones más vulnerables del país.",,Radio Nacional del Perú,2025-10-07T04:55:32.029Z,cmgg1fs0f0007112gev7odmxo,Salud,#10B981
cmgg36ksc00a2x718xybo00vb,Cultura peruana celebra el Día Internacional de la Lengua Materna,https://www.radionacional.gob.pe/cultura/cultura-peruana-celebra-el-dia-internacional-de-la-lengua-materna#1759812932028-gmi6cdfw9,"Diversas actividades culturales se realizan en todo el país para conmemorar el Día Internacional de la Lengua Materna, destacando la importancia de preservar las lenguas originarias del Perú.",,Radio Nacional del Perú,2025-10-07T04:55:32.028Z,cmgg1fs0b0000112g1dwxzwzw,Actualidad,#3B82F6
cmgg36ksa00a0x718ffqqogli,Gobierno anuncia nuevas medidas económicas para reactivar el país,https://www.radionacional.gob.pe/economia/gobierno-anuncia-nuevas-medidas-economicas-para-reactivar-el-pais#1759812932025-79a359zgn,"El Ministerio de Economía y Finanzas presentó un paquete de medidas destinadas a impulsar la reactivación económica del país, incluyendo incentivos fiscales y programas de apoyo a las pequeñas empresas.",,Radio Nacional del Perú,2025-10-07T04:55:32.026Z,cmgg1fs0c0002112gtz9dd9xz,Economía,#059669
cmgg35rd4009vx7183700j88k,Artículo de elcomercio.pe,https://elcomercio.pe//articulo-1#1759812893896-6s9u3yu50,Contenido extraído usando selectores CSS personalizados...,,elcomercio.pe,2025-10-07T04:54:53.896Z,,Sin categoría,
cmgg35rd3009rx7182uxfp0ir,Artículo de www.youtube.com,https://www.youtube.com/channel/UCkZCoc42IipR1ucqJmIehsA/articulo-1#1759812893894-4x2lda9kh,Contenido extraído usando selectores CSS personalizados...,,www.youtube.com,2025-10-07T04:54:53.895Z,,Sin categoría,
cmgg35rd1009nx718vwne57pl,Artículo de radios.com.pe,https://radios.com.pe/exitosa-lima//articulo-1#1759812893893-68wkf1q8n,Contenido extraído usando selectores CSS personalizados...,,radios.com.pe,2025-10-07T04:54:53.894Z,,Sin categoría,
cmgg35rd0009jx718y4lwyw6w,Artículo de streema.com,https://streema.com/radios/Radio_Noticias_Peru/articulo-1#1759812893892-quregkt9w,Contenido extraído usando selectores CSS personalizados...,,streema.com,2025-10-07T04:54:53.892Z,,Sin categoría,
cmgg35rcy009fx718iys7em9k,Artículo de radiouno.pe,https://radiouno.pe//articulo-1#1759812893890-rqe8hx6ox,Contenido extraído usando selectores CSS personalizados...,,radiouno.pe,2025-10-07T04:54:53.891Z,,Sin categoría,
cmgg35rcx009bx7186mzo1gvm,Artículo de canaln.pe,https://canaln.pe//articulo-1#1759812893889-x9zpvzdu2,Contenido extraído usando selectores CSS personalizados...,,canaln.pe,2025-10-07T04:54:53.889Z,,Sin categoría,
cmgg35rcw0097x7183i1w96vz,Artículo de www.exitosanoticias.pe,https://www.exitosanoticias.pe//articulo-1#1759812893888-q8lxg46aa,Contenido extraído usando selectores CSS personalizados...,,www.exitosanoticias.pe,2025-10-07T04:54:53.888Z,,Sin categoría,
cmgg35rcu0093x7188m2rrvxe,"Miguel Ángel Russo, entrenador de Boca Juniors, en grave estado de salud",https://rpp.pe/deportes/futbol/miguel-angel-russo-entrenador-de-boca-juniors-en-grave-estado-de-salud-noticia-123460#1759812893886-wqld9tvlg,"El entrenador de Boca Juniors, Miguel Ángel Russo, se encuentra en grave estado de salud y fue internado en un centro médico. El club emitió un comunicado informando sobre su situación.",,RPP Noticias,2025-10-07T04:54:53.886Z,cmgg1fs0f0007112gev7odmxo,Salud,#10B981
cmgg35rcs008zx718u0eft7g3,Corpac reconoce que hubo 'breve interrupción' en el funcionamiento del sistema de control radar,https://rpp.pe/lima/actualidad/corpac-reconoce-que-hubo-breve-interrupcion-en-el-funcionamiento-del-sistema-de-control-radar-noticia-123458#1759812893884-n8y462xzj,La Corporación Peruana de Aeropuertos y Aviación Comercial (Corpac) reconoció que hubo una breve interrupción en el funcionamiento del sistema de control radar en el aeropuerto Jorge Chávez.,,RPP Noticias,2025-10-07T04:54:53.885Z,,Sin categoría,
cmgg35rct0091x71852ng8cvs,Crisis sanitaria en Brasil: lo que se sabe de la intoxicación masiva por metanol,https://rpp.pe/mundo/latinoamerica/crisis-sanitaria-en-brasil-lo-que-se-sabe-de-la-intoxicacion-masiva-por-metanol-noticia-123459#1759812893885-8zxqou0bu,Las autoridades brasileñas investigan una intoxicación masiva por metanol que ha causado muertes y la caída del consumo de alcohol en el país. Se han reportado varios casos en diferentes estados.,,RPP Noticias,2025-10-07T04:54:53.885Z,cmgg1fs0c0003112g7epw4vrz,Deportes,#F59E0B
cmgg35rcs008xx718u4quww8a,Con caras nuevas: Selección Peruana empezó sus entrenamientos pensando en duelo ante Chile,https://rpp.pe/deportes/futbol/con-caras-nuevas-seleccion-peruana-empezo-sus-entrenamientos-pensando-en-duelo-ante-chile-noticia-123457#1759812893883-g5zg3i3bg,"Con la presencia de 20 futbolistas, la Selección Peruana empezó sus entrenamientos en La Videna FPF con miras al partido amistoso ante Chile. Felipe Chávez de Bayern Munich dijo presente.",,RPP Noticias,2025-10-07T04:54:53.884Z,cmgg1fs0c0003112g7epw4vrz,Deportes,#F59E0B
cmgg35rcr008vx7189nhta2xp,Dirigentes transportistas acuerdan no continuar con el paro tras reunión con ministros,https://rpp.pe/politica/actualidad/dirigentes-transportistas-acuerdan-no-continuar-con-el-paro-tras-reunion-con-ministros-noticia-123456#1759812893882-78gd1oot9,"Los representantes del sector sostuvieron una reunión con el jefe del Gabinete Ministerial, Eduardo Arana, y otros ministros en la que acordaron, entre otros puntos, la instalación de una mesa de trabajo.",,RPP Noticias,2025-10-07T04:54:53.883Z,cmgg1fs0b0001112g2lb2odtv,Política,#DC2626
cmgg35rcm008rx718lqxwftgu,Medio ambiente: Proyecto de conservación en la Amazonía peruana,https://www.radionacional.gob.pe/medio-ambiente/proyecto-de-conservacion-en-la-amazonia-peruana#1759812893878-q3g7ctu9f,Se lanza un nuevo proyecto de conservación en la Amazonía peruana que busca proteger la biodiversidad y promover el desarrollo sostenible en las comunidades locales.,,Radio Nacional del Perú,2025-10-07T04:54:53.879Z,cmgg1fs0g000a112g93a1z2i9,Medio Ambiente,#22C55E
cmgg35rcl008px718zgv6827y,Educación: Nuevas tecnologías llegan a escuelas rurales,https://www.radionacional.gob.pe/educacion/nuevas-tecnologias-llegan-a-escuelas-rurales#1759812893877-4ll8xj0lf,"El Ministerio de Educación implementa programas de tecnología educativa en escuelas rurales, llevando internet y equipos informáticos a comunidades alejadas para mejorar la calidad educativa.",,Radio Nacional del Perú,2025-10-07T04:54:53.878Z,cmgg1fs0f0008112gsse5oyp2,Sociedad,#F97316
cmgg35rck008nx718avj1s8s2,Ministerio de Salud reporta avances en campaña de vacunación,https://www.radionacional.gob.pe/salud/ministerio-de-salud-reporta-avances-en-campana-de-vacunacion#1759812893876-7doj4oafj,"El Ministerio de Salud informó sobre los avances en la campaña de vacunación contra diversas enfermedades, alcanzando importantes coberturas en las regiones más vulnerables del país.",,Radio Nacional del Perú,2025-10-07T04:54:53.877Z,cmgg1fs0f0007112gev7odmxo,Salud,#10B981
cmgg35rcj008lx7184o83p8i9,Cultura peruana celebra el Día Internacional de la Lengua Materna,https://www.radionacional.gob.pe/cultura/cultura-peruana-celebra-el-dia-internacional-de-la-lengua-materna#1759812893874-hq5afo1re,"Diversas actividades culturales se realizan en todo el país para conmemorar el Día Internacional de la Lengua Materna, destacando la importancia de preservar las lenguas originarias del Perú.",,Radio Nacional del Perú,2025-10-07T04:54:53.875Z,cmgg1fs0b0000112g1dwxzwzw,Actualidad,#3B82F6
cmgg35rcg008jx7186j3r23eo,Gobierno anuncia nuevas medidas económicas para reactivar el país,https://www.radionacional.gob.pe/economia/gobierno-anuncia-nuevas-medidas-economicas-para-reactivar-el-pais#1759812893872-nze8y6raa,"El Ministerio de Economía y Finanzas presentó un paquete de medidas destinadas a impulsar la reactivación económica del país, incluyendo incentivos fiscales y programas de apoyo a las pequeñas empresas.",,Radio Nacional del Perú,2025-10-07T04:54:53.873Z,cmgg1fs0c0002112gtz9dd9xz,Economía,#059669
cmgg35m7b008fx7187m8usbg6,Artículo de elcomercio.pe,https://elcomercio.pe//articulo-1#1759812887206-fukopqjfe,Contenido extraído usando selectores CSS personalizados...,,elcomercio.pe,2025-10-07T04:54:47.207Z,,Sin categoría,
cmgg35m79008bx718w2ifq5mv,Artículo de www.youtube.com,https://www.youtube.com/channel/UCkZCoc42IipR1ucqJmIehsA/articulo-1#1759812887205-lavwwxqbp,Contenido extraído usando selectores CSS personalizados...,,www.youtube.com,2025-10-07T04:54:47.205Z,,Sin categoría,
cmgg35m780087x718618ibz85,Artículo de radios.com.pe,https://radios.com.pe/exitosa-lima//articulo-1#1759812887204-kyz556p1j,Contenido extraído usando selectores CSS personalizados...,,radios.com.pe,2025-10-07T04:54:47.204Z,,Sin categoría,
cmgg35m760083x7180ryuirct,Artículo de streema.com,https://streema.com/radios/Radio_Noticias_Peru/articulo-1#1759812887202-okbc0a4ra,Contenido extraído usando selectores CSS personalizados...,,streema.com,2025-10-07T04:54:47.203Z,,Sin categoría,
cmgg35m75007zx718qxibl7oz,Artículo de radiouno.pe,https://radiouno.pe//articulo-1#1759812887201-w7o1a78iy,Contenido extraído usando selectores CSS personalizados...,,radiouno.pe,2025-10-07T04:54:47.201Z,,Sin categoría,
cmgg35m73007vx718wh7ch2f7,Artículo de canaln.pe,https://canaln.pe//articulo-1#1759812887199-ofczqorx4,Contenido extraído usando selectores CSS personalizados...,,canaln.pe,2025-10-07T04:54:47.200Z,,Sin categoría,
cmgg35m72007rx718hasao4ix,Artículo de www.exitosanoticias.pe,https://www.exitosanoticias.pe//articulo-1#1759812887197-lqi8rbrpt,Contenido extraído usando selectores CSS personalizados...,,www.exitosanoticias.pe,2025-10-07T04:54:47.198Z,,Sin categoría,
cmgg35m70007nx718llm15iqn,"Miguel Ángel Russo, entrenador de Boca Juniors, en grave estado de salud",https://rpp.pe/deportes/futbol/miguel-angel-russo-entrenador-de-boca-juniors-en-grave-estado-de-salud-noticia-123460#1759812887196-y5ptsdrcw,"El entrenador de Boca Juniors, Miguel Ángel Russo, se encuentra en grave estado de salud y fue internado en un centro médico. El club emitió un comunicado informando sobre su situación.",,RPP Noticias,2025-10-07T04:54:47.196Z,cmgg1fs0f0007112gev7odmxo,Salud,#10B981
cmgg35m6y007jx718022chrm7,Corpac reconoce que hubo 'breve interrupción' en el funcionamiento del sistema de control radar,https://rpp.pe/lima/actualidad/corpac-reconoce-que-hubo-breve-interrupcion-en-el-funcionamiento-del-sistema-de-control-radar-noticia-123458#1759812887194-99msyqcp1,La Corporación Peruana de Aeropuertos y Aviación Comercial (Corpac) reconoció que hubo una breve interrupción en el funcionamiento del sistema de control radar en el aeropuerto Jorge Chávez.,,RPP Noticias,2025-10-07T04:54:47.195Z,,Sin categoría,
cmgg35m6z007lx7185u2jd9xc,Crisis sanitaria en Brasil: lo que se sabe de la intoxicación masiva por metanol,https://rpp.pe/mundo/latinoamerica/crisis-sanitaria-en-brasil-lo-que-se-sabe-de-la-intoxicacion-masiva-por-metanol-noticia-123459#1759812887195-trie7qctn,Las autoridades brasileñas investigan una intoxicación masiva por metanol que ha causado muertes y la caída del consumo de alcohol en el país. Se han reportado varios casos en diferentes estados.,,RPP Noticias,2025-10-07T04:54:47.195Z,cmgg1fs0c0003112g7epw4vrz,Deportes,#F59E0B
cmgg35m6y007hx7188aswtro3,Con caras nuevas: Selección Peruana empezó sus entrenamientos pensando en duelo ante Chile,https://rpp.pe/deportes/futbol/con-caras-nuevas-seleccion-peruana-empezo-sus-entrenamientos-pensando-en-duelo-ante-chile-noticia-123457#1759812887193-cs521zs9y,"Con la presencia de 20 futbolistas, la Selección Peruana empezó sus entrenamientos en La Videna FPF con miras al partido amistoso ante Chile. Felipe Chávez de Bayern Munich dijo presente.",,RPP Noticias,2025-10-07T04:54:47.194Z,cmgg1fs0c0003112g7epw4vrz,Deportes,#F59E0B
cmgg35m6x007fx718plabue2b,Dirigentes transportistas acuerdan no continuar con el paro tras reunión con ministros,https://rpp.pe/politica/actualidad/dirigentes-transportistas-acuerdan-no-continuar-con-el-paro-tras-reunion-con-ministros-noticia-123456#1759812887192-fz0804ztx,"Los representantes del sector sostuvieron una reunión con el jefe del Gabinete Ministerial, Eduardo Arana, y otros ministros en la que acordaron, entre otros puntos, la instalación de una mesa de trabajo.",,RPP Noticias,2025-10-07T04:54:47.193Z,cmgg1fs0b0001112g2lb2odtv,Política,#DC2626
cmgg35m6s0079x718vnlaex6t,Educación: Nuevas tecnologías llegan a escuelas rurales,https://www.radionacional.gob.pe/educacion/nuevas-tecnologias-llegan-a-escuelas-rurales#1759812887188-m6m786s59,"El Ministerio de Educación implementa programas de tecnología educativa en escuelas rurales, llevando internet y equipos informáticos a comunidades alejadas para mejorar la calidad educativa.",,Radio Nacional del Perú,2025-10-07T04:54:47.189Z,cmgg1fs0f0008112gsse5oyp2,Sociedad,#F97316
cmgg35m6t007bx718sk6grvkc,Medio ambiente: Proyecto de conservación en la Amazonía peruana,https://www.radionacional.gob.pe/medio-ambiente/proyecto-de-conservacion-en-la-amazonia-peruana#1759812887189-fc70y9a0c,Se lanza un nuevo proyecto de conservación en la Amazonía peruana que busca proteger la biodiversidad y promover el desarrollo sostenible en las comunidades locales.,,Radio Nacional del Perú,2025-10-07T04:54:47.189Z,cmgg1fs0g000a112g93a1z2i9,Medio Ambiente,#22C55E
cmgg35m6r0077x718wtnn7wfu,Ministerio de Salud reporta avances en campaña de vacunación,https://www.radionacional.gob.pe/salud/ministerio-de-salud-reporta-avances-en-campana-de-vacunacion#1759812887187-0yqud7fjc,"El Ministerio de Salud informó sobre los avances en la campaña de vacunación contra diversas enfermedades, alcanzando importantes coberturas en las regiones más vulnerables del país.",,Radio Nacional del Perú,2025-10-07T04:54:47.188Z,cmgg1fs0f0007112gev7odmxo,Salud,#10B981
cmgg35m6q0075x7186126wx5d,Cultura peruana celebra el Día Internacional de la Lengua Materna,https://www.radionacional.gob.pe/cultura/cultura-peruana-celebra-el-dia-internacional-de-la-lengua-materna#1759812887185-t0y7n4jgu,"Diversas actividades culturales se realizan en todo el país para conmemorar el Día Internacional de la Lengua Materna, destacando la importancia de preservar las lenguas originarias del Perú.",,Radio Nacional del Perú,2025-10-07T04:54:47.186Z,cmgg1fs0b0000112g1dwxzwzw,Actualidad,#3B82F6
cmgg35m6m0073x7183gud34g4,Gobierno anuncia nuevas medidas económicas para reactivar el país,https://www.radionacional.gob.pe/economia/gobierno-anuncia-nuevas-medidas-economicas-para-reactivar-el-pais#1759812887182-6acwu2ah1,"El Ministerio de Economía y Finanzas presentó un paquete de medidas destinadas a impulsar la reactivación económica del país, incluyendo incentivos fiscales y programas de apoyo a las pequeñas empresas.",,Radio Nacional del Perú,2025-10-07T04:54:47.183Z,cmgg1fs0c0002112gtz9dd9xz,Economía,#059669
cmgg351b0006zx718j6tqdf8h,Artículo de elcomercio.pe,https://elcomercio.pe//articulo-1#1759812860124-7nz2vvqm4,Contenido extraído usando selectores CSS personalizados...,,elcomercio.pe,2025-10-07T04:54:20.124Z,,Sin categoría,
cmgg351az006vx718n9ygu1xv,Artículo de www.youtube.com,https://www.youtube.com/channel/UCkZCoc42IipR1ucqJmIehsA/articulo-1#1759812860122-lxlxk8k1u,Contenido extraído usando selectores CSS personalizados...,,www.youtube.com,2025-10-07T04:54:20.123Z,,Sin categoría,
cmgg351ay006rx718y0kca4pl,Artículo de radios.com.pe,https://radios.com.pe/exitosa-lima//articulo-1#1759812860122-r2lrag5aa,Contenido extraído usando selectores CSS personalizados...,,radios.com.pe,2025-10-07T04:54:20.122Z,,Sin categoría,
cmgg351ax006nx718bcf64d98,Artículo de streema.com,https://streema.com/radios/Radio_Noticias_Peru/articulo-1#1759812860121-jwjzdop24,Contenido extraído usando selectores CSS personalizados...,,streema.com,2025-10-07T04:54:20.121Z,,Sin categoría,
cmgg351aw006jx718kj4uu8nu,Artículo de radiouno.pe,https://radiouno.pe//articulo-1#1759812860120-5kw54ypef,Contenido extraído usando selectores CSS personalizados...,,radiouno.pe,2025-10-07T04:54:20.120Z,,Sin categoría,
cmgg351av006fx718lwwjsqy8,Artículo de canaln.pe,https://canaln.pe//articulo-1#1759812860119-fwg6wtmfh,Contenido extraído usando selectores CSS personalizados...,,canaln.pe,2025-10-07T04:54:20.119Z,,Sin categoría,
cmgg351at006bx718u427rqst,Artículo de www.exitosanoticias.pe,https://www.exitosanoticias.pe//articulo-1#1759812860117-84dcbrwhj,Contenido extraído usando selectores CSS personalizados...,,www.exitosanoticias.pe,2025-10-07T04:54:20.117Z,,Sin categoría,
cmgg351ar0067x718uhuymkeq,"Miguel Ángel Russo, entrenador de Boca Juniors, en grave estado de salud",https://rpp.pe/deportes/futbol/miguel-angel-russo-entrenador-de-boca-juniors-en-grave-estado-de-salud-noticia-123460#1759812860115-y4uoa6bnf,"El entrenador de Boca Juniors, Miguel Ángel Russo, se encuentra en grave estado de salud y fue internado en un centro médico. El club emitió un comunicado informando sobre su situación.",,RPP Noticias,2025-10-07T04:54:20.115Z,cmgg1fs0f0007112gev7odmxo,Salud,#10B981
cmgg351aq0065x718vv6dixe7,Crisis sanitaria en Brasil: lo que se sabe de la intoxicación masiva por metanol,https://rpp.pe/mundo/latinoamerica/crisis-sanitaria-en-brasil-lo-que-se-sabe-de-la-intoxicacion-masiva-por-metanol-noticia-123459#1759812860114-0yvamzn0v,Las autoridades brasileñas investigan una intoxicación masiva por metanol que ha causado muertes y la caída del consumo de alcohol en el país. Se han reportado varios casos en diferentes estados.,,RPP Noticias,2025-10-07T04:54:20.114Z,cmgg1fs0c0003112g7epw4vrz,Deportes,#F59E0B
cmgg351ao0061x718hg5rm4kw,Con caras nuevas: Selección Peruana empezó sus entrenamientos pensando en duelo ante Chile,https://rpp.pe/deportes/futbol/con-caras-nuevas-seleccion-peruana-empezo-sus-entrenamientos-pensando-en-duelo-ante-chile-noticia-123457#1759812860112-ixqm0b1yl,"Con la presencia de 20 futbolistas, la Selección Peruana empezó sus entrenamientos en La Videna FPF con miras al partido amistoso ante Chile. Felipe Chávez de Bayern Munich dijo presente.",,RPP Noticias,2025-10-07T04:54:20.113Z,cmgg1fs0c0003112g7epw4vrz,Deportes,#F59E0B
cmgg351ap0063x7186xdfzpww,Corpac reconoce que hubo 'breve interrupción' en el funcionamiento del sistema de control radar,https://rpp.pe/lima/actualidad/corpac-reconoce-que-hubo-breve-interrupcion-en-el-funcionamiento-del-sistema-de-control-radar-noticia-123458#1759812860113-uel7i6ppc,La Corporación Peruana de Aeropuertos y Aviación Comercial (Corpac) reconoció que hubo una breve interrupción en el funcionamiento del sistema de control radar en el aeropuerto Jorge Chávez.,,RPP Noticias,2025-10-07T04:54:20.113Z,,Sin categoría,
cmgg351an005zx718f3su0vg8,Dirigentes transportistas acuerdan no continuar con el paro tras reunión con ministros,https://rpp.pe/politica/actualidad/dirigentes-transportistas-acuerdan-no-continuar-con-el-paro-tras-reunion-con-ministros-noticia-123456#1759812860111-t05hknj8n,"Los representantes del sector sostuvieron una reunión con el jefe del Gabinete Ministerial, Eduardo Arana, y otros ministros en la que acordaron, entre otros puntos, la instalación de una mesa de trabajo.",,RPP Noticias,2025-10-07T04:54:20.112Z,cmgg1fs0b0001112g2lb2odtv,Política,#DC2626
cmgg351ai005vx718vys1m29o,Medio ambiente: Proyecto de conservación en la Amazonía peruana,https://www.radionacional.gob.pe/medio-ambiente/proyecto-de-conservacion-en-la-amazonia-peruana#1759812860106-8isdv6gvm,Se lanza un nuevo proyecto de conservación en la Amazonía peruana que busca proteger la biodiversidad y promover el desarrollo sostenible en las comunidades locales.,,Radio Nacional del Perú,2025-10-07T04:54:20.107Z,cmgg1fs0g000a112g93a1z2i9,Medio Ambiente,#22C55E
cmgg351ah005tx71849aiuxy6,Educación: Nuevas tecnologías llegan a escuelas rurales,https://www.radionacional.gob.pe/educacion/nuevas-tecnologias-llegan-a-escuelas-rurales#1759812860105-ha3ttxhhp,"El Ministerio de Educación implementa programas de tecnología educativa en escuelas rurales, llevando internet y equipos informáticos a comunidades alejadas para mejorar la calidad educativa.",,Radio Nacional del Perú,2025-10-07T04:54:20.106Z,cmgg1fs0f0008112gsse5oyp2,Sociedad,#F97316
cmgg351ag005rx718zagxod9w,Ministerio de Salud reporta avances en campaña de vacunación,https://www.radionacional.gob.pe/salud/ministerio-de-salud-reporta-avances-en-campana-de-vacunacion#1759812860104-cna13r7pd,"El Ministerio de Salud informó sobre los avances en la campaña de vacunación contra diversas enfermedades, alcanzando importantes coberturas en las regiones más vulnerables del país.",,Radio Nacional del Perú,2025-10-07T04:54:20.105Z,cmgg1fs0f0007112gev7odmxo,Salud,#10B981
cmgg351af005px718oejx0lgs,Cultura peruana celebra el Día Internacional de la Lengua Materna,https://www.radionacional.gob.pe/cultura/cultura-peruana-celebra-el-dia-internacional-de-la-lengua-materna#1759812860102-9mz8k5j2s,"Diversas actividades culturales se realizan en todo el país para conmemorar el Día Internacional de la Lengua Materna, destacando la importancia de preservar las lenguas originarias del Perú.",,Radio Nacional del Perú,2025-10-07T04:54:20.103Z,cmgg1fs0b0000112g1dwxzwzw,Actualidad,#3B82F6
cmgg351ac005nx718ta7qs4f3,Gobierno anuncia nuevas medidas económicas para reactivar el país,https://www.radionacional.gob.pe/economia/gobierno-anuncia-nuevas-medidas-economicas-para-reactivar-el-pais#1759812860100-2dzj8wvnz,"El Ministerio de Economía y Finanzas presentó un paquete de medidas destinadas a impulsar la reactivación económica del país, incluyendo incentivos fiscales y programas de apoyo a las pequeñas empresas.",,Radio Nacional del Perú,2025-10-07T04:54:20.101Z,cmgg1fs0c0002112gtz9dd9xz,Economía,#059669
cmgg34som005jx718lu9y2es3,Artículo de elcomercio.pe,https://elcomercio.pe//articulo-1#1759812848950-k1rzsujx8,Contenido extraído usando selectores CSS personalizados...,,elcomercio.pe,2025-10-07T04:54:08.950Z,,Sin categoría,
cmgg34sol005fx7188fnz4stk,Artículo de www.youtube.com,https://www.youtube.com/channel/UCkZCoc42IipR1ucqJmIehsA/articulo-1#1759812848949-bv8asimz7,Contenido extraído usando selectores CSS personalizados...,,www.youtube.com,2025-10-07T04:54:08.949Z,,Sin categoría,
cmgg34sok005bx718w7e14f2d,Artículo de radios.com.pe,https://radios.com.pe/exitosa-lima//articulo-1#1759812848948-29ek43zxs,Contenido extraído usando selectores CSS personalizados...,,radios.com.pe,2025-10-07T04:54:08.948Z,,Sin categoría,
cmgg34soi0057x718rhhbrwk4,Artículo de streema.com,https://streema.com/radios/Radio_Noticias_Peru/articulo-1#1759812848946-7w807p2w0,Contenido extraído usando selectores CSS personalizados...,,streema.com,2025-10-07T04:54:08.947Z,,Sin categoría,
cmgg34soh0053x718x9x8puwc,Artículo de radiouno.pe,https://radiouno.pe//articulo-1#1759812848945-pjw3ch1bi,Contenido extraído usando selectores CSS personalizados...,,radiouno.pe,2025-10-07T04:54:08.946Z,,Sin categoría,
cmgg34sog004zx7183uayw5zj,Artículo de canaln.pe,https://canaln.pe//articulo-1#1759812848944-a1z5xivat,Contenido extraído usando selectores CSS personalizados...,,canaln.pe,2025-10-07T04:54:08.944Z,,Sin categoría,
cmgg34sof004vx718lwwnvkgk,Artículo de www.exitosanoticias.pe,https://www.exitosanoticias.pe//articulo-1#1759812848943-dn5xa7o1o,Contenido extraído usando selectores CSS personalizados...,,www.exitosanoticias.pe,2025-10-07T04:54:08.943Z,,Sin categoría,
cmgg34sod004px718b5x5p8vf,Crisis sanitaria en Brasil: lo que se sabe de la intoxicación masiva por metanol,https://rpp.pe/mundo/latinoamerica/crisis-sanitaria-en-brasil-lo-que-se-sabe-de-la-intoxicacion-masiva-por-metanol-noticia-123459#1759812848941-y7qb81ghq,Las autoridades brasileñas investigan una intoxicación masiva por metanol que ha causado muertes y la caída del consumo de alcohol en el país. Se han reportado varios casos en diferentes estados.,,RPP Noticias,2025-10-07T04:54:08.942Z,cmgg1fs0c0003112g7epw4vrz,Deportes,#F59E0B
cmgg34soe004rx718n1v1qa4g,"Miguel Ángel Russo, entrenador de Boca Juniors, en grave estado de salud",https://rpp.pe/deportes/futbol/miguel-angel-russo-entrenador-de-boca-juniors-en-grave-estado-de-salud-noticia-123460#1759812848942-8s0qg7682,"El entrenador de Boca Juniors, Miguel Ángel Russo, se encuentra en grave estado de salud y fue internado en un centro médico. El club emitió un comunicado informando sobre su situación.",,RPP Noticias,2025-10-07T04:54:08.942Z,cmgg1fs0f0007112gev7odmxo,Salud,#10B981
cmgg34soc004lx718w7z4f7jp,Con caras nuevas: Selección Peruana empezó sus entrenamientos pensando en duelo ante Chile,https://rpp.pe/deportes/futbol/con-caras-nuevas-seleccion-peruana-empezo-sus-entrenamientos-pensando-en-duelo-ante-chile-noticia-123457#1759812848940-h4aaq2u4v,"Con la presencia de 20 futbolistas, la Selección Peruana empezó sus entrenamientos en La Videna FPF con miras al partido amistoso ante Chile. Felipe Chávez de Bayern Munich dijo presente.",,RPP Noticias,2025-10-07T04:54:08.941Z,cmgg1fs0c0003112g7epw4vrz,Deportes,#F59E0B
cmgg34sod004nx7186jmkz2gm,Corpac reconoce que hubo 'breve interrupción' en el funcionamiento del sistema de control radar,https://rpp.pe/lima/actualidad/corpac-reconoce-que-hubo-breve-interrupcion-en-el-funcionamiento-del-sistema-de-control-radar-noticia-123458#1759812848941-d1kaoxc1z,La Corporación Peruana de Aeropuertos y Aviación Comercial (Corpac) reconoció que hubo una breve interrupción en el funcionamiento del sistema de control radar en el aeropuerto Jorge Chávez.,,RPP Noticias,2025-10-07T04:54:08.941Z,,Sin categoría,
cmgg34sob004jx7187bfqb95f,Dirigentes transportistas acuerdan no continuar con el paro tras reunión con ministros,https://rpp.pe/politica/actualidad/dirigentes-transportistas-acuerdan-no-continuar-con-el-paro-tras-reunion-con-ministros-noticia-123456#1759812848939-pasip40im,"Los representantes del sector sostuvieron una reunión con el jefe del Gabinete Ministerial, Eduardo Arana, y otros ministros en la que acordaron, entre otros puntos, la instalación de una mesa de trabajo.",,RPP Noticias,2025-10-07T04:54:08.940Z,cmgg1fs0b0001112g2lb2odtv,Política,#DC2626
cmgg34so8004fx718ikavmsiw,Medio ambiente: Proyecto de conservación en la Amazonía peruana,https://www.radionacional.gob.pe/medio-ambiente/proyecto-de-conservacion-en-la-amazonia-peruana#1759812848936-mta3q6amg,Se lanza un nuevo proyecto de conservación en la Amazonía peruana que busca proteger la biodiversidad y promover el desarrollo sostenible en las comunidades locales.,,Radio Nacional del Perú,2025-10-07T04:54:08.937Z,cmgg1fs0g000a112g93a1z2i9,Medio Ambiente,#22C55E
cmgg34so7004dx718o4vqi92y,Educación: Nuevas tecnologías llegan a escuelas rurales,https://www.radionacional.gob.pe/educacion/nuevas-tecnologias-llegan-a-escuelas-rurales#1759812848935-rnurjmdqs,"El Ministerio de Educación implementa programas de tecnología educativa en escuelas rurales, llevando internet y equipos informáticos a comunidades alejadas para mejorar la calidad educativa.",,Radio Nacional del Perú,2025-10-07T04:54:08.936Z,cmgg1fs0f0008112gsse5oyp2,Sociedad,#F97316
cmgg34so6004bx718t57ekzdg,Ministerio de Salud reporta avances en campaña de vacunación,https://www.radionacional.gob.pe/salud/ministerio-de-salud-reporta-avances-en-campana-de-vacunacion#1759812848934-c7xzyq6tf,"El Ministerio de Salud informó sobre los avances en la campaña de vacunación contra diversas enfermedades, alcanzando importantes coberturas en las regiones más vulnerables del país.",,Radio Nacional del Perú,2025-10-07T04:54:08.935Z,cmgg1fs0f0007112gev7odmxo,Salud,#10B981
cmgg34so50049x7186gvmo6gj,Cultura peruana celebra el Día Internacional de la Lengua Materna,https://www.radionacional.gob.pe/cultura/cultura-peruana-celebra-el-dia-internacional-de-la-lengua-materna#1759812848933-y7ex2m98u,"Diversas actividades culturales se realizan en todo el país para conmemorar el Día Internacional de la Lengua Materna, destacando la importancia de preservar las lenguas originarias del Perú.",,Radio Nacional del Perú,2025-10-07T04:54:08.934Z,cmgg1fs0b0000112g1dwxzwzw,Actualidad,#3B82F6
cmgg34so30047x718ui6sh8xi,Gobierno anuncia nuevas medidas económicas para reactivar el país,https://www.radionacional.gob.pe/economia/gobierno-anuncia-nuevas-medidas-economicas-para-reactivar-el-pais#1759812848931-s77ayhwob,"El Ministerio de Economía y Finanzas presentó un paquete de medidas destinadas a impulsar la reactivación económica del país, incluyendo incentivos fiscales y programas de apoyo a las pequeñas empresas.",,Radio Nacional del Perú,2025-10-07T04:54:08.932Z,cmgg1fs0c0002112gtz9dd9xz,Economía,#059669
cmgg33cyl0042x718co6qmzup,Artículo de www.youtube.com,https://www.youtube.com/channel/UCkZCoc42IipR1ucqJmIehsA/articulo-1#1759812781917-h2dfcr4qr,Contenido extraído usando selectores CSS personalizados...,,www.youtube.com,2025-10-07T04:53:01.917Z,,Sin categoría,
cmgg33cyk003yx7188cdtagc2,Artículo de radios.com.pe,https://radios.com.pe/exitosa-lima//articulo-1#1759812781916-6pxs715gj,Contenido extraído usando selectores CSS personalizados...,,radios.com.pe,2025-10-07T04:53:01.916Z,,Sin categoría,
cmgg33cyj003ux718swu2crgs,Artículo de streema.com,https://streema.com/radios/Radio_Noticias_Peru/articulo-1#1759812781914-v0cbwm0r8,Contenido extraído usando selectores CSS personalizados...,,streema.com,2025-10-07T04:53:01.915Z,,Sin categoría,
cmgg33cyh003qx718lb7gksei,Artículo de radiouno.pe,https://radiouno.pe//articulo-1#1759812781913-b44e0yn3z,Contenido extraído usando selectores CSS personalizados...,,radiouno.pe,2025-10-07T04:53:01.914Z,,Sin categoría,
cmgg33cyg003mx718o0onc8s3,Artículo de canaln.pe,https://canaln.pe//articulo-1#1759812781912-11j08uv0i,Contenido extraído usando selectores CSS personalizados...,,canaln.pe,2025-10-07T04:53:01.912Z,,Sin categoría,
cmgg33cyf003ix718ew0at75d,Artículo de www.exitosanoticias.pe,https://www.exitosanoticias.pe//articulo-1#1759812781910-i6dbg6szt,Contenido extraído usando selectores CSS personalizados...,,www.exitosanoticias.pe,2025-10-07T04:53:01.911Z,,Sin categoría,
cmgg33cyd003ex718fah29ep1,"Miguel Ángel Russo, entrenador de Boca Juniors, en grave estado de salud",https://rpp.pe/deportes/futbol/miguel-angel-russo-entrenador-de-boca-juniors-en-grave-estado-de-salud-noticia-123460#1759812781909-gj16eze7d,"El entrenador de Boca Juniors, Miguel Ángel Russo, se encuentra en grave estado de salud y fue internado en un centro médico. El club emitió un comunicado informando sobre su situación.",,RPP Noticias,2025-10-07T04:53:01.910Z,cmgg1fs0f0007112gev7odmxo,Salud,#10B981
cmgg33cyd003cx718jq9nn2w2,Crisis sanitaria en Brasil: lo que se sabe de la intoxicación masiva por metanol,https://rpp.pe/mundo/latinoamerica/crisis-sanitaria-en-brasil-lo-que-se-sabe-de-la-intoxicacion-masiva-por-metanol-noticia-123459#1759812781909-9sb3iz67t,Las autoridades brasileñas investigan una intoxicación masiva por metanol que ha causado muertes y la caída del consumo de alcohol en el país. Se han reportado varios casos en diferentes estados.,,RPP Noticias,2025-10-07T04:53:01.909Z,cmgg1fs0c0003112g7epw4vrz,Deportes,#F59E0B
cmgg33cyb0038x718bl50ndzw,Con caras nuevas: Selección Peruana empezó sus entrenamientos pensando en duelo ante Chile,https://rpp.pe/deportes/futbol/con-caras-nuevas-seleccion-peruana-empezo-sus-entrenamientos-pensando-en-duelo-ante-chile-noticia-123457#1759812781907-zbq6nmbkj,"Con la presencia de 20 futbolistas, la Selección Peruana empezó sus entrenamientos en La Videna FPF con miras al partido amistoso ante Chile. Felipe Chávez de Bayern Munich dijo presente.",,RPP Noticias,2025-10-07T04:53:01.908Z,cmgg1fs0c0003112g7epw4vrz,Deportes,#F59E0B
cmgg33cyc003ax718epo4fpqf,Corpac reconoce que hubo 'breve interrupción' en el funcionamiento del sistema de control radar,https://rpp.pe/lima/actualidad/corpac-reconoce-que-hubo-breve-interrupcion-en-el-funcionamiento-del-sistema-de-control-radar-noticia-123458#1759812781908-0gbst2izz,La Corporación Peruana de Aeropuertos y Aviación Comercial (Corpac) reconoció que hubo una breve interrupción en el funcionamiento del sistema de control radar en el aeropuerto Jorge Chávez.,,RPP Noticias,2025-10-07T04:53:01.908Z,,Sin categoría,
cmgg33cyb0036x718ut709egj,Dirigentes transportistas acuerdan no continuar con el paro tras reunión con ministros,https://rpp.pe/politica/actualidad/dirigentes-transportistas-acuerdan-no-continuar-con-el-paro-tras-reunion-con-ministros-noticia-123456#1759812781906-ap3vtrufl,"Los representantes del sector sostuvieron una reunión con el jefe del Gabinete Ministerial, Eduardo Arana, y otros ministros en la que acordaron, entre otros puntos, la instalación de una mesa de trabajo.",,RPP Noticias,2025-10-07T04:53:01.907Z,cmgg1fs0b0001112g2lb2odtv,Política,#DC2626
cmgg33cy70032x718oh1odus0,Medio ambiente: Proyecto de conservación en la Amazonía peruana,https://www.radionacional.gob.pe/medio-ambiente/proyecto-de-conservacion-en-la-amazonia-peruana#1759812781903-3j3dg7kn3,Se lanza un nuevo proyecto de conservación en la Amazonía peruana que busca proteger la biodiversidad y promover el desarrollo sostenible en las comunidades locales.,,Radio Nacional del Perú,2025-10-07T04:53:01.904Z,cmgg1fs0g000a112g93a1z2i9,Medio Ambiente,#22C55E
cmgg33cy70030x718vv9osoey,Educación: Nuevas tecnologías llegan a escuelas rurales,https://www.radionacional.gob.pe/educacion/nuevas-tecnologias-llegan-a-escuelas-rurales#1759812781902-tixxvxht7,"El Ministerio de Educación implementa programas de tecnología educativa en escuelas rurales, llevando internet y equipos informáticos a comunidades alejadas para mejorar la calidad educativa.",,Radio Nacional del Perú,2025-10-07T04:53:01.903Z,cmgg1fs0f0008112gsse5oyp2,Sociedad,#F97316
cmgg33cy6002yx718a4l9gzzs,Ministerio de Salud reporta avances en campaña de vacunación,https://www.radionacional.gob.pe/salud/ministerio-de-salud-reporta-avances-en-campana-de-vacunacion#1759812781902-l6fz7jbb2,"El Ministerio de Salud informó sobre los avances en la campaña de vacunación contra diversas enfermedades, alcanzando importantes coberturas en las regiones más vulnerables del país.",,Radio Nacional del Perú,2025-10-07T04:53:01.902Z,cmgg1fs0f0007112gev7odmxo,Salud,#10B981
cmgg33cy5002wx7189ikpnahs,Cultura peruana celebra el Día Internacional de la Lengua Materna,https://www.radionacional.gob.pe/cultura/cultura-peruana-celebra-el-dia-internacional-de-la-lengua-materna#1759812781900-igh36ygvm,"Diversas actividades culturales se realizan en todo el país para conmemorar el Día Internacional de la Lengua Materna, destacando la importancia de preservar las lenguas originarias del Perú.",,Radio Nacional del Perú,2025-10-07T04:53:01.901Z,cmgg1fs0b0000112g1dwxzwzw,Actualidad,#3B82F6
cmgg33cy3002ux718rencpi0c,Gobierno anuncia nuevas medidas económicas para reactivar el país,https://www.radionacional.gob.pe/economia/gobierno-anuncia-nuevas-medidas-economicas-para-reactivar-el-pais#1759812781899-jom1m40r5,"El Ministerio de Economía y Finanzas presentó un paquete de medidas destinadas a impulsar la reactivación económica del país, incluyendo incentivos fiscales y programas de apoyo a las pequeñas empresas.",,Radio Nacional del Perú,2025-10-07T04:53:01.899Z,cmgg1fs0c0002112gtz9dd9xz,Economía,#059669
cmgg31qbf002ox7188kfbh6uo,Artículo de streema.com,https://streema.com/radios/Radio_Noticias_Peru/articulo-1#1759812705915-rwhy1p88j,Contenido extraído usando selectores CSS personalizados...,,streema.com,2025-10-07T04:51:45.915Z,,Sin categoría,
cmgg31qbd002gx718f725l298,Artículo de canaln.pe,https://canaln.pe//articulo-1#1759812705913-tb3awu9wa,Contenido extraído usando selectores CSS personalizados...,,canaln.pe,2025-10-07T04:51:45.914Z,,Sin categoría,
cmgg31qbe002kx7182ys7wm5u,Artículo de radiouno.pe,https://radiouno.pe//articulo-1#1759812705914-mp39ycf74,Contenido extraído usando selectores CSS personalizados...,,radiouno.pe,2025-10-07T04:51:45.914Z,,Sin categoría,
cmgg31qbc002cx718a3lxcuoi,Artículo de www.exitosanoticias.pe,https://www.exitosanoticias.pe//articulo-1#1759812705912-i3xore7k4,Contenido extraído usando selectores CSS personalizados...,,www.exitosanoticias.pe,2025-10-07T04:51:45.913Z,,Sin categoría,
cmgg31qbb0028x718so08yzoe,"Miguel Ángel Russo, entrenador de Boca Juniors, en grave estado de salud",https://rpp.pe/deportes/futbol/miguel-angel-russo-entrenador-de-boca-juniors-en-grave-estado-de-salud-noticia-123460#1759812705911-2zzuhwtox,"El entrenador de Boca Juniors, Miguel Ángel Russo, se encuentra en grave estado de salud y fue internado en un centro médico. El club emitió un comunicado informando sobre su situación.",,RPP Noticias,2025-10-07T04:51:45.912Z,cmgg1fs0f0007112gev7odmxo,Salud,#10B981
cmgg31qba0024x718qkn79pha,Corpac reconoce que hubo 'breve interrupción' en el funcionamiento del sistema de control radar,https://rpp.pe/lima/actualidad/corpac-reconoce-que-hubo-breve-interrupcion-en-el-funcionamiento-del-sistema-de-control-radar-noticia-123458#1759812705910-nacpodfej,La Corporación Peruana de Aeropuertos y Aviación Comercial (Corpac) reconoció que hubo una breve interrupción en el funcionamiento del sistema de control radar en el aeropuerto Jorge Chávez.,,RPP Noticias,2025-10-07T04:51:45.911Z,,Sin categoría,
cmgg31qbb0026x718fob26izh,Crisis sanitaria en Brasil: lo que se sabe de la intoxicación masiva por metanol,https://rpp.pe/mundo/latinoamerica/crisis-sanitaria-en-brasil-lo-que-se-sabe-de-la-intoxicacion-masiva-por-metanol-noticia-123459#1759812705911-mgj41m5ip,Las autoridades brasileñas investigan una intoxicación masiva por metanol que ha causado muertes y la caída del consumo de alcohol en el país. Se han reportado varios casos en diferentes estados.,,RPP Noticias,2025-10-07T04:51:45.911Z,cmgg1fs0c0003112g7epw4vrz,Deportes,#F59E0B
cmgg31qb90020x7180snr2oka,Dirigentes transportistas acuerdan no continuar con el paro tras reunión con ministros,https://rpp.pe/politica/actualidad/dirigentes-transportistas-acuerdan-no-continuar-con-el-paro-tras-reunion-con-ministros-noticia-123456#1759812705909-90e62njc7,"Los representantes del sector sostuvieron una reunión con el jefe del Gabinete Ministerial, Eduardo Arana, y otros ministros en la que acordaron, entre otros puntos, la instalación de una mesa de trabajo.",,RPP Noticias,2025-10-07T04:51:45.910Z,cmgg1fs0b0001112g2lb2odtv,Política,#DC2626
cmgg31qba0022x718xg8g44lt,Con caras nuevas: Selección Peruana empezó sus entrenamientos pensando en duelo ante Chile,https://rpp.pe/deportes/futbol/con-caras-nuevas-seleccion-peruana-empezo-sus-entrenamientos-pensando-en-duelo-ante-chile-noticia-123457#1759812705910-sowqdkb3w,"Con la presencia de 20 futbolistas, la Selección Peruana empezó sus entrenamientos en La Videna FPF con miras al partido amistoso ante Chile. Felipe Chávez de Bayern Munich dijo presente.",,RPP Noticias,2025-10-07T04:51:45.910Z,cmgg1fs0c0003112g7epw4vrz,Deportes,#F59E0B
cmgg31qb7001ux718wbhsvycv,Educación: Nuevas tecnologías llegan a escuelas rurales,https://www.radionacional.gob.pe/educacion/nuevas-tecnologias-llegan-a-escuelas-rurales#1759812705907-1cvfp8kju,"El Ministerio de Educación implementa programas de tecnología educativa en escuelas rurales, llevando internet y equipos informáticos a comunidades alejadas para mejorar la calidad educativa.",,Radio Nacional del Perú,2025-10-07T04:51:45.908Z,cmgg1fs0f0008112gsse5oyp2,Sociedad,#F97316
cmgg31qb8001wx718upxrepbf,Medio ambiente: Proyecto de conservación en la Amazonía peruana,https://www.radionacional.gob.pe/medio-ambiente/proyecto-de-conservacion-en-la-amazonia-peruana#1759812705908-7csbx3gjg,Se lanza un nuevo proyecto de conservación en la Amazonía peruana que busca proteger la biodiversidad y promover el desarrollo sostenible en las comunidades locales.,,Radio Nacional del Perú,2025-10-07T04:51:45.908Z,cmgg1fs0g000a112g93a1z2i9,Medio Ambiente,#22C55E
cmgg31qb6001qx718piv4gela,Cultura peruana celebra el Día Internacional de la Lengua Materna,https://www.radionacional.gob.pe/cultura/cultura-peruana-celebra-el-dia-internacional-de-la-lengua-materna#1759812705906-5kxy9t33k,"Diversas actividades culturales se realizan en todo el país para conmemorar el Día Internacional de la Lengua Materna, destacando la importancia de preservar las lenguas originarias del Perú.",,Radio Nacional del Perú,2025-10-07T04:51:45.907Z,cmgg1fs0b0000112g1dwxzwzw,Actualidad,#3B82F6
cmgg31qb7001sx718qcvnczjv,Ministerio de Salud reporta avances en campaña de vacunación,https://www.radionacional.gob.pe/salud/ministerio-de-salud-reporta-avances-en-campana-de-vacunacion#1759812705907-dml06e4eg,"El Ministerio de Salud informó sobre los avances en la campaña de vacunación contra diversas enfermedades, alcanzando importantes coberturas en las regiones más vulnerables del país.",,Radio Nacional del Perú,2025-10-07T04:51:45.907Z,cmgg1fs0f0007112gev7odmxo,Salud,#10B981
cmgg31qb6001ox71897mn858i,Gobierno anuncia nuevas medidas económicas para reactivar el país,https://www.radionacional.gob.pe/economia/gobierno-anuncia-nuevas-medidas-economicas-para-reactivar-el-pais#1759812705906-56lfispja,"El Ministerio de Economía y Finanzas presentó un paquete de medidas destinadas a impulsar la reactivación económica del país, incluyendo incentivos fiscales y programas de apoyo a las pequeñas empresas.",,Radio Nacional del Perú,2025-10-07T04:51:45.906Z,cmgg1fs0c0002112gtz9dd9xz,Economía,#059669
cmgg2tr5l001hx718tt50rfbi,Artículo de www.exitosanoticias.pe,https://www.exitosanoticias.pe//articulo-1#1759812333753-ryfwxacm5,Contenido extraído usando selectores CSS personalizados...,,www.exitosanoticias.pe,2025-10-07T04:45:33.754Z,,Sin categoría,
cmgg2tr5k001bx718yl69uri9,Crisis sanitaria en Brasil: lo que se sabe de la intoxicación masiva por metanol,https://rpp.pe/mundo/latinoamerica/crisis-sanitaria-en-brasil-lo-que-se-sabe-de-la-intoxicacion-masiva-por-metanol-noticia-123459#1759812333752-fyze6lcob,Las autoridades brasileñas investigan una intoxicación masiva por metanol que ha causado muertes y la caída del consumo de alcohol en el país. Se han reportado varios casos en diferentes estados.,,RPP Noticias,2025-10-07T04:45:33.753Z,cmgg1fs0c0003112g7epw4vrz,Deportes,#F59E0B
cmgg2tr5l001dx718kxt76hqm,"Miguel Ángel Russo, entrenador de Boca Juniors, en grave estado de salud",https://rpp.pe/deportes/futbol/miguel-angel-russo-entrenador-de-boca-juniors-en-grave-estado-de-salud-noticia-123460#1759812333752-bfx2uxbzh,"El entrenador de Boca Juniors, Miguel Ángel Russo, se encuentra en grave estado de salud y fue internado en un centro médico. El club emitió un comunicado informando sobre su situación.",,RPP Noticias,2025-10-07T04:45:33.753Z,cmgg1fs0f0007112gev7odmxo,Salud,#10B981
cmgg2tr5j0017x7180lxswaeg,Con caras nuevas: Selección Peruana empezó sus entrenamientos pensando en duelo ante Chile,https://rpp.pe/deportes/futbol/con-caras-nuevas-seleccion-peruana-empezo-sus-entrenamientos-pensando-en-duelo-ante-chile-noticia-123457#1759812333751-h9jzqogdx,"Con la presencia de 20 futbolistas, la Selección Peruana empezó sus entrenamientos en La Videna FPF con miras al partido amistoso ante Chile. Felipe Chávez de Bayern Munich dijo presente.",,RPP Noticias,2025-10-07T04:45:33.752Z,cmgg1fs0c0003112g7epw4vrz,Deportes,#F59E0B
cmgg2tr5k0019x718mwbf9ye3,Corpac reconoce que hubo 'breve interrupción' en el funcionamiento del sistema de control radar,https://rpp.pe/lima/actualidad/corpac-reconoce-que-hubo-breve-interrupcion-en-el-funcionamiento-del-sistema-de-control-radar-noticia-123458#1759812333752-lq8xvoxhv,La Corporación Peruana de Aeropuertos y Aviación Comercial (Corpac) reconoció que hubo una breve interrupción en el funcionamiento del sistema de control radar en el aeropuerto Jorge Chávez.,,RPP Noticias,2025-10-07T04:45:33.752Z,,Sin categoría,
cmgg2tr5j0015x7184vi5izym,Dirigentes transportistas acuerdan no continuar con el paro tras reunión con ministros,https://rpp.pe/politica/actualidad/dirigentes-transportistas-acuerdan-no-continuar-con-el-paro-tras-reunion-con-ministros-noticia-123456#1759812333751-uou129tp4,"Los representantes del sector sostuvieron una reunión con el jefe del Gabinete Ministerial, Eduardo Arana, y otros ministros en la que acordaron, entre otros puntos, la instalación de una mesa de trabajo.",,RPP Noticias,2025-10-07T04:45:33.751Z,cmgg1fs0b0001112g2lb2odtv,Política,#DC2626
cmgg2tr5h0011x718a4yeu5nb,Medio ambiente: Proyecto de conservación en la Amazonía peruana,https://www.radionacional.gob.pe/medio-ambiente/proyecto-de-conservacion-en-la-amazonia-peruana#1759812333749-coa8s7va0,Se lanza un nuevo proyecto de conservación en la Amazonía peruana que busca proteger la biodiversidad y promover el desarrollo sostenible en las comunidades locales.,,Radio Nacional del Perú,2025-10-07T04:45:33.750Z,cmgg1fs0g000a112g93a1z2i9,Medio Ambiente,#22C55E
cmgg2tr5g000xx718vxv8uehf,Ministerio de Salud reporta avances en campaña de vacunación,https://www.radionacional.gob.pe/salud/ministerio-de-salud-reporta-avances-en-campana-de-vacunacion#1759812333748-q0u9cf9pf,"El Ministerio de Salud informó sobre los avances en la campaña de vacunación contra diversas enfermedades, alcanzando importantes coberturas en las regiones más vulnerables del país.",,Radio Nacional del Perú,2025-10-07T04:45:33.749Z,cmgg1fs0f0007112gev7odmxo,Salud,#10B981
cmgg2tr5h000zx718q02a17a6,Educación: Nuevas tecnologías llegan a escuelas rurales,https://www.radionacional.gob.pe/educacion/nuevas-tecnologias-llegan-a-escuelas-rurales#1759812333749-z7mevm4ya,"El Ministerio de Educación implementa programas de tecnología educativa en escuelas rurales, llevando internet y equipos informáticos a comunidades alejadas para mejorar la calidad educativa.",,Radio Nacional del Perú,2025-10-07T04:45:33.749Z,cmgg1fs0f0008112gsse5oyp2,Sociedad,#F97316
cmgg2tr5g000vx71843xjzjqu,Cultura peruana celebra el Día Internacional de la Lengua Materna,https://www.radionacional.gob.pe/cultura/cultura-peruana-celebra-el-dia-internacional-de-la-lengua-materna#1759812333748-jeil54cuf,"Diversas actividades culturales se realizan en todo el país para conmemorar el Día Internacional de la Lengua Materna, destacando la importancia de preservar las lenguas originarias del Perú.",,Radio Nacional del Perú,2025-10-07T04:45:33.748Z,cmgg1fs0b0000112g1dwxzwzw,Actualidad,#3B82F6
cmgg2tr5f000tx718vk1pxz4k,Gobierno anuncia nuevas medidas económicas para reactivar el país,https://www.radionacional.gob.pe/economia/gobierno-anuncia-nuevas-medidas-economicas-para-reactivar-el-pais#1759812333747-i7btw7hp9,"El Ministerio de Economía y Finanzas presentó un paquete de medidas destinadas a impulsar la reactivación económica del país, incluyendo incentivos fiscales y programas de apoyo a las pequeñas empresas.",,Radio Nacional del Perú,2025-10-07T04:45:33.747Z,cmgg1fs0c0002112gtz9dd9xz,Economía,#059669
cmgg2nywq000jx718a1tzfo2t,Corpac reconoce que hubo 'breve interrupción' en el funcionamiento del sistema de control radar,https://rpp.pe/lima/actualidad/corpac-reconoce-que-hubo-breve-interrupcion-en-el-funcionamiento-del-sistema-de-control-radar-noticia-123458#1759812063866-rsnb0xpy4,La Corporación Peruana de Aeropuertos y Aviación Comercial (Corpac) reconoció que hubo una breve interrupción en el funcionamiento del sistema de control radar en el aeropuerto Jorge Chávez.,,RPP Noticias,2025-10-07T04:41:03.867Z,,Sin categoría,
cmgg2nywq000lx718h37hotyr,Crisis sanitaria en Brasil: lo que se sabe de la intoxicación masiva por metanol,https://rpp.pe/mundo/latinoamerica/crisis-sanitaria-en-brasil-lo-que-se-sabe-de-la-intoxicacion-masiva-por-metanol-noticia-123459#1759812063866-pqv5qt2bg,Las autoridades brasileñas investigan una intoxicación masiva por metanol que ha causado muertes y la caída del consumo de alcohol en el país. Se han reportado varios casos en diferentes estados.,,RPP Noticias,2025-10-07T04:41:03.867Z,cmgg1fs0c0003112g7epw4vrz,Deportes,#F59E0B
cmgg2nywr000nx718me0j5zmg,"Miguel Ángel Russo, entrenador de Boca Juniors, en grave estado de salud",https://rpp.pe/deportes/futbol/miguel-angel-russo-entrenador-de-boca-juniors-en-grave-estado-de-salud-noticia-123460#1759812063867-7stuclupk,"El entrenador de Boca Juniors, Miguel Ángel Russo, se encuentra en grave estado de salud y fue internado en un centro médico. El club emitió un comunicado informando sobre su situación.",,RPP Noticias,2025-10-07T04:41:03.867Z,cmgg1fs0f0007112gev7odmxo,Salud,#10B981
cmgg2nywp000fx718sepcawkm,Dirigentes transportistas acuerdan no continuar con el paro tras reunión con ministros,https://rpp.pe/politica/actualidad/dirigentes-transportistas-acuerdan-no-continuar-con-el-paro-tras-reunion-con-ministros-noticia-123456#1759812063865-xls5pjy8a,"Los representantes del sector sostuvieron una reunión con el jefe del Gabinete Ministerial, Eduardo Arana, y otros ministros en la que acordaron, entre otros puntos, la instalación de una mesa de trabajo.",,RPP Noticias,2025-10-07T04:41:03.866Z,cmgg1fs0b0001112g2lb2odtv,Política,#DC2626
cmgg2nywq000hx7181irw5b05,Con caras nuevas: Selección Peruana empezó sus entrenamientos pensando en duelo ante Chile,https://rpp.pe/deportes/futbol/con-caras-nuevas-seleccion-peruana-empezo-sus-entrenamientos-pensando-en-duelo-ante-chile-noticia-123457#1759812063866-x1lid0zrf,"Con la presencia de 20 futbolistas, la Selección Peruana empezó sus entrenamientos en La Videna FPF con miras al partido amistoso ante Chile. Felipe Chávez de Bayern Munich dijo presente.",,RPP Noticias,2025-10-07T04:41:03.866Z,cmgg1fs0c0003112g7epw4vrz,Deportes,#F59E0B
cmgg2nywm0007x71865sn99de,Ministerio de Salud reporta avances en campaña de vacunación,https://www.radionacional.gob.pe/salud/ministerio-de-salud-reporta-avances-en-campana-de-vacunacion#1759812063862-me1ea7g2t,"El Ministerio de Salud informó sobre los avances en la campaña de vacunación contra diversas enfermedades, alcanzando importantes coberturas en las regiones más vulnerables del país.",,Radio Nacional del Perú,2025-10-07T04:41:03.863Z,cmgg1fs0f0007112gev7odmxo,Salud,#10B981
cmgg2nywn0009x71822g4p4jf,Educación: Nuevas tecnologías llegan a escuelas rurales,https://www.radionacional.gob.pe/educacion/nuevas-tecnologias-llegan-a-escuelas-rurales#1759812063863-72ytbrvfq,"El Ministerio de Educación implementa programas de tecnología educativa en escuelas rurales, llevando internet y equipos informáticos a comunidades alejadas para mejorar la calidad educativa.",,Radio Nacional del Perú,2025-10-07T04:41:03.863Z,cmgg1fs0f0008112gsse5oyp2,Sociedad,#F97316
cmgg2nywn000bx718rapujz6t,Medio ambiente: Proyecto de conservación en la Amazonía peruana,https://www.radionacional.gob.pe/medio-ambiente/proyecto-de-conservacion-en-la-amazonia-peruana#1759812063863-g94e9hx5g,Se lanza un nuevo proyecto de conservación en la Amazonía peruana que busca proteger la biodiversidad y promover el desarrollo sostenible en las comunidades locales.,,Radio Nacional del Perú,2025-10-07T04:41:03.863Z,cmgg1fs0g000a112g93a1z2i9,Medio Ambiente,#22C55E
cmgg2nywm0005x718gglob40a,Cultura peruana celebra el Día Internacional de la Lengua Materna,https://www.radionacional.gob.pe/cultura/cultura-peruana-celebra-el-dia-internacional-de-la-lengua-materna#1759812063862-i7cm3nzqj,"Diversas actividades culturales se realizan en todo el país para conmemorar el Día Internacional de la Lengua Materna, destacando la importancia de preservar las lenguas originarias del Perú.",,Radio Nacional del Perú,2025-10-07T04:41:03.862Z,cmgg1fs0b0000112g1dwxzwzw,Actualidad,#3B82F6
cmgg2nywj0003x71858p4b1js,Gobierno anuncia nuevas medidas económicas para reactivar el país,https://www.radionacional.gob.pe/economia/gobierno-anuncia-nuevas-medidas-economicas-para-reactivar-el-pais#1759812063859-90if4dmw2,"El Ministerio de Economía y Finanzas presentó un paquete de medidas destinadas a impulsar la reactivación económica del país, incluyendo incentivos fiscales y programas de apoyo a las pequeñas empresas.",,Radio Nacional del Perú,2025-10-07T04:41:03.860Z,cmgg1fs0c0002112gtz9dd9xz,Economía,#059669
cmgg1x73200m98u89dnc98uk8,"Miguel Ángel Russo, entrenador de Boca Juniors, en grave estado de salud",https://rpp.pe/deportes/futbol/miguel-angel-russo-entrenador-de-boca-juniors-en-grave-estado-de-salud-noticia-123460#1759810814749-cmwyjj4mu,"El entrenador de Boca Juniors, Miguel Ángel Russo, se encuentra en grave estado de salud y fue internado en un centro médico. El club emitió un comunicado informando sobre su situación.",,RPP Noticias,2025-10-07T04:20:14.750Z,,Sin categoría,
cmgg1x73000m58u893cgitjgd,Corpac reconoce que hubo 'breve interrupción' en el funcionamiento del sistema de control radar,https://rpp.pe/lima/actualidad/corpac-reconoce-que-hubo-breve-interrupcion-en-el-funcionamiento-del-sistema-de-control-radar-noticia-123458#1759810814748-w0ql7ymou,La Corporación Peruana de Aeropuertos y Aviación Comercial (Corpac) reconoció que hubo una breve interrupción en el funcionamiento del sistema de control radar en el aeropuerto Jorge Chávez.,,RPP Noticias,2025-10-07T04:20:14.749Z,,Sin categoría,
cmgg1x73100m78u89tou65hc2,Crisis sanitaria en Brasil: lo que se sabe de la intoxicación masiva por metanol,https://rpp.pe/mundo/latinoamerica/crisis-sanitaria-en-brasil-lo-que-se-sabe-de-la-intoxicacion-masiva-por-metanol-noticia-123459#1759810814749-dgj1cpsny,Las autoridades brasileñas investigan una intoxicación masiva por metanol que ha causado muertes y la caída del consumo de alcohol en el país. Se han reportado varios casos en diferentes estados.,,RPP Noticias,2025-10-07T04:20:14.749Z,,Sin categoría,
cmgg1x72z00m38u89c59t5etx,Con caras nuevas: Selección Peruana empezó sus entrenamientos pensando en duelo ante Chile,https://rpp.pe/deportes/futbol/con-caras-nuevas-seleccion-peruana-empezo-sus-entrenamientos-pensando-en-duelo-ante-chile-noticia-123457#1759810814747-7z73vyqwj,"Con la presencia de 20 futbolistas, la Selección Peruana empezó sus entrenamientos en La Videna FPF con miras al partido amistoso ante Chile. Felipe Chávez de Bayern Munich dijo presente.",,RPP Noticias,2025-10-07T04:20:14.748Z,,Sin categoría,
cmgg1x72z00m18u89c0y5uscm,Dirigentes transportistas acuerdan no continuar con el paro tras reunión con ministros,https://rpp.pe/politica/actualidad/dirigentes-transportistas-acuerdan-no-continuar-con-el-paro-tras-reunion-con-ministros-noticia-123456#1759810814746-zps3uxb6m,"Los representantes del sector sostuvieron una reunión con el jefe del Gabinete Ministerial, Eduardo Arana, y otros ministros en la que acordaron, entre otros puntos, la instalación de una mesa de trabajo.",,RPP Noticias,2025-10-07T04:20:14.747Z,,Sin categoría,
cmgg1x72w00lx8u89mps5ay3q,Medio ambiente: Proyecto de conservación en la Amazonía peruana,https://www.radionacional.gob.pe/medio-ambiente/proyecto-de-conservacion-en-la-amazonia-peruana#1759810814744-oq3lqjxz5,Se lanza un nuevo proyecto de conservación en la Amazonía peruana que busca proteger la biodiversidad y promover el desarrollo sostenible en las comunidades locales.,,Radio Nacional del Perú,2025-10-07T04:20:14.745Z,,Sin categoría,
cmgg1x72w00lv8u898lrx6bnr,Educación: Nuevas tecnologías llegan a escuelas rurales,https://www.radionacional.gob.pe/educacion/nuevas-tecnologias-llegan-a-escuelas-rurales#1759810814743-nvnvhv5c9,"El Ministerio de Educación implementa programas de tecnología educativa en escuelas rurales, llevando internet y equipos informáticos a comunidades alejadas para mejorar la calidad educativa.",,Radio Nacional del Perú,2025-10-07T04:20:14.744Z,,Sin categoría,
cmgg1x72u00lr8u89tmn5stpl,Cultura peruana celebra el Día Internacional de la Lengua Materna,https://www.radionacional.gob.pe/cultura/cultura-peruana-celebra-el-dia-internacional-de-la-lengua-materna#1759810814742-fkw3ww1hf,"Diversas actividades culturales se realizan en todo el país para conmemorar el Día Internacional de la Lengua Materna, destacando la importancia de preservar las lenguas originarias del Perú.",,Radio Nacional del Perú,2025-10-07T04:20:14.743Z,,Sin categoría,
cmgg1x72v00lt8u89xc896brh,Ministerio de Salud reporta avances en campaña de vacunación,https://www.radionacional.gob.pe/salud/ministerio-de-salud-reporta-avances-en-campana-de-vacunacion#1759810814743-9t9krlqc8,"El Ministerio de Salud informó sobre los avances en la campaña de vacunación contra diversas enfermedades, alcanzando importantes coberturas en las regiones más vulnerables del país.",,Radio Nacional del Perú,2025-10-07T04:20:14.743Z,,Sin categoría,
cmgg1x72u00lp8u89v0orp3tb,Gobierno anuncia nuevas medidas económicas para reactivar el país,https://www.radionacional.gob.pe/economia/gobierno-anuncia-nuevas-medidas-economicas-para-reactivar-el-pais#1759810814741-uucccwvxt,"El Ministerio de Economía y Finanzas presentó un paquete de medidas destinadas a impulsar la reactivación económica del país, incluyendo incentivos fiscales y programas de apoyo a las pequeñas empresas.",,Radio Nacional del Perú,2025-10-07T04:20:14.742Z,,Sin categoría,
cmgg1wk1b00l88u899s7rmqws,Medio ambiente: Proyecto de conservación en la Amazonía peruana,https://www.radionacional.gob.pe/medio-ambiente/proyecto-de-conservacion-en-la-amazonia-peruana#1759810784879-waw4b2cmh,Se lanza un nuevo proyecto de conservación en la Amazonía peruana que busca proteger la biodiversidad y promover el desarrollo sostenible en las comunidades locales.,,Radio Nacional del Perú,2025-10-07T04:19:44.880Z,,Sin categoría,
cmgg1wk1a00l68u89xfoqbwet,Educación: Nuevas tecnologías llegan a escuelas rurales,https://www.radionacional.gob.pe/educacion/nuevas-tecnologias-llegan-a-escuelas-rurales#1759810784878-e2noyrjnp,"El Ministerio de Educación implementa programas de tecnología educativa en escuelas rurales, llevando internet y equipos informáticos a comunidades alejadas para mejorar la calidad educativa.",,Radio Nacional del Perú,2025-10-07T04:19:44.879Z,,Sin categoría,
cmgg1wk1a00l48u89sug0gr63,Ministerio de Salud reporta avances en campaña de vacunación,https://www.radionacional.gob.pe/salud/ministerio-de-salud-reporta-avances-en-campana-de-vacunacion#1759810784878-v8hhysybv,"El Ministerio de Salud informó sobre los avances en la campaña de vacunación contra diversas enfermedades, alcanzando importantes coberturas en las regiones más vulnerables del país.",,Radio Nacional del Perú,2025-10-07T04:19:44.878Z,,Sin categoría,
cmgg1wk1800l08u89dbp3yskf,Gobierno anuncia nuevas medidas económicas para reactivar el país,https://www.radionacional.gob.pe/economia/gobierno-anuncia-nuevas-medidas-economicas-para-reactivar-el-pais#1759810784876-vtwj4ik3d,"El Ministerio de Economía y Finanzas presentó un paquete de medidas destinadas a impulsar la reactivación económica del país, incluyendo incentivos fiscales y programas de apoyo a las pequeñas empresas.",,Radio Nacional del Perú,2025-10-07T04:19:44.877Z,,Sin categoría,
cmgg1wk1900l28u89jwxhruyz,Cultura peruana celebra el Día Internacional de la Lengua Materna,https://www.radionacional.gob.pe/cultura/cultura-peruana-celebra-el-dia-internacional-de-la-lengua-materna#1759810784877-du4up1gs0,"Diversas actividades culturales se realizan en todo el país para conmemorar el Día Internacional de la Lengua Materna, destacando la importancia de preservar las lenguas originarias del Perú.",,Radio Nacional del Perú,2025-10-07T04:19:44.877Z,,Sin categoría,
cmgg1vc4800kk8u89v5qrmtap,Medio ambiente: Proyecto de conservación en la Amazonía peruana,https://www.radionacional.gob.pe/medio-ambiente/proyecto-de-conservacion-en-la-amazonia-peruana#1759810727960-33fqzjtq7,Se lanza un nuevo proyecto de conservación en la Amazonía peruana que busca proteger la biodiversidad y promover el desarrollo sostenible en las comunidades locales.,,Radio Nacional del Perú,2025-10-07T04:18:47.961Z,,Sin categoría,
cmgg1vc4700kg8u89vbcxjmkq,Ministerio de Salud reporta avances en campaña de vacunación,https://www.radionacional.gob.pe/salud/ministerio-de-salud-reporta-avances-en-campana-de-vacunacion#1759810727959-vvew6pxzd,"El Ministerio de Salud informó sobre los avances en la campaña de vacunación contra diversas enfermedades, alcanzando importantes coberturas en las regiones más vulnerables del país.",,Radio Nacional del Perú,2025-10-07T04:18:47.960Z,,Sin categoría,
cmgg1vc4800ki8u897d4kg7bg,Educación: Nuevas tecnologías llegan a escuelas rurales,https://www.radionacional.gob.pe/educacion/nuevas-tecnologias-llegan-a-escuelas-rurales#1759810727960-k7q90b6jt,"El Ministerio de Educación implementa programas de tecnología educativa en escuelas rurales, llevando internet y equipos informáticos a comunidades alejadas para mejorar la calidad educativa.",,Radio Nacional del Perú,2025-10-07T04:18:47.960Z,,Sin categoría,
cmgg1vc4600kc8u89wb85l82z,Gobierno anuncia nuevas medidas económicas para reactivar el país,https://www.radionacional.gob.pe/economia/gobierno-anuncia-nuevas-medidas-economicas-para-reactivar-el-pais#1759810727958-8tzk5srkf,"El Ministerio de Economía y Finanzas presentó un paquete de medidas destinadas a impulsar la reactivación económica del país, incluyendo incentivos fiscales y programas de apoyo a las pequeñas empresas.",,Radio Nacional del Perú,2025-10-07T04:18:47.959Z,,Sin categoría,
cmgg1vc4700ke8u89sqpc0k3a,Cultura peruana celebra el Día Internacional de la Lengua Materna,https://www.radionacional.gob.pe/cultura/cultura-peruana-celebra-el-dia-internacional-de-la-lengua-materna#1759810727959-84z3jr8c2,"Diversas actividades culturales se realizan en todo el país para conmemorar el Día Internacional de la Lengua Materna, destacando la importancia de preservar las lenguas originarias del Perú.",,Radio Nacional del Perú,2025-10-07T04:18:47.959Z,,Sin categoría,
cmgg1sfwu00jv8u89kr9x9jcs,Medio ambiente: Proyecto de conservación en la Amazonía peruana,https://www.radionacional.gob.pe/medio-ambiente/proyecto-de-conservacion-en-la-amazonia-peruana#1759810592910-zqmjl8opg,Se lanza un nuevo proyecto de conservación en la Amazonía peruana que busca proteger la biodiversidad y promover el desarrollo sostenible en las comunidades locales.,,Radio Nacional del Perú,2025-10-07T04:16:32.911Z,cmgg1fs0g000a112g93a1z2i9,Medio Ambiente,#22C55E
cmgg1sfwu00jt8u89hxd6dlw1,Educación: Nuevas tecnologías llegan a escuelas rurales,https://www.radionacional.gob.pe/educacion/nuevas-tecnologias-llegan-a-escuelas-rurales#1759810592909-88qi4drf0,"El Ministerio de Educación implementa programas de tecnología educativa en escuelas rurales, llevando internet y equipos informáticos a comunidades alejadas para mejorar la calidad educativa.",,Radio Nacional del Perú,2025-10-07T04:16:32.910Z,cmgg1fs0f0008112gsse5oyp2,Sociedad,#F97316
cmgg1sfws00jp8u891lag6gkp,Cultura peruana celebra el Día Internacional de la Lengua Materna,https://www.radionacional.gob.pe/cultura/cultura-peruana-celebra-el-dia-internacional-de-la-lengua-materna#1759810592908-byymbwuur,"Diversas actividades culturales se realizan en todo el país para conmemorar el Día Internacional de la Lengua Materna, destacando la importancia de preservar las lenguas originarias del Perú.",,Radio Nacional del Perú,2025-10-07T04:16:32.909Z,cmgg1fs0b0000112g1dwxzwzw,Actualidad,#3B82F6
cmgg1sfwt00jr8u89yvooh44p,Ministerio de Salud reporta avances en campaña de vacunación,https://www.radionacional.gob.pe/salud/ministerio-de-salud-reporta-avances-en-campana-de-vacunacion#1759810592909-ow7yzucpc,"El Ministerio de Salud informó sobre los avances en la campaña de vacunación contra diversas enfermedades, alcanzando importantes coberturas en las regiones más vulnerables del país.",,Radio Nacional del Perú,2025-10-07T04:16:32.909Z,cmgg1fs0f0007112gev7odmxo,Salud,#10B981
cmgg1sfwr00jn8u89djs8k8uo,Gobierno anuncia nuevas medidas económicas para reactivar el país,https://www.radionacional.gob.pe/economia/gobierno-anuncia-nuevas-medidas-economicas-para-reactivar-el-pais#1759810592907-7h8u5xzfz,"El Ministerio de Economía y Finanzas presentó un paquete de medidas destinadas a impulsar la reactivación económica del país, incluyendo incentivos fiscales y programas de apoyo a las pequeñas empresas.",,Radio Nacional del Perú,2025-10-07T04:16:32.908Z,cmgg1fs0c0002112gtz9dd9xz,Economía,#059669
cmgg1sa2e00j78u89ls53d63a,"Miguel Ángel Russo, entrenador de Boca Juniors, en grave estado de salud",https://rpp.pe/deportes/futbol/miguel-angel-russo-entrenador-de-boca-juniors-en-grave-estado-de-salud-noticia-123460#1759810585334-424rlj2ng,"El entrenador de Boca Juniors, Miguel Ángel Russo, se encuentra en grave estado de salud y fue internado en un centro médico. El club emitió un comunicado informando sobre su situación.",,RPP Noticias,2025-10-07T04:16:25.334Z,cmgg1fs0f0007112gev7odmxo,Salud,#10B981
cmgg1sa2c00j38u89eeisv9jr,Corpac reconoce que hubo 'breve interrupción' en el funcionamiento del sistema de control radar,https://rpp.pe/lima/actualidad/corpac-reconoce-que-hubo-breve-interrupcion-en-el-funcionamiento-del-sistema-de-control-radar-noticia-123458#1759810585332-tz0zm069j,La Corporación Peruana de Aeropuertos y Aviación Comercial (Corpac) reconoció que hubo una breve interrupción en el funcionamiento del sistema de control radar en el aeropuerto Jorge Chávez.,,RPP Noticias,2025-10-07T04:16:25.333Z,,Sin categoría,
cmgg1sa2d00j58u89gyb1tnwl,Crisis sanitaria en Brasil: lo que se sabe de la intoxicación masiva por metanol,https://rpp.pe/mundo/latinoamerica/crisis-sanitaria-en-brasil-lo-que-se-sabe-de-la-intoxicacion-masiva-por-metanol-noticia-123459#1759810585333-8fsdb2yfi,Las autoridades brasileñas investigan una intoxicación masiva por metanol que ha causado muertes y la caída del consumo de alcohol en el país. Se han reportado varios casos en diferentes estados.,,RPP Noticias,2025-10-07T04:16:25.333Z,cmgg1fs0c0003112g7epw4vrz,Deportes,#F59E0B
cmgg1sa2c00j18u89ngkldy0z,Con caras nuevas: Selección Peruana empezó sus entrenamientos pensando en duelo ante Chile,https://rpp.pe/deportes/futbol/con-caras-nuevas-seleccion-peruana-empezo-sus-entrenamientos-pensando-en-duelo-ante-chile-noticia-123457#1759810585331-o6p5utvel,"Con la presencia de 20 futbolistas, la Selección Peruana empezó sus entrenamientos en La Videna FPF con miras al partido amistoso ante Chile. Felipe Chávez de Bayern Munich dijo presente.",,RPP Noticias,2025-10-07T04:16:25.332Z,cmgg1fs0c0003112g7epw4vrz,Deportes,#F59E0B
cmgg1sa2b00iz8u89csebey6e,Dirigentes transportistas acuerdan no continuar con el paro tras reunión con ministros,https://rpp.pe/politica/actualidad/dirigentes-transportistas-acuerdan-no-continuar-con-el-paro-tras-reunion-con-ministros-noticia-123456#1759810585331-nyucb9bfs,"Los representantes del sector sostuvieron una reunión con el jefe del Gabinete Ministerial, Eduardo Arana, y otros ministros en la que acordaron, entre otros puntos, la instalación de una mesa de trabajo.",,RPP Noticias,2025-10-07T04:16:25.331Z,cmgg1fs0b0001112g2lb2odtv,Política,#DC2626
cmgg1sa2700it8u89dhn2uhk3,Educación: Nuevas tecnologías llegan a escuelas rurales,https://www.radionacional.gob.pe/educacion/nuevas-tecnologias-llegan-a-escuelas-rurales#1759810585327-c81kr4lc7,"El Ministerio de Educación implementa programas de tecnología educativa en escuelas rurales, llevando internet y equipos informáticos a comunidades alejadas para mejorar la calidad educativa.",,Radio Nacional del Perú,2025-10-07T04:16:25.328Z,cmgg1fs0f0008112gsse5oyp2,Sociedad,#F97316
cmgg1sa2800iv8u890i9yaci4,Medio ambiente: Proyecto de conservación en la Amazonía peruana,https://www.radionacional.gob.pe/medio-ambiente/proyecto-de-conservacion-en-la-amazonia-peruana#1759810585328-nd3d72w4m,Se lanza un nuevo proyecto de conservación en la Amazonía peruana que busca proteger la biodiversidad y promover el desarrollo sostenible en las comunidades locales.,,Radio Nacional del Perú,2025-10-07T04:16:25.328Z,cmgg1fs0g000a112g93a1z2i9,Medio Ambiente,#22C55E
cmgg1sa2600ir8u89szrixyn2,Ministerio de Salud reporta avances en campaña de vacunación,https://www.radionacional.gob.pe/salud/ministerio-de-salud-reporta-avances-en-campana-de-vacunacion#1759810585326-an3wa4tjo,"El Ministerio de Salud informó sobre los avances en la campaña de vacunación contra diversas enfermedades, alcanzando importantes coberturas en las regiones más vulnerables del país.",,Radio Nacional del Perú,2025-10-07T04:16:25.327Z,cmgg1fs0f0007112gev7odmxo,Salud,#10B981
cmgg1sa2500ip8u896aylbesr,Cultura peruana celebra el Día Internacional de la Lengua Materna,https://www.radionacional.gob.pe/cultura/cultura-peruana-celebra-el-dia-internacional-de-la-lengua-materna#1759810585325-pxmtj21tl,"Diversas actividades culturales se realizan en todo el país para conmemorar el Día Internacional de la Lengua Materna, destacando la importancia de preservar las lenguas originarias del Perú.",,Radio Nacional del Perú,2025-10-07T04:16:25.326Z,cmgg1fs0b0000112g1dwxzwzw,Actualidad,#3B82F6
cmgg1sa2400in8u89fl535ziz,Gobierno anuncia nuevas medidas económicas para reactivar el país,https://www.radionacional.gob.pe/economia/gobierno-anuncia-nuevas-medidas-economicas-para-reactivar-el-pais#1759810585324-qjyrgjhox,"El Ministerio de Economía y Finanzas presentó un paquete de medidas destinadas a impulsar la reactivación económica del país, incluyendo incentivos fiscales y programas de apoyo a las pequeñas empresas.",,Radio Nacional del Perú,2025-10-07T04:16:25.325Z,cmgg1fs0c0002112gtz9dd9xz,Economía,#059669
cmgg1s75o00i78u890o0o6pi7,"Miguel Ángel Russo, entrenador de Boca Juniors, en grave estado de salud",https://rpp.pe/deportes/futbol/miguel-angel-russo-entrenador-de-boca-juniors-en-grave-estado-de-salud-noticia-123460#1759810581564-pycqsrb00,"El entrenador de Boca Juniors, Miguel Ángel Russo, se encuentra en grave estado de salud y fue internado en un centro médico. El club emitió un comunicado informando sobre su situación.",,RPP Noticias,2025-10-07T04:16:21.565Z,cmgg1fs0f0007112gev7odmxo,Salud,#10B981
cmgg1s75n00i38u89d6cx3ozn,Corpac reconoce que hubo 'breve interrupción' en el funcionamiento del sistema de control radar,https://rpp.pe/lima/actualidad/corpac-reconoce-que-hubo-breve-interrupcion-en-el-funcionamiento-del-sistema-de-control-radar-noticia-123458#1759810581563-32g16cujy,La Corporación Peruana de Aeropuertos y Aviación Comercial (Corpac) reconoció que hubo una breve interrupción en el funcionamiento del sistema de control radar en el aeropuerto Jorge Chávez.,,RPP Noticias,2025-10-07T04:16:21.564Z,,Sin categoría,
cmgg1s75o00i58u89v2o55aj0,Crisis sanitaria en Brasil: lo que se sabe de la intoxicación masiva por metanol,https://rpp.pe/mundo/latinoamerica/crisis-sanitaria-en-brasil-lo-que-se-sabe-de-la-intoxicacion-masiva-por-metanol-noticia-123459#1759810581564-k8f6ik9b2,Las autoridades brasileñas investigan una intoxicación masiva por metanol que ha causado muertes y la caída del consumo de alcohol en el país. Se han reportado varios casos en diferentes estados.,,RPP Noticias,2025-10-07T04:16:21.564Z,cmgg1fs0c0003112g7epw4vrz,Deportes,#F59E0B
cmgg1s75n00i18u893ifgin2x,Con caras nuevas: Selección Peruana empezó sus entrenamientos pensando en duelo ante Chile,https://rpp.pe/deportes/futbol/con-caras-nuevas-seleccion-peruana-empezo-sus-entrenamientos-pensando-en-duelo-ante-chile-noticia-123457#1759810581562-buae98epd,"Con la presencia de 20 futbolistas, la Selección Peruana empezó sus entrenamientos en La Videna FPF con miras al partido amistoso ante Chile. Felipe Chávez de Bayern Munich dijo presente.",,RPP Noticias,2025-10-07T04:16:21.563Z,cmgg1fs0c0003112g7epw4vrz,Deportes,#F59E0B
cmgg1s75m00hz8u899mks7ut8,Dirigentes transportistas acuerdan no continuar con el paro tras reunión con ministros,https://rpp.pe/politica/actualidad/dirigentes-transportistas-acuerdan-no-continuar-con-el-paro-tras-reunion-con-ministros-noticia-123456#1759810581562-x9cydt3ha,"Los representantes del sector sostuvieron una reunión con el jefe del Gabinete Ministerial, Eduardo Arana, y otros ministros en la que acordaron, entre otros puntos, la instalación de una mesa de trabajo.",,RPP Noticias,2025-10-07T04:16:21.562Z,cmgg1fs0b0001112g2lb2odtv,Política,#DC2626
cmgg1s75j00ht8u89nqdw33vc,Educación: Nuevas tecnologías llegan a escuelas rurales,https://www.radionacional.gob.pe/educacion/nuevas-tecnologias-llegan-a-escuelas-rurales#1759810581559-77wvvokba,"El Ministerio de Educación implementa programas de tecnología educativa en escuelas rurales, llevando internet y equipos informáticos a comunidades alejadas para mejorar la calidad educativa.",,Radio Nacional del Perú,2025-10-07T04:16:21.560Z,cmgg1fs0f0008112gsse5oyp2,Sociedad,#F97316
cmgg1s75k00hv8u89o5d8xbaw,Medio ambiente: Proyecto de conservación en la Amazonía peruana,https://www.radionacional.gob.pe/medio-ambiente/proyecto-de-conservacion-en-la-amazonia-peruana#1759810581560-14qgt6maj,Se lanza un nuevo proyecto de conservación en la Amazonía peruana que busca proteger la biodiversidad y promover el desarrollo sostenible en las comunidades locales.,,Radio Nacional del Perú,2025-10-07T04:16:21.560Z,cmgg1fs0g000a112g93a1z2i9,Medio Ambiente,#22C55E
cmgg1s75i00hr8u89o7fm8uqj,Ministerio de Salud reporta avances en campaña de vacunación,https://www.radionacional.gob.pe/salud/ministerio-de-salud-reporta-avances-en-campana-de-vacunacion#1759810581558-fksaf7rtp,"El Ministerio de Salud informó sobre los avances en la campaña de vacunación contra diversas enfermedades, alcanzando importantes coberturas en las regiones más vulnerables del país.",,Radio Nacional del Perú,2025-10-07T04:16:21.559Z,cmgg1fs0f0007112gev7odmxo,Salud,#10B981
cmgg1s75h00hp8u897m4t66mg,Cultura peruana celebra el Día Internacional de la Lengua Materna,https://www.radionacional.gob.pe/cultura/cultura-peruana-celebra-el-dia-internacional-de-la-lengua-materna#1759810581557-kwraw7w9e,"Diversas actividades culturales se realizan en todo el país para conmemorar el Día Internacional de la Lengua Materna, destacando la importancia de preservar las lenguas originarias del Perú.",,Radio Nacional del Perú,2025-10-07T04:16:21.558Z,cmgg1fs0b0000112g1dwxzwzw,Actualidad,#3B82F6
cmgg1s75g00hn8u89m2l08no7,Gobierno anuncia nuevas medidas económicas para reactivar el país,https://www.radionacional.gob.pe/economia/gobierno-anuncia-nuevas-medidas-economicas-para-reactivar-el-pais#1759810581556-ho38sjibf,"El Ministerio de Economía y Finanzas presentó un paquete de medidas destinadas a impulsar la reactivación económica del país, incluyendo incentivos fiscales y programas de apoyo a las pequeñas empresas.",,Radio Nacional del Perú,2025-10-07T04:16:21.557Z,cmgg1fs0c0002112gtz9dd9xz,Economía,#059669
cmgg1rqv800h38u89652h1nid,Corpac reconoce que hubo 'breve interrupción' en el funcionamiento del sistema de control radar,https://rpp.pe/lima/actualidad/corpac-reconoce-que-hubo-breve-interrupcion-en-el-funcionamiento-del-sistema-de-control-radar-noticia-123458#1759810560452-knwatjwdu,La Corporación Peruana de Aeropuertos y Aviación Comercial (Corpac) reconoció que hubo una breve interrupción en el funcionamiento del sistema de control radar en el aeropuerto Jorge Chávez.,,RPP Noticias,2025-10-07T04:16:00.453Z,,Sin categoría,
cmgg1rqv900h58u89yjrc5sjq,Crisis sanitaria en Brasil: lo que se sabe de la intoxicación masiva por metanol,https://rpp.pe/mundo/latinoamerica/crisis-sanitaria-en-brasil-lo-que-se-sabe-de-la-intoxicacion-masiva-por-metanol-noticia-123459#1759810560453-x0k621w08,Las autoridades brasileñas investigan una intoxicación masiva por metanol que ha causado muertes y la caída del consumo de alcohol en el país. Se han reportado varios casos en diferentes estados.,,RPP Noticias,2025-10-07T04:16:00.453Z,cmgg1fs0c0003112g7epw4vrz,Deportes,#F59E0B
cmgg1rqv900h78u8919oh8qe4,"Miguel Ángel Russo, entrenador de Boca Juniors, en grave estado de salud",https://rpp.pe/deportes/futbol/miguel-angel-russo-entrenador-de-boca-juniors-en-grave-estado-de-salud-noticia-123460#1759810560453-40jxrz6k7,"El entrenador de Boca Juniors, Miguel Ángel Russo, se encuentra en grave estado de salud y fue internado en un centro médico. El club emitió un comunicado informando sobre su situación.",,RPP Noticias,2025-10-07T04:16:00.453Z,cmgg1fs0f0007112gev7odmxo,Salud,#10B981
cmgg1rqv800gz8u895xmf2bg8,Dirigentes transportistas acuerdan no continuar con el paro tras reunión con ministros,https://rpp.pe/politica/actualidad/dirigentes-transportistas-acuerdan-no-continuar-con-el-paro-tras-reunion-con-ministros-noticia-123456#1759810560451-byd8smoh8,"Los representantes del sector sostuvieron una reunión con el jefe del Gabinete Ministerial, Eduardo Arana, y otros ministros en la que acordaron, entre otros puntos, la instalación de una mesa de trabajo.",,RPP Noticias,2025-10-07T04:16:00.452Z,cmgg1fs0b0001112g2lb2odtv,Política,#DC2626
cmgg1rqv800h18u8918qlkgdc,Con caras nuevas: Selección Peruana empezó sus entrenamientos pensando en duelo ante Chile,https://rpp.pe/deportes/futbol/con-caras-nuevas-seleccion-peruana-empezo-sus-entrenamientos-pensando-en-duelo-ante-chile-noticia-123457#1759810560452-zqpznte9r,"Con la presencia de 20 futbolistas, la Selección Peruana empezó sus entrenamientos en La Videna FPF con miras al partido amistoso ante Chile. Felipe Chávez de Bayern Munich dijo presente.",,RPP Noticias,2025-10-07T04:16:00.452Z,cmgg1fs0c0003112g7epw4vrz,Deportes,#F59E0B
cmgg1rqv600gt8u89lzk96mir,Educación: Nuevas tecnologías llegan a escuelas rurales,https://www.radionacional.gob.pe/educacion/nuevas-tecnologias-llegan-a-escuelas-rurales#1759810560450-g2in5qr3m,"El Ministerio de Educación implementa programas de tecnología educativa en escuelas rurales, llevando internet y equipos informáticos a comunidades alejadas para mejorar la calidad educativa.",,Radio Nacional del Perú,2025-10-07T04:16:00.451Z,cmgg1fs0f0008112gsse5oyp2,Sociedad,#F97316
cmgg1rqv600gv8u89tr096fdd,Medio ambiente: Proyecto de conservación en la Amazonía peruana,https://www.radionacional.gob.pe/medio-ambiente/proyecto-de-conservacion-en-la-amazonia-peruana#1759810560450-pgis0scb3,Se lanza un nuevo proyecto de conservación en la Amazonía peruana que busca proteger la biodiversidad y promover el desarrollo sostenible en las comunidades locales.,,Radio Nacional del Perú,2025-10-07T04:16:00.451Z,cmgg1fs0g000a112g93a1z2i9,Medio Ambiente,#22C55E
cmgg1rqv500gp8u89ytoguvga,Cultura peruana celebra el Día Internacional de la Lengua Materna,https://www.radionacional.gob.pe/cultura/cultura-peruana-celebra-el-dia-internacional-de-la-lengua-materna#1759810560449-qydbh7qdr,"Diversas actividades culturales se realizan en todo el país para conmemorar el Día Internacional de la Lengua Materna, destacando la importancia de preservar las lenguas originarias del Perú.",,Radio Nacional del Perú,2025-10-07T04:16:00.450Z,cmgg1fs0b0000112g1dwxzwzw,Actualidad,#3B82F6
cmgg1rqv600gr8u89lb2q73cl,Ministerio de Salud reporta avances en campaña de vacunación,https://www.radionacional.gob.pe/salud/ministerio-de-salud-reporta-avances-en-campana-de-vacunacion#1759810560450-bt0j4qex7,"El Ministerio de Salud informó sobre los avances en la campaña de vacunación contra diversas enfermedades, alcanzando importantes coberturas en las regiones más vulnerables del país.",,Radio Nacional del Perú,2025-10-07T04:16:00.450Z,cmgg1fs0f0007112gev7odmxo,Salud,#10B981
cmgg1rqv500gn8u89ukdg4jjw,Gobierno anuncia nuevas medidas económicas para reactivar el país,https://www.radionacional.gob.pe/economia/gobierno-anuncia-nuevas-medidas-economicas-para-reactivar-el-pais#1759810560449-jpjmhk6ho,"El Ministerio de Economía y Finanzas presentó un paquete de medidas destinadas a impulsar la reactivación económica del país, incluyendo incentivos fiscales y programas de apoyo a las pequeñas empresas.",,Radio Nacional del Perú,2025-10-07T04:16:00.449Z,cmgg1fs0c0002112gtz9dd9xz,Economía,#059669
cmgg1j1uj00g58u89933rcud9,Educación: Nuevas tecnologías llegan a escuelas rurales,https://www.radionacional.gob.pe/educacion/nuevas-tecnologias-llegan-a-escuelas-rurales#1759810154779-ib56qi5px,"El Ministerio de Educación implementa programas de tecnología educativa en escuelas rurales, llevando internet y equipos informáticos a comunidades alejadas para mejorar la calidad educativa.",,Radio Nacional del Perú,2025-10-07T04:09:14.780Z,cmgg1fs0f0008112gsse5oyp2,Sociedad,#F97316
cmgg1j1uk00g78u899uigq70l,Medio ambiente: Proyecto de conservación en la Amazonía peruana,https://www.radionacional.gob.pe/medio-ambiente/proyecto-de-conservacion-en-la-amazonia-peruana#1759810154780-f05zf28ln,Se lanza un nuevo proyecto de conservación en la Amazonía peruana que busca proteger la biodiversidad y promover el desarrollo sostenible en las comunidades locales.,,Radio Nacional del Perú,2025-10-07T04:09:14.780Z,cmgg1fs0g000a112g93a1z2i9,Medio Ambiente,#22C55E
cmgg1j1ui00g38u89hacva68f,Ministerio de Salud reporta avances en campaña de vacunación,https://www.radionacional.gob.pe/salud/ministerio-de-salud-reporta-avances-en-campana-de-vacunacion#1759810154778-v4qlylao2,"El Ministerio de Salud informó sobre los avances en la campaña de vacunación contra diversas enfermedades, alcanzando importantes coberturas en las regiones más vulnerables del país.",,Radio Nacional del Perú,2025-10-07T04:09:14.779Z,cmgg1fs0f0007112gev7odmxo,Salud,#10B981
cmgg1j1uh00fz8u8902ubrnsk,Gobierno anuncia nuevas medidas económicas para reactivar el país,https://www.radionacional.gob.pe/economia/gobierno-anuncia-nuevas-medidas-economicas-para-reactivar-el-pais#1759810154777-02tkk9ouk,"El Ministerio de Economía y Finanzas presentó un paquete de medidas destinadas a impulsar la reactivación económica del país, incluyendo incentivos fiscales y programas de apoyo a las pequeñas empresas.",,Radio Nacional del Perú,2025-10-07T04:09:14.778Z,cmgg1fs0c0002112gtz9dd9xz,Economía,#059669
cmgg1j1ui00g18u89t41d8vwi,Cultura peruana celebra el Día Internacional de la Lengua Materna,https://www.radionacional.gob.pe/cultura/cultura-peruana-celebra-el-dia-internacional-de-la-lengua-materna#1759810154778-e73pk17y4,"Diversas actividades culturales se realizan en todo el país para conmemorar el Día Internacional de la Lengua Materna, destacando la importancia de preservar las lenguas originarias del Perú.",,Radio Nacional del Perú,2025-10-07T04:09:14.778Z,cmgg1fs0b0000112g1dwxzwzw,Actualidad,#3B82F6
cmgg1j1ue00ft8u891pwys16m,Crisis sanitaria en Brasil: lo que se sabe de la intoxicación masiva por metanol,https://rpp.pe/mundo/latinoamerica/crisis-sanitaria-en-brasil-lo-que-se-sabe-de-la-intoxicacion-masiva-por-metanol-noticia-123459#1759810154774-0pbpj4gee,Las autoridades brasileñas investigan una intoxicación masiva por metanol que ha causado muertes y la caída del consumo de alcohol en el país. Se han reportado varios casos en diferentes estados.,,RPP Noticias,2025-10-07T04:09:14.775Z,cmgg1fs0c0003112g7epw4vrz,Deportes,#F59E0B
cmgg1j1uf00fv8u89tow6757r,"Miguel Ángel Russo, entrenador de Boca Juniors, en grave estado de salud",https://rpp.pe/deportes/futbol/miguel-angel-russo-entrenador-de-boca-juniors-en-grave-estado-de-salud-noticia-123460#1759810154775-7cptjr3vb,"El entrenador de Boca Juniors, Miguel Ángel Russo, se encuentra en grave estado de salud y fue internado en un centro médico. El club emitió un comunicado informando sobre su situación.",,RPP Noticias,2025-10-07T04:09:14.775Z,cmgg1fs0f0007112gev7odmxo,Salud,#10B981
cmgg1j1ud00fr8u89ldyoig3g,Corpac reconoce que hubo 'breve interrupción' en el funcionamiento del sistema de control radar,https://rpp.pe/lima/actualidad/corpac-reconoce-que-hubo-breve-interrupcion-en-el-funcionamiento-del-sistema-de-control-radar-noticia-123458#1759810154773-7cvfxxlwj,La Corporación Peruana de Aeropuertos y Aviación Comercial (Corpac) reconoció que hubo una breve interrupción en el funcionamiento del sistema de control radar en el aeropuerto Jorge Chávez.,,RPP Noticias,2025-10-07T04:09:14.774Z,,Sin categoría,
cmgg1j1ud00fp8u894846dic8,Con caras nuevas: Selección Peruana empezó sus entrenamientos pensando en duelo ante Chile,https://rpp.pe/deportes/futbol/con-caras-nuevas-seleccion-peruana-empezo-sus-entrenamientos-pensando-en-duelo-ante-chile-noticia-123457#1759810154772-mog0buv7o,"Con la presencia de 20 futbolistas, la Selección Peruana empezó sus entrenamientos en La Videna FPF con miras al partido amistoso ante Chile. Felipe Chávez de Bayern Munich dijo presente.",,RPP Noticias,2025-10-07T04:09:14.773Z,cmgg1fs0c0003112g7epw4vrz,Deportes,#F59E0B
cmgg1j1uc00fn8u89kni94n2g,Dirigentes transportistas acuerdan no continuar con el paro tras reunión con ministros,https://rpp.pe/politica/actualidad/dirigentes-transportistas-acuerdan-no-continuar-con-el-paro-tras-reunion-con-ministros-noticia-123456#1759810154771-ap0optjn5,"Los representantes del sector sostuvieron una reunión con el jefe del Gabinete Ministerial, Eduardo Arana, y otros ministros en la que acordaron, entre otros puntos, la instalación de una mesa de trabajo.",,RPP Noticias,2025-10-07T04:09:14.772Z,cmgg1fs0b0001112g2lb2odtv,Política,#DC2626
cmgg1iviq00f78u89gaxpbz9w,Medio ambiente: Proyecto de conservación en la Amazonía peruana,https://www.radionacional.gob.pe/medio-ambiente/proyecto-de-conservacion-en-la-amazonia-peruana#1759810146578-chfhrl8x7,Se lanza un nuevo proyecto de conservación en la Amazonía peruana que busca proteger la biodiversidad y promover el desarrollo sostenible en las comunidades locales.,,Radio Nacional del Perú,2025-10-07T04:09:06.579Z,cmgg1fs0g000a112g93a1z2i9,Medio Ambiente,#22C55E
cmgg1ivip00f38u89tn079qse,Ministerio de Salud reporta avances en campaña de vacunación,https://www.radionacional.gob.pe/salud/ministerio-de-salud-reporta-avances-en-campana-de-vacunacion#1759810146577-ft8rw16x0,"El Ministerio de Salud informó sobre los avances en la campaña de vacunación contra diversas enfermedades, alcanzando importantes coberturas en las regiones más vulnerables del país.",,Radio Nacional del Perú,2025-10-07T04:09:06.578Z,cmgg1fs0f0007112gev7odmxo,Salud,#10B981
cmgg1iviq00f58u890obwykwm,Educación: Nuevas tecnologías llegan a escuelas rurales,https://www.radionacional.gob.pe/educacion/nuevas-tecnologias-llegan-a-escuelas-rurales#1759810146578-78spf3x7t,"El Ministerio de Educación implementa programas de tecnología educativa en escuelas rurales, llevando internet y equipos informáticos a comunidades alejadas para mejorar la calidad educativa.",,Radio Nacional del Perú,2025-10-07T04:09:06.578Z,cmgg1fs0f0008112gsse5oyp2,Sociedad,#F97316
cmgg1ivip00ez8u89rtvgicx5,Gobierno anuncia nuevas medidas económicas para reactivar el país,https://www.radionacional.gob.pe/economia/gobierno-anuncia-nuevas-medidas-economicas-para-reactivar-el-pais#1759810146577-82sb1upmk,"El Ministerio de Economía y Finanzas presentó un paquete de medidas destinadas a impulsar la reactivación económica del país, incluyendo incentivos fiscales y programas de apoyo a las pequeñas empresas.",,Radio Nacional del Perú,2025-10-07T04:09:06.577Z,cmgg1fs0c0002112gtz9dd9xz,Economía,#059669
cmgg1ivip00f18u89juzkbnsz,Cultura peruana celebra el Día Internacional de la Lengua Materna,https://www.radionacional.gob.pe/cultura/cultura-peruana-celebra-el-dia-internacional-de-la-lengua-materna#1759810146577-9ttj2aho0,"Diversas actividades culturales se realizan en todo el país para conmemorar el Día Internacional de la Lengua Materna, destacando la importancia de preservar las lenguas originarias del Perú.",,Radio Nacional del Perú,2025-10-07T04:09:06.577Z,cmgg1fs0b0000112g1dwxzwzw,Actualidad,#3B82F6
cmgg1ivin00et8u89pibiqjwi,Crisis sanitaria en Brasil: lo que se sabe de la intoxicación masiva por metanol,https://rpp.pe/mundo/latinoamerica/crisis-sanitaria-en-brasil-lo-que-se-sabe-de-la-intoxicacion-masiva-por-metanol-noticia-123459#1759810146575-3vuf25ziu,Las autoridades brasileñas investigan una intoxicación masiva por metanol que ha causado muertes y la caída del consumo de alcohol en el país. Se han reportado varios casos en diferentes estados.,,RPP Noticias,2025-10-07T04:09:06.576Z,cmgg1fs0c0003112g7epw4vrz,Deportes,#F59E0B
cmgg1ivin00ev8u896p3bkrps,"Miguel Ángel Russo, entrenador de Boca Juniors, en grave estado de salud",https://rpp.pe/deportes/futbol/miguel-angel-russo-entrenador-de-boca-juniors-en-grave-estado-de-salud-noticia-123460#1759810146575-51y72qtya,"El entrenador de Boca Juniors, Miguel Ángel Russo, se encuentra en grave estado de salud y fue internado en un centro médico. El club emitió un comunicado informando sobre su situación.",,RPP Noticias,2025-10-07T04:09:06.576Z,cmgg1fs0f0007112gev7odmxo,Salud,#10B981
cmgg1ivim00ep8u89p7qtwzox,Con caras nuevas: Selección Peruana empezó sus entrenamientos pensando en duelo ante Chile,https://rpp.pe/deportes/futbol/con-caras-nuevas-seleccion-peruana-empezo-sus-entrenamientos-pensando-en-duelo-ante-chile-noticia-123457#1759810146574-jcb8lw49k,"Con la presencia de 20 futbolistas, la Selección Peruana empezó sus entrenamientos en La Videna FPF con miras al partido amistoso ante Chile. Felipe Chávez de Bayern Munich dijo presente.",,RPP Noticias,2025-10-07T04:09:06.575Z,cmgg1fs0c0003112g7epw4vrz,Deportes,#F59E0B
cmgg1ivin00er8u89p4aei58w,Corpac reconoce que hubo 'breve interrupción' en el funcionamiento del sistema de control radar,https://rpp.pe/lima/actualidad/corpac-reconoce-que-hubo-breve-interrupcion-en-el-funcionamiento-del-sistema-de-control-radar-noticia-123458#1759810146575-o41mwnmx0,La Corporación Peruana de Aeropuertos y Aviación Comercial (Corpac) reconoció que hubo una breve interrupción en el funcionamiento del sistema de control radar en el aeropuerto Jorge Chávez.,,RPP Noticias,2025-10-07T04:09:06.575Z,,Sin categoría,
cmgg1ivim00en8u892oicvh64,Dirigentes transportistas acuerdan no continuar con el paro tras reunión con ministros,https://rpp.pe/politica/actualidad/dirigentes-transportistas-acuerdan-no-continuar-con-el-paro-tras-reunion-con-ministros-noticia-123456#1759810146574-fp4kaq7v1,"Los representantes del sector sostuvieron una reunión con el jefe del Gabinete Ministerial, Eduardo Arana, y otros ministros en la que acordaron, entre otros puntos, la instalación de una mesa de trabajo.",,RPP Noticias,2025-10-07T04:09:06.574Z,cmgg1fs0b0001112g2lb2odtv,Política,#DC2626
cmgg1fhub00e78u89ayiyio3p,Medio ambiente: Proyecto de conservación en la Amazonía peruana,https://www.radionacional.gob.pe/medio-ambiente/proyecto-de-conservacion-en-la-amazonia-peruana#1759809988883-n0jldtkgu,Se lanza un nuevo proyecto de conservación en la Amazonía peruana que busca proteger la biodiversidad y promover el desarrollo sostenible en las comunidades locales.,,Radio Nacional del Perú,2025-10-07T04:06:28.884Z,cmgg1fs0g000a112g93a1z2i9,Medio Ambiente,#22C55E
cmgg1fhua00e38u89xsebsla0,Ministerio de Salud reporta avances en campaña de vacunación,https://www.radionacional.gob.pe/salud/ministerio-de-salud-reporta-avances-en-campana-de-vacunacion#1759809988882-weapzvau2,"El Ministerio de Salud informó sobre los avances en la campaña de vacunación contra diversas enfermedades, alcanzando importantes coberturas en las regiones más vulnerables del país.",,Radio Nacional del Perú,2025-10-07T04:06:28.883Z,cmgg1fs0f0007112gev7odmxo,Salud,#10B981
cmgg1fhub00e58u89uofq46l4,Educación: Nuevas tecnologías llegan a escuelas rurales,https://www.radionacional.gob.pe/educacion/nuevas-tecnologias-llegan-a-escuelas-rurales#1759809988883-5hsycrit1,"El Ministerio de Educación implementa programas de tecnología educativa en escuelas rurales, llevando internet y equipos informáticos a comunidades alejadas para mejorar la calidad educativa.",,Radio Nacional del Perú,2025-10-07T04:06:28.883Z,cmgg1fs0f0008112gsse5oyp2,Sociedad,#F97316
cmgg1fhu900e18u89kbgvqgeb,Cultura peruana celebra el Día Internacional de la Lengua Materna,https://www.radionacional.gob.pe/cultura/cultura-peruana-celebra-el-dia-internacional-de-la-lengua-materna#1759809988881-u7wogtcer,"Diversas actividades culturales se realizan en todo el país para conmemorar el Día Internacional de la Lengua Materna, destacando la importancia de preservar las lenguas originarias del Perú.",,Radio Nacional del Perú,2025-10-07T04:06:28.882Z,cmgg1fs0b0000112g1dwxzwzw,Actualidad,#3B82F6
cmgg1fhu800dz8u89x93js807,Gobierno anuncia nuevas medidas económicas para reactivar el país,https://www.radionacional.gob.pe/economia/gobierno-anuncia-nuevas-medidas-economicas-para-reactivar-el-pais#1759809988880-v3sahbgsi,"El Ministerio de Economía y Finanzas presentó un paquete de medidas destinadas a impulsar la reactivación económica del país, incluyendo incentivos fiscales y programas de apoyo a las pequeñas empresas.",,Radio Nacional del Perú,2025-10-07T04:06:28.881Z,cmgg1fs0c0002112gtz9dd9xz,Economía,#059669
cmgg1fhu600dv8u89sezb0yra,"Miguel Ángel Russo, entrenador de Boca Juniors, en grave estado de salud",https://rpp.pe/deportes/futbol/miguel-angel-russo-entrenador-de-boca-juniors-en-grave-estado-de-salud-noticia-123460#1759809988877-8u3okf5jc,"El entrenador de Boca Juniors, Miguel Ángel Russo, se encuentra en grave estado de salud y fue internado en un centro médico. El club emitió un comunicado informando sobre su situación.",,RPP Noticias,2025-10-07T04:06:28.878Z,cmgg1fs0f0007112gev7odmxo,Salud,#10B981
cmgg1fhu500dt8u89n7ik00xs,Crisis sanitaria en Brasil: lo que se sabe de la intoxicación masiva por metanol,https://rpp.pe/mundo/latinoamerica/crisis-sanitaria-en-brasil-lo-que-se-sabe-de-la-intoxicacion-masiva-por-metanol-noticia-123459#1759809988877-ntupdwayb,Las autoridades brasileñas investigan una intoxicación masiva por metanol que ha causado muertes y la caída del consumo de alcohol en el país. Se han reportado varios casos en diferentes estados.,,RPP Noticias,2025-10-07T04:06:28.877Z,cmgg1fs0c0003112g7epw4vrz,Deportes,#F59E0B
cmgg1fhu400dr8u89sagp1eko,Corpac reconoce que hubo 'breve interrupción' en el funcionamiento del sistema de control radar,https://rpp.pe/lima/actualidad/corpac-reconoce-que-hubo-breve-interrupcion-en-el-funcionamiento-del-sistema-de-control-radar-noticia-123458#1759809988876-ejdm7rlts,La Corporación Peruana de Aeropuertos y Aviación Comercial (Corpac) reconoció que hubo una breve interrupción en el funcionamiento del sistema de control radar en el aeropuerto Jorge Chávez.,,RPP Noticias,2025-10-07T04:06:28.876Z,,Sin categoría,
cmgg1fhu300dp8u89mq5kfxi8,Con caras nuevas: Selección Peruana empezó sus entrenamientos pensando en duelo ante Chile,https://rpp.pe/deportes/futbol/con-caras-nuevas-seleccion-peruana-empezo-sus-entrenamientos-pensando-en-duelo-ante-chile-noticia-123457#1759809988875-zt7x1oe1r,"Con la presencia de 20 futbolistas, la Selección Peruana empezó sus entrenamientos en La Videna FPF con miras al partido amistoso ante Chile. Felipe Chávez de Bayern Munich dijo presente.",,RPP Noticias,2025-10-07T04:06:28.875Z,cmgg1fs0c0003112g7epw4vrz,Deportes,#F59E0B
cmgg1fhu200dn8u89vtnmnm6p,Dirigentes transportistas acuerdan no continuar con el paro tras reunión con ministros,https://rpp.pe/politica/actualidad/dirigentes-transportistas-acuerdan-no-continuar-con-el-paro-tras-reunion-con-ministros-noticia-123456#1759809988873-hlrh2inih,"Los representantes del sector sostuvieron una reunión con el jefe del Gabinete Ministerial, Eduardo Arana, y otros ministros en la que acordaron, entre otros puntos, la instalación de una mesa de trabajo.",,RPP Noticias,2025-10-07T04:06:28.874Z,cmgg1fs0b0001112g2lb2odtv,Política,#DC2626
cmgg1f5tn00d58u89sgcwgvvf,Educación: Nuevas tecnologías llegan a escuelas rurales,https://www.radionacional.gob.pe/educacion/nuevas-tecnologias-llegan-a-escuelas-rurales#1759809973307-j80ms3vsf,"El Ministerio de Educación implementa programas de tecnología educativa en escuelas rurales, llevando internet y equipos informáticos a comunidades alejadas para mejorar la calidad educativa.",,Radio Nacional del Perú,2025-10-07T04:06:13.308Z,cmgg1fs0f0008112gsse5oyp2,Sociedad,#F97316
cmgg1f5to00d78u8972fq25gu,Medio ambiente: Proyecto de conservación en la Amazonía peruana,https://www.radionacional.gob.pe/medio-ambiente/proyecto-de-conservacion-en-la-amazonia-peruana#1759809973308-q6ux7eurw,Se lanza un nuevo proyecto de conservación en la Amazonía peruana que busca proteger la biodiversidad y promover el desarrollo sostenible en las comunidades locales.,,Radio Nacional del Perú,2025-10-07T04:06:13.308Z,cmgg1fs0g000a112g93a1z2i9,Medio Ambiente,#22C55E
cmgg1f5tm00d18u8947lca9wr,Cultura peruana celebra el Día Internacional de la Lengua Materna,https://www.radionacional.gob.pe/cultura/cultura-peruana-celebra-el-dia-internacional-de-la-lengua-materna#1759809973306-ja3peii6z,"Diversas actividades culturales se realizan en todo el país para conmemorar el Día Internacional de la Lengua Materna, destacando la importancia de preservar las lenguas originarias del Perú.",,Radio Nacional del Perú,2025-10-07T04:06:13.307Z,cmgg1fs0b0000112g1dwxzwzw,Actualidad,#3B82F6
cmgg1f5tn00d38u899u2ar5mb,Ministerio de Salud reporta avances en campaña de vacunación,https://www.radionacional.gob.pe/salud/ministerio-de-salud-reporta-avances-en-campana-de-vacunacion#1759809973307-6svyxw3im,"El Ministerio de Salud informó sobre los avances en la campaña de vacunación contra diversas enfermedades, alcanzando importantes coberturas en las regiones más vulnerables del país.",,Radio Nacional del Perú,2025-10-07T04:06:13.307Z,cmgg1fs0f0007112gev7odmxo,Salud,#10B981
cmgg1f5tl00cz8u892zx8puk5,Gobierno anuncia nuevas medidas económicas para reactivar el país,https://www.radionacional.gob.pe/economia/gobierno-anuncia-nuevas-medidas-economicas-para-reactivar-el-pais#1759809973305-bew4grkbb,"El Ministerio de Economía y Finanzas presentó un paquete de medidas destinadas a impulsar la reactivación económica del país, incluyendo incentivos fiscales y programas de apoyo a las pequeñas empresas.",,Radio Nacional del Perú,2025-10-07T04:06:13.306Z,cmgg1fs0c0002112gtz9dd9xz,Economía,#059669
cmgg1f5tj00cv8u89ehjal0f4,"Miguel Ángel Russo, entrenador de Boca Juniors, en grave estado de salud",https://rpp.pe/deportes/futbol/miguel-angel-russo-entrenador-de-boca-juniors-en-grave-estado-de-salud-noticia-123460#1759809973303-s8rqbjuj8,"El entrenador de Boca Juniors, Miguel Ángel Russo, se encuentra en grave estado de salud y fue internado en un centro médico. El club emitió un comunicado informando sobre su situación.",,RPP Noticias,2025-10-07T04:06:13.304Z,cmgg1fs0f0007112gev7odmxo,Salud,#10B981
cmgg1f5ti00ct8u890lkmtec6,Crisis sanitaria en Brasil: lo que se sabe de la intoxicación masiva por metanol,https://rpp.pe/mundo/latinoamerica/crisis-sanitaria-en-brasil-lo-que-se-sabe-de-la-intoxicacion-masiva-por-metanol-noticia-123459#1759809973301-uq9hd9mf7,Las autoridades brasileñas investigan una intoxicación masiva por metanol que ha causado muertes y la caída del consumo de alcohol en el país. Se han reportado varios casos en diferentes estados.,,RPP Noticias,2025-10-07T04:06:13.302Z,cmgg1fs0c0003112g7epw4vrz,Deportes,#F59E0B
cmgg1f5tg00cr8u89jtlkao2v,Corpac reconoce que hubo 'breve interrupción' en el funcionamiento del sistema de control radar,https://rpp.pe/lima/actualidad/corpac-reconoce-que-hubo-breve-interrupcion-en-el-funcionamiento-del-sistema-de-control-radar-noticia-123458#1759809973299-gp2wb7z83,La Corporación Peruana de Aeropuertos y Aviación Comercial (Corpac) reconoció que hubo una breve interrupción en el funcionamiento del sistema de control radar en el aeropuerto Jorge Chávez.,,RPP Noticias,2025-10-07T04:06:13.300Z,,Sin categoría,
cmgg1f5te00cp8u8971ivw2k8,Con caras nuevas: Selección Peruana empezó sus entrenamientos pensando en duelo ante Chile,https://rpp.pe/deportes/futbol/con-caras-nuevas-seleccion-peruana-empezo-sus-entrenamientos-pensando-en-duelo-ante-chile-noticia-123457#1759809973298-4x77jogri,"Con la presencia de 20 futbolistas, la Selección Peruana empezó sus entrenamientos en La Videna FPF con miras al partido amistoso ante Chile. Felipe Chávez de Bayern Munich dijo presente.",,RPP Noticias,2025-10-07T04:06:13.299Z,cmgg1fs0c0003112g7epw4vrz,Deportes,#F59E0B
cmgg1f5tc00cn8u8911xar32w,Dirigentes transportistas acuerdan no continuar con el paro tras reunión con ministros,https://rpp.pe/politica/actualidad/dirigentes-transportistas-acuerdan-no-continuar-con-el-paro-tras-reunion-con-ministros-noticia-123456#1759809973296-681s7jrf7,"Los representantes del sector sostuvieron una reunión con el jefe del Gabinete Ministerial, Eduardo Arana, y otros ministros en la que acordaron, entre otros puntos, la instalación de una mesa de trabajo.",,RPP Noticias,2025-10-07T04:06:13.297Z,cmgg1fs0b0001112g2lb2odtv,Política,#DC2626